Displacement,FX,FY,FZ,MX,MY,MZ,L,EA
0.0628,0.0,-126.94834,1.90734863e-06,0.00420652825,-243122.85,0.000190739171,2205.43570977,4458222.967070434
