Displacement,FX,FY,FZ,MX,MY,MZ,L,EA
0.0628,3.81469727e-06,0.952447727,0.0,0.000338636467,-9889.41202,-0.00954903479,2451.96905785,37187.45789527968
