Displacement,FX,FY,FZ,MX,MY,MZ,L,EA
15.0,1.69277191e-05,58600.8153,4.33064997e-08,0.000113881339,509986.493,-0.0431161835,2644.70481904,10332123.908238864
