Displacement,FX,FY,FZ,MX,MY,MZ,L,EA
15.0,7.54371285e-07,1484.30686,1.01164915e-06,0.00653806373,7707.52322,-0.003854166,5103.04017724,504965.1694621965
