Displacement,FX,FY,FZ,MX,MY,MZ,L,EA
15.0,1.34110451e-07,7986.75754,-4.23227903e-07,-0.00583251387,50716.6483,0.000271921395,3960.73885706,2108897.3953729956
