Displacement,FX,FY,FZ,MX,MY,MZ,L,EA
0.0628,0.0,-85.2342645,0.0,0.000156477812,-151718.762,-6.19182829e-05,2424.31275078,3290358.506858362
