Displacement,FX,FY,FZ,MX,MY,MZ,L,EA
15.0,9.84873623e-07,-7975.87452,-2.04017852e-07,-0.00699689762,-32549.0281,-0.00206917175,5103.04017724,2713413.8749456536
