Displacement,FX,FY,FZ,MX,MY,MZ,L,EA
0.0628,0.0,8.91754159,1.90734863e-06,0.00519036012,-73893.2698,0.000276574749,2470.08799494,350750.19786364905
