Displacement,FX,FY,FZ,MX,MY,MZ,L,EA
0.0628,0.0,-56.4538653,0.0,1.46874299e-08,-173166.435,-8.73114914e-09,2183.38135267,1962743.8978051587
