Displacement,FX,FY,FZ,MX,MY,MZ,L,EA
15.0,3.87430191e-06,2755.3221,-4.1128369e-06,-0.0177199832,16206.0951,-0.0165079412,4312.80453324,792211.0428944236
