Displacement,FX,FY,FZ,MX,MY,MZ,L,EA
15.0,-7.4505806e-07,-517592.152,3.87430191e-07,0.00202898774,-5024095.14,-0.000926790759,2010.17283121,69363312.10652778
