Displacement,FX,FY,FZ,MX,MY,MZ,L,EA
15.0,2.31200829e-07,-158941.798,2.36369669e-06,0.00653833151,-1389341.14,-0.000121820718,2643.0935172,28006535.727060795
