Displacement,FX,FY,FZ,MX,MY,MZ,L,EA
15.0,-1.99861825e-06,12663.282,5.3702388e-07,0.0017254868,86191.9363,0.00696940994,3740.69780945,3157967.4158565076
