Displacement,FX,FY,FZ,MX,MY,MZ,L,EA
15.0,2.39163637e-06,-376620.045,-7.16955401e-06,-0.0146837579,-3129131.95,-0.00438282453,2120.62188787,53244580.72250562
