Displacement,FX,FY,FZ,MX,MY,MZ,L,EA
15.0,-1.93715096e-07,-52963.0683,-3.35276127e-08,-0.000176285568,-280023.915,0.000944278436,3303.8668965,11665528.53956257
