Displacement,FX,FY,FZ,MX,MY,MZ,L,EA
0.0628,0.0,4.08173145,0.0,7.20545358e-06,-14279.5943,0.000333204371,3085.48895554,200543.5877142559
