Displacement,FX,FY,FZ,MX,MY,MZ,L,EA
0.0628,-8.94069672e-08,-2.93374848,0.0,8.10648252e-05,-4368.87537,-7.05854254e-05,4072.60437529,190254.7276377132
