Displacement,FX,FY,FZ,MX,MY,MZ,L,EA
0.0628,-2.64495611e-07,-0.497385088,2.08616257e-07,0.00161170399,-118.979632,0.0022006663,8004.12480692,63393.8267747275
