Displacement,FX,FY,FZ,MX,MY,MZ,L,EA
0.0628,0.0,14.6898428,0.0,-7.97990651e-09,-43384.4446,-2.85217538e-09,2646.52285172,619060.5837320782
