Displacement,FX,FY,FZ,MX,MY,MZ,L,EA
15.0,0.0486780744,7.06641003e-08,-5.13950363e-06,-0.0816096702,-0.0898491643,0.00973598798,9497.33829964,30.820809356789695
