Displacement,FX,FY,FZ,MX,MY,MZ,L,EA
0.0628,2.38418579e-07,-2.53330502,1.1920929e-07,0.000245928669,-1639.37068,-0.00142696128,2825.11700218,113963.1064285023
