Displacement,FX,FY,FZ,MX,MY,MZ,L,EA
0.0628,4.76837158e-07,0.642106605,-4.76837158e-07,-0.00162930267,-6432.75563,-0.000300300613,2714.76086928,27757.418553506843
