Displacement,FX,FY,FZ,MX,MY,MZ,L,EA
0.0628,-8.34465027e-07,-1.5636596,-2.98023224e-07,-0.000920388144,-1021.37143,0.00242570392,3087.60999367,76878.5192302235
