Displacement,FX,FY,FZ,MX,MY,MZ,L,EA
0.0628,0.0,11.3780625,7.62939453e-06,0.0156898023,-261527.18,-0.000495890854,1943.90339722,352195.1329224759
