Displacement,FX,FY,FZ,MX,MY,MZ,L,EA
15.0,1.11758709e-08,342.66912,-4.49537765e-07,-0.00298798943,1484.88294,-0.000535881361,6508.84874408,148692.09808979993
