Displacement,FX,FY,FZ,MX,MY,MZ,L,EA
15.0,1047.10885,0.000180244446,0.0940093994,-466.228072,-1542.3223,973.486848,1986.41039215,138665.86009014904
