Displacement,FX,FY,FZ,MX,MY,MZ,L,EA
15.0,1.23865902e-06,-74581.3244,-9.73814167e-07,-0.00304798514,-467687.9,-0.00347254612,3083.6091034,15331976.724231238
