Displacement,FX,FY,FZ,MX,MY,MZ,L,EA
15.0,2.66823918e-07,-127392.315,3.91155481e-08,0.000877234328,-1017028.21,-0.00119177718,2775.24819306,23569686.134232026
