Displacement,FX,FY,FZ,MX,MY,MZ,L,EA
0.0628,0.0,-1.06718442,-1.90734863e-06,-0.00672172855,-8207.69834,-1.63563527e-08,3524.1246896,59886.798771949936
