Displacement,FX,FY,FZ,MX,MY,MZ,L,EA
15.0,-3.69455665e-06,4262.11844,-1.81607902e-08,0.000124799366,25188.5078,0.0160419659,4399.17256659,1249986.301120358
