Displacement,FX,FY,FZ,MX,MY,MZ,L,EA
15.0,8.7665733,7.65174627e-06,0.00030580163,-8.01809684,-14.2563325,3.67902743,4312.80453324,2520.567804614716
