Displacement,FX,FY,FZ,MX,MY,MZ,L,EA
15.0,-3.27825546e-07,7043.77181,4.06149775e-06,0.014712207,46417.3653,0.00129333173,3698.36505431,1736695.9675091929
