Displacement,FX,FY,FZ,MX,MY,MZ,L,EA
0.0628,0.0,-225.611023,0.0,1.13650458e-08,-547780.046,6.58910722e-08,1767.18490656,6348668.7038082965
