Displacement,FX,FY,FZ,MX,MY,MZ,L,EA
15.0,-9.67294909e-07,-1648.17438,1.28056854e-09,-0.000117663616,-4587.84909,0.00661983811,6926.64646752,761088.0831389311
