Displacement,FX,FY,FZ,MX,MY,MZ,L,EA
0.0628,6.91972673e-07,-2.41897224,-1.43051147e-06,-0.00760422007,-2789.00036,-0.00335978224,5388.98639407,207576.5682960674
