Displacement,FX,FY,FZ,MX,MY,MZ,L,EA
15.0,5.36441803e-07,102134.657,-1.0766089e-06,-0.00247887621,948747.911,-0.00123515073,2317.47879085,15779660.093882633
