Displacement,FX,FY,FZ,MX,MY,MZ,L,EA
15.0,74.3310671,0.000247590244,0.00132358074,-56.2704026,-13.1050567,42.1238587,3085.48895554,15289.84577270351
