Displacement,FX,FY,FZ,MX,MY,MZ,L,EA
0.0628,0.0,16.8802829,1.90734863e-06,0.00455036412,-25536.5156,1.43481884e-08,2385.69962386,641262.493076121
