Displacement,FX,FY,FZ,MX,MY,MZ,L,EA
15.0,1.86264515e-09,-295132.607,1.45053491e-07,0.000334893819,-2701387.9,-0.000303115696,2293.65313816,45128788.68125947
