Displacement,FX,FY,FZ,MX,MY,MZ,L,EA
0.0628,0.0,-28.9764434,4.76837158e-07,0.00163437008,-48116.7904,-9.56541335e-05,3081.9708786,1422047.0497484265
