Displacement,FX,FY,FZ,MX,MY,MZ,L,EA
0.0628,0.0,-12.0346675,-3.05175781e-05,-0.0699967517,-116811.42,-0.00198364764,2293.65313816,439543.83563833055
