Displacement,FX,FY,FZ,MX,MY,MZ,L,EA
0.0628,-3.7252903e-07,-1.14924911,1.78813934e-07,0.000401043264,-722.423813,0.00158354276,4358.78738544,79766.44145535267
