Displacement,FX,FY,FZ,MX,MY,MZ,L,EA
0.0628,0.0,21.5695945,0.0,-1.54250301e-08,-112235.734,-2.61934474e-08,2317.47879085,795972.5761303315
