Displacement,FX,FY,FZ,MX,MY,MZ,L,EA
0.0628,-3.93949449e-07,-0.787061892,-5.96046448e-08,-0.000336468792,-134.963257,0.00264382482,6466.78367288,81047.11771865672
