Displacement,FX,FY,FZ,MX,MY,MZ,L,EA
15.0,-2.03214586e-06,-874033.086,-1.71246938e-07,-0.000308920164,-10933077.8,0.00366755202,1789.27471789,104259020.2252784
