Displacement,FX,FY,FZ,MX,MY,MZ,L,EA
0.0628,-2.27242708e-07,-1.61161466,1.1920929e-07,0.000847668358,-854.936789,0.00115515841,5828.90365073,149585.13654847117
