Displacement,FX,FY,FZ,MX,MY,MZ,L,EA
15.0,-2.44716648e-06,674.825861,9.98210453e-07,0.00481043442,3713.85384,0.00837164888,4730.88252371,212834.7914901636
