Displacement,FX,FY,FZ,MX,MY,MZ,L,EA
0.0628,0.0,38.4545829,0.0,0.000265376133,-53465.963,0.000333287113,2319.43018986,1420266.250266467
