Displacement,FX,FY,FZ,MX,MY,MZ,L,EA
15.0,98.2342267,0.000140316784,-0.504557133,-90.4158468,266.182228,59.2686587,2714.76086928,17778.828977942703
