Displacement,FX,FY,FZ,MX,MY,MZ,L,EA
0.0628,7.62939453e-06,-52.5924953,4.76837158e-06,0.0127684289,-89397.504,-0.0200698518,2643.0935172,2213485.4041528897
