Displacement,FX,FY,FZ,MX,MY,MZ,L,EA
15.0,6.70552254e-08,-250052.528,2.81521352e-07,0.000154773239,-1660798.26,0.000402559526,2319.43018986,38665292.16626753
