Displacement,FX,FY,FZ,MX,MY,MZ,L,EA
15.0,7.4505806e-09,-161427.461,7.0182432e-07,0.00155823608,-874461.756,0.000692408532,2385.69962386,25674495.532558322
