Displacement,FX,FY,FZ,MX,MY,MZ,L,EA
15.0,775.332721,0.000222206116,0.169979095,-373.340689,-1101.63449,661.788757,2118.83775163,109520.28262192068
