Displacement,FX,FY,FZ,MX,MY,MZ,L,EA
15.0,-2.90572643e-07,-452614.772,-1.76788308e-06,-0.00536360871,-4492975.56,0.00138172507,2118.83775163,63934484.390600346
