Displacement,FX,FY,FZ,MX,MY,MZ,L,EA
0.0628,0.0,58.6521815,0.0,2.83325789e-08,-168496.226,-6.98491931e-10,2010.17283121,1877404.8048168437
