Displacement,FX,FY,FZ,MX,MY,MZ,L,EA
0.0628,0.0,-71.9979861,0.0,7.42511475e-08,-389143.525,-9.61590558e-08,1789.27471789,2051340.3864287524
