Displacement,FX,FY,FZ,MX,MY,MZ,L,EA
15.0,-4.45172191e-07,-376108.045,5.15952706e-07,0.000605684705,-3834109.27,0.00128385425,2183.38135267,54745819.469477944
