Displacement,FX,FY,FZ,MX,MY,MZ,L,EA
15.0,7.5250864e-06,8544.43992,8.16769898e-07,0.00247701784,61098.674,-0.0245074106,3303.8668965,1881979.4800547408
