Displacement,FX,FY,FZ,MX,MY,MZ,L,EA
15.0,175.05636,0.000177294016,-0.919374466,-156.276028,463.445093,116.156226,2451.96905785,28615.51853999003
