Displacement,FX,FY,FZ,MX,MY,MZ,L,EA
15.0,-9.4412826e-08,-35340.6841,1.53973233e-05,0.0578758711,-217570.501,-0.00104143401,3740.69780945,8813254.639822297
