Displacement,FX,FY,FZ,MX,MY,MZ,L,EA
15.0,0.398757866,6.6542998e-07,-2.63843685e-05,-0.521608402,-0.646975592,0.106336323,6926.64646752,184.1369842616476
