Displacement,FX,FY,FZ,MX,MY,MZ,L,EA
15.0,0.555185861,4.56115231e-07,-4.99468297e-05,-0.714651894,-1.08527608,0.159425056,6508.84874408,240.9080529400549
