Displacement,FX,FY,FZ,MX,MY,MZ,L,EA
15.0,-7.4505806e-09,49725.488,-1.05891377e-06,-0.0023942882,429882.535,0.000936092343,2775.24819306,9200038.048068447
