Displacement,FX,FY,FZ,MX,MY,MZ,L,EA
0.0628,0.0,2.09675993,-2.38418579e-07,-0.000756656184,-6651.262,0.000181202864,3173.64578284,105961.35843108909
