Displacement,FX,FY,FZ,MX,MY,MZ,L,EA
15.0,5.67684961,7.82310963e-07,-0.000783354044,-5.85492939,-11.5962695,2.47182531,4399.17256659,1664.8960712646092
