Displacement,FX,FY,FZ,MX,MY,MZ,L,EA
15.0,-5.16884029e-08,-22134.2478,1.99535862e-07,0.00033897454,-113913.179,0.000736953807,4048.75527611,5974410.1708650775
