Displacement,FX,FY,FZ,MX,MY,MZ,L,EA
15.0,-1.50501728e-05,13637.8117,1.53286383e-05,0.0420279777,73220.004,0.0412644836,2756.79463721,2506443.0771893198
