Displacement,FX,FY,FZ,MX,MY,MZ,L,EA
15.0,-1.71363354e-07,76170.3354,1.75088644e-07,0.000582216831,706935.349,0.000450355466,2643.0935172,13421687.979912644
