Displacement,FX,FY,FZ,MX,MY,MZ,L,EA
0.0628,0.0,-47.9473942,0.0,2.37481773e-05,-106257.084,4.11492656e-05,2578.58719856,1968734.6638285033
