Displacement,FX,FY,FZ,MX,MY,MZ,L,EA
15.0,8.7893568e-09,-13627.1425,-1.6624108e-07,0.00470321268,-71291.2772,-0.00301080453,4399.17256659,3996543.4298008448
