Displacement,FX,FY,FZ,MX,MY,MZ,L,EA
0.0628,-1.49011612e-06,-4.94993781,-1.1920929e-07,-0.000514129495,-6838.9401,0.00642657847,4312.80453324,339938.12462140253
