Displacement,FX,FY,FZ,MX,MY,MZ,L,EA
15.0,27.1969631,6.56731427e-05,-0.129211903,-28.3642781,76.8784529,13.6259675,3305.88102379,5993.994947800457
