Displacement,FX,FY,FZ,MX,MY,MZ,L,EA
15.0,-9.53674316e-07,25169.4838,-1.86264515e-09,-6.55287004e-05,160253.995,0.00153811835,2427.83492374,4073823.4521432114
