Displacement,FX,FY,FZ,MX,MY,MZ,L,EA
15.0,323.405426,2.31266022e-05,-0.0154700279,-161.648719,-547.617491,252.290655,2424.31275078,52269.059861549176
