Displacement,FX,FY,FZ,MX,MY,MZ,L,EA
15.0,0.0902625945,3.91155481e-08,-1.42118661e-05,-0.163203778,-0.188779657,0.0211692954,8354.14017098,50.27109110995522
