Displacement,FX,FY,FZ,MX,MY,MZ,L,EA
15.0,-2.16066837e-06,114024.077,9.03382897e-07,0.00205849565,1120594.75,0.00362641178,2293.65313816,17435445.469123166
