Displacement,FX,FY,FZ,MX,MY,MZ,L,EA
15.0,2.18288279,2.5164336e-06,-4.69833612e-05,-2.29848822,-3.6196231,0.739902489,5388.98639407,784.2350436773039
