Displacement,FX,FY,FZ,MX,MY,MZ,L,EA
0.0628,-8.37258995e-07,-3.53441499,1.54972076e-06,0.0071889594,-4007.65072,0.00355804459,4488.83737133,252633.98237103422
