Displacement,FX,FY,FZ,MX,MY,MZ,L,EA
15.0,2.96580976,1.73295848e-06,-0.000163337216,-3.00974008,-5.82075391,1.07608844,5103.04017724,1008.9764242220348
