Displacement,FX,FY,FZ,MX,MY,MZ,L,EA
15.0,-8.94069672e-08,-156537.737,-3.5262201e-07,-0.000415437506,-1036678.49,0.000418205746,2646.52285172,27618713.208469022
