Displacement,FX,FY,FZ,MX,MY,MZ,L,EA
15.0,1.80443749e-09,-2946.29123,-1.95796781e-06,-0.0120958197,-10601.8199,-0.000142744131,6135.02972838,1205038.9523010184
