Displacement,FX,FY,FZ,MX,MY,MZ,L,EA
15.0,-7.72997737e-08,-97129.1531,-1.97906047e-07,-0.000595797668,-677439.692,0.000232719816,2995.50598616,19396730.636113405
