Displacement,FX,FY,FZ,MX,MY,MZ,L,EA
0.0628,0.0,-4.71221955,0.0,1.42572389e-08,-178037.698,-1.21071935e-08,2118.83775163,158987.71777880468
