Displacement,FX,FY,FZ,MX,MY,MZ,L,EA
15.0,1908.3713,0.000299453735,0.218940735,-779.711842,-2582.44246,1968.10377,1789.27471789,227640.03462912483
