Displacement,FX,FY,FZ,MX,MY,MZ,L,EA
15.0,1.1571683e-07,-62192.6673,6.37955964e-08,-0.000167253136,-408227.378,-0.000162603566,3368.15388875,13964964.947881998
