Displacement,FX,FY,FZ,MX,MY,MZ,L,EA
15.0,-9.63918865e-08,-12673.3188,2.08237907e-07,0.00138354882,-33890.5593,0.000325883288,3766.40826202,3182192.842368893
