Displacement,FX,FY,FZ,MX,MY,MZ,L,EA
15.0,151.223241,0.000445067883,0.0104072094,-105.996242,-28.6013622,95.5089844,2756.79463721,27792.761320687696
