Displacement,FX,FY,FZ,MX,MY,MZ,L,EA
15.0,2.19559297e-07,42.4410043,6.65604603e-08,0.000368769143,138.293732,-0.00212040785,9497.33829964,26871.77170757173
