Displacement,FX,FY,FZ,MX,MY,MZ,L,EA
15.0,1.78813934e-07,-69796.0814,5.97792678e-08,0.000160019554,-318499.009,-0.000226606848,2822.9577085,13135425.734081564
