Displacement,FX,FY,FZ,MX,MY,MZ,L,EA
15.0,-3.86033207e-07,-273780.215,-2.98954546e-07,-0.00050899887,-2612768.32,0.000814510509,2424.31275078,44248591.07571933
