Displacement,FX,FY,FZ,MX,MY,MZ,L,EA
0.0628,-5.81145287e-07,-2.61996124,-1.1920929e-07,-0.000760652149,-2103.88205,0.00308317274,4730.88252371,197368.29368015256
