Displacement,FX,FY,FZ,MX,MY,MZ,L,EA
15.0,-1.46403909e-06,1454.17615,1.94791937e-07,0.000575946086,8298.26566,0.0060499089,4488.83737133,435170.6831077853
