Displacement,FX,FY,FZ,MX,MY,MZ,L,EA
15.0,-1.63912773e-07,-670012.705,-8.18748958e-07,-3.45949084e-05,-7266369.75,0.0100952946,1943.90339722,86829331.5620041
