Displacement,FX,FY,FZ,MX,MY,MZ,L,EA
15.0,-4.84287739e-07,12507.4687,7.03148544e-08,0.000527419987,85962.273,0.0018606442,3522.25243268,2936964.137016264
