Displacement,FX,FY,FZ,MX,MY,MZ,L,EA
15.0,19.4454672,2.2649765e-06,-0.00211393833,-15.5773205,-38.5342658,9.91501954,3740.69780945,4849.307770584788
