Displacement,FX,FY,FZ,MX,MY,MZ,L,EA
15.0,2.40164809e-07,-26617.6493,8.24220479e-08,0.000438675546,-66308.535,-0.000507650984,2825.11700218,5013198.2396996375
