Displacement,FX,FY,FZ,MX,MY,MZ,L,EA
15.0,25.3636267,1.50799751e-05,0.00240437686,-19.7520433,-39.7074986,12.3440575,3698.36505431,6253.596709189605
