Displacement,FX,FY,FZ,MX,MY,MZ,L,EA
15.0,-5.49480319e-08,-11864.1548,-7.3807314e-08,0.00242505844,-46059.7118,-0.00143146608,4488.83737133,3550417.4296989464
