Displacement,FX,FY,FZ,MX,MY,MZ,L,EA
15.0,1193.16737,0.000153541565,-0.0106697083,-456.618283,-1788.45226,1134.52285,1986.41039215,158008.00422281894
