Displacement,FX,FY,FZ,MX,MY,MZ,L,EA
15.0,6.31669536e-07,188.3976,1.38534233e-08,0.000206030872,780.439382,-0.00446762165,6926.64646752,86997.5713686164
