Displacement,FX,FY,FZ,MX,MY,MZ,L,EA
0.0628,-2.70083547e-08,-0.783480316,0.0,6.70387939e-05,-895.726217,6.05036894e-05,6926.64646752,86415.46438205182
