Displacement,FX,FY,FZ,MX,MY,MZ,L,EA
15.0,2.84053385e-08,-95363.5997,-2.85450369e-06,-0.00892646459,-573612.866,-6.33518212e-05,2909.17530094,18495295.257064614
