Displacement,FX,FY,FZ,MX,MY,MZ,L,EA
0.0628,-1.90734863e-06,-13.2257156,0.0,8.25795987e-05,-23148.4866,0.00708713396,3740.69780945,787793.0791931321
