Displacement,FX,FY,FZ,MX,MY,MZ,L,EA
15.0,2.31841113e-07,-370.722745,3.29062459e-07,0.0035116606,-814.399709,-0.00203783968,9497.33829964,234725.2883090782
