Displacement,FX,FY,FZ,MX,MY,MZ,L,EA
0.0628,0.0,12.5839824,0.0,-0.000289072854,-23302.219,0.000166892743,2756.79463721,552411.7069277872
