Displacement,FX,FY,FZ,MX,MY,MZ,L,EA
0.0628,0.0,-19.3408784,-4.76837158e-07,-0.00141610149,-33394.0179,4.16184776e-09,3368.15388875,1037309.7897261288
