Displacement,FX,FY,FZ,MX,MY,MZ,L,EA
0.0628,9.53674316e-07,-9.61679079,1.43051147e-06,0.00557089966,-16159.6026,-0.00405143379,3960.73885706,606522.2446205373
