Displacement,FX,FY,FZ,MX,MY,MZ,L,EA
15.0,48.9425809,6.67273998e-05,0.00925981998,-37.4250785,-48.019425,26.2066895,3303.8668965,10779.984857652213
