Displacement,FX,FY,FZ,MX,MY,MZ,L,EA
15.0,-0.000244598836,424632.398,3.22237611e-07,0.000635263044,5142203.03,0.482204664,1986.41039215,56232947.21538499
