Displacement,FX,FY,FZ,MX,MY,MZ,L,EA
15.0,0.0,62654.0347,-8.66129994e-07,-0.00212642626,558423.442,-1.16415322e-09,2470.08799494,10317398.596468277
