Displacement,FX,FY,FZ,MX,MY,MZ,L,EA
15.0,8.38583864,0.000178518705,-0.00766450167,-8.69044507,10.6794742,3.50088335,4226.70291922,2362.9632439863913
