Displacement,FX,FY,FZ,MX,MY,MZ,L,EA
15.0,2.52621248e-08,-784.919282,-2.15273758e-07,-0.00169965627,-1557.42504,-0.000493290776,7696.2738528,402730.2497743433
