Displacement,FX,FY,FZ,MX,MY,MZ,L,EA
15.0,1.27445674e-07,-3806.15359,7.94534571e-09,8.42589288e-05,-15322.322,-0.000466479512,5717.23200494,1450710.874697685
