Displacement,FX,FY,FZ,MX,MY,MZ,L,EA
0.0628,-1.1920929e-07,-0.886780567,1.1920929e-07,0.000309618477,-1383.27732,0.000176835434,3766.40826202,53184.35755012071
