Displacement,FX,FY,FZ,MX,MY,MZ,L,EA
15.0,-3.81469727e-06,307950.215,7.74860382e-07,0.00152756087,3583938.91,0.00752031151,1986.41039215,40781033.822721794
