Displacement,FX,FY,FZ,MX,MY,MZ,L,EA
15.0,1.2293458e-07,-38475.6225,8.2232873e-08,0.000204339798,-130553.015,-0.000348945556,2977.33820818,7636996.063517339
