Displacement,FX,FY,FZ,MX,MY,MZ,L,EA
15.0,-7.4505806e-08,-26605.6057,2.38927896e-07,0.000657249038,-121156.55,0.000296999933,3830.44952054,6794095.306482752
