Displacement,FX,FY,FZ,MX,MY,MZ,L,EA
15.0,-4.78234142e-07,-1177.37596,-1.42554927e-06,-0.0104473385,-2827.52457,0.00365563652,7256.4867755,569574.2055687744
