Displacement,FX,FY,FZ,MX,MY,MZ,L,EA
15.0,-2.04890966e-08,964.919612,-4.80096787e-07,-0.00256116457,4572.904,-6.79408404e-05,5717.23200494,367777.95252804575
