Displacement,FX,FY,FZ,MX,MY,MZ,L,EA
15.0,3.77278775e-06,15236.8677,1.10827386e-07,0.00179804435,78563.2444,-0.0112072164,2385.69962386,2423372.6360463058
