Displacement,FX,FY,FZ,MX,MY,MZ,L,EA
15.0,3.39710718,4.32971865e-05,0.0259318985,-3.56832429,-4.41394767,1.12806439,3964.64027581,897.887196471422
