Displacement,FX,FY,FZ,MX,MY,MZ,L,EA
15.0,-2.90572643e-07,-174171.477,-1.42026693e-08,-0.000230388949,-1104382.65,0.000607306138,2427.83492374,28190639.63866521
