Displacement,FX,FY,FZ,MX,MY,MZ,L,EA
15.0,-2.4959445e-07,33905.7883,-1.09896064e-07,-0.000337048768,273918.558,0.00076549896,3081.9708786,6966443.477105107
