Displacement,FX,FY,FZ,MX,MY,MZ,L,EA
15.0,434.417678,0.000102043152,0.0782170296,-237.111138,-651.828376,342.686716,2293.65313816,66426.89802779202
