Displacement,FX,FY,FZ,MX,MY,MZ,L,EA
15.0,7.75991163,0.000136793591,0.0377544984,-7.95039968,-4.757223,2.93321995,3482.1946784,1801.434865522685
