Displacement,FX,FY,FZ,MX,MY,MZ,L,EA
0.0628,1.90734863e-06,4.28079012,0.0,-1.21144694e-09,-26920.9603,-0.00524363687,2909.17530094,198305.23703203787
