Displacement,FX,FY,FZ,MX,MY,MZ,L,EA
15.0,-1.86264515e-07,3748.31606,5.28525561e-08,0.000980526562,24046.5648,0.000714497146,3830.44952054,957182.3636572921
