Displacement,FX,FY,FZ,MX,MY,MZ,L,EA
0.0628,-2.30967999e-07,-1.97339119,-2.98023224e-07,-0.00179971361,-1635.20284,0.00144492586,5542.9574339,174178.7160287145
