Displacement,FX,FY,FZ,MX,MY,MZ,L,EA
0.0628,-4.76837158e-07,-6.39370828,0.0,0.000479019658,-26721.2138,0.00166050057,3083.6091034,313944.22064796113
