Displacement,FX,FY,FZ,MX,MY,MZ,L,EA
15.0,1057.15957,0.000491261482,0.431985617,-527.78302,-1194.39921,931.623654,2010.17283121,141671.56305784307
