Displacement,FX,FY,FZ,MX,MY,MZ,L,EA
0.0628,-3.57627869e-07,-7.56663096,1.90734863e-06,0.00856444622,-14147.9541,-0.000300398446,3698.36505431,445607.6993841422
