Displacement,FX,FY,FZ,MX,MY,MZ,L,EA
15.0,-1.60187483e-07,826.922665,-1.57626346e-07,-0.00111708292,4131.85014,0.000737225273,5388.98639407,297084.99937554036
