Displacement,FX,FY,FZ,MX,MY,MZ,L,EA
15.0,1.66196018,4.92949039e-06,-1.54562294e-05,-1.9091932,-1.78537904,0.542461226,5542.9574339,614.1449689717854
