Displacement,FX,FY,FZ,MX,MY,MZ,L,EA
0.0628,-4.76837158e-07,6.27332631,0.0,0.000626734416,-10978.1729,0.00143668208,2822.9577085,281995.7781011204
