Displacement,FX,FY,FZ,MX,MY,MZ,L,EA
15.0,-9.53674316e-07,297464.221,7.15255737e-07,0.00137964939,3167015.56,0.00183953717,1943.90339722,38549447.31688673
