Displacement,FX,FY,FZ,MX,MY,MZ,L,EA
15.0,-2.36276537e-06,419.723112,-2.22004019e-07,-0.00122560028,1270.37445,0.00931464202,3766.40826202,105389.90645316972
