Displacement,FX,FY,FZ,MX,MY,MZ,L,EA
15.0,2240.8794,0.000228881836,0.00635147095,-787.237734,-3062.23148,2392.96207,1767.18490656,264003.2168734152
