Displacement,FX,FY,FZ,MX,MY,MZ,L,EA
15.0,-1.33365393e-06,250573.379,-4.54485416e-07,-0.000995517941,2748762.36,0.00292128045,2205.43570977,36841565.19762214
