Displacement,FX,FY,FZ,MX,MY,MZ,L,EA
15.0,4.93600965e-08,-4955.5189,-1.11242116e-07,-0.000507104138,-12652.8146,-0.000382318336,5016.93588561,1657434.7067485726
