Displacement,FX,FY,FZ,MX,MY,MZ,L,EA
15.0,-5.07570803e-08,-4320.8536,-3.93115624e-06,-0.0219085168,-13578.8108,0.000416554074,5542.9574339,1596687.1721942385
