Displacement,FX,FY,FZ,MX,MY,MZ,L,EA
15.0,109.887587,0.000121563673,0.0285379887,-76.2103697,-102.158779,66.5276388,2909.17530094,21312.15026535303
