Displacement,FX,FY,FZ,MX,MY,MZ,L,EA
15.0,-3.72901559e-06,-64625.6714,1.00088073e-06,0.00295330142,-320982.116,0.0112837777,3085.48895554,13293453.023270484
