Displacement,FX,FY,FZ,MX,MY,MZ,L,EA
15.0,9.88366082e-08,-17007.0153,7.61056071e-08,0.000424284823,-38714.4333,-0.000361755243,3087.60999367,3500735.36018524
