Displacement,FX,FY,FZ,MX,MY,MZ,L,EA
15.0,-2.04832759e-07,-491.92614,-4.57512215e-07,-0.00413732662,-1221.46921,0.00191984384,8903.75465592,291999.3106262503
