Displacement,FX,FY,FZ,MX,MY,MZ,L,EA
15.0,9.12696123e-08,-11314.0321,-1.72731234e-08,-0.000589802337,-34316.8014,-0.000578349223,4226.70291922,3188070.167014586
