Displacement,FX,FY,FZ,MX,MY,MZ,L,EA
15.0,-3.51574272e-08,-10543.2008,1.47003448e-07,0.000724064528,-48980.6008,0.000155365327,4751.10637191,3339457.900080441
