Displacement,FX,FY,FZ,MX,MY,MZ,L,EA
15.0,198.820595,5.37633896e-05,0.0254532099,-116.002329,-324.046217,136.465708,2644.70481904,35054.78571472668
