Displacement,FX,FY,FZ,MX,MY,MZ,L,EA
0.0628,-3.61353159e-07,-1.9237977,-1.78813934e-07,-0.000850020933,-945.746665,0.00198365949,5016.93588561,153687.41588827997
