Displacement,FX,FY,FZ,MX,MY,MZ,L,EA
15.0,7.68341124e-09,445.100885,-1.18085882e-06,-0.00617219033,2174.05126,0.000207031408,5542.9574339,164478.3506230813
