Displacement,FX,FY,FZ,MX,MY,MZ,L,EA
15.0,213.909694,0.000222206116,0.0683794022,-132.812425,-189.798924,142.01208,2646.52285172,37741.12622502884
