Displacement,FX,FY,FZ,MX,MY,MZ,L,EA
15.0,0.288006589,1.35693699e-06,-1.65980309e-05,-0.398268369,-0.292832439,0.0728419654,7256.4867755,139.32773362235758
