Displacement,FX,FY,FZ,MX,MY,MZ,L,EA
0.0628,0.0,-67.425997,-7.62939453e-06,0.00651673859,-264498.028,0.0125121884,1986.41039215,2132734.0946158394
