Displacement,FX,FY,FZ,MX,MY,MZ,L,EA
15.0,189.70635,0.00189825892,-0.21115303,-147.73861,161.89445,126.944955,2560.26228322,32379.867519488827
