Displacement,FX,FY,FZ,MX,MY,MZ,L,EA
0.0628,-1.71363354e-07,-0.11175345,-1.47148967e-07,-0.000702643833,-13.587579,0.000787750637,4755.04078412,8461.659434969988
