Displacement,FX,FY,FZ,MX,MY,MZ,L,EA
15.0,1.02112524,3.17348167e-07,-0.000156062655,-1.34785971,-2.13905833,0.345065711,5717.23200494,389.20066021200256
