Displacement,FX,FY,FZ,MX,MY,MZ,L,EA
15.0,3.71597707e-07,-217516.046,4.53437679e-07,0.00123707112,-1871147.2,-0.00083978381,2578.58719856,37392272.77979921
