Displacement,FX,FY,FZ,MX,MY,MZ,L,EA
15.0,33.7716486,6.19888306e-06,0.00103802234,-24.7035229,-62.0750813,17.533609,3522.25243268,7930.15142913094
