Displacement,FX,FY,FZ,MX,MY,MZ,L,EA
15.0,49.7906014,0.000679925084,-0.0555491447,-43.845508,51.4411561,27.194086,3173.64578284,10534.515477211826
