Displacement,FX,FY,FZ,MX,MY,MZ,L,EA
15.0,-1.12876296e-06,2790.74754,6.08852133e-08,0.000352978912,10705.5101,0.00306571331,2714.76086928,505080.8145087614
