Displacement,FX,FY,FZ,MX,MY,MZ,L,EA
15.0,2.76137143e-07,-40348.3426,2.49938239e-08,0.000163012708,-111016.729,-0.000743543671,2562.41811451,6892621.597913035
