Displacement,FX,FY,FZ,MX,MY,MZ,L,EA
15.0,89.3127482,1.58548355e-05,0.0071438849,-58.6904493,-154.594681,54.2722725,2995.50598616,17835.791458233383
