Displacement,FX,FY,FZ,MX,MY,MZ,L,EA
15.0,316.730286,0.00276237726,-0.342877388,-229.144697,254.9356,226.7688,2385.69962386,50374.88827835135
