Displacement,FX,FY,FZ,MX,MY,MZ,L,EA
15.0,3.65078449e-06,91536.373,-6.92903996e-07,-0.00177632133,845272.791,-0.0113122286,2578.58719856,15735634.641360883
