Displacement,FX,FY,FZ,MX,MY,MZ,L,EA
15.0,2.21654773e-07,-35603.8335,1.13679562e-07,0.000316295365,-154571.581,-0.000921393046,3524.1246896,8364823.245450505
