Displacement,FX,FY,FZ,MX,MY,MZ,L,EA
15.0,2.5331974e-07,33322.5046,2.98023224e-08,0.000143345242,271910.222,-0.000760693569,2776.94005999,6168973.194862737
