Displacement,FX,FY,FZ,MX,MY,MZ,L,EA
15.0,565.528515,7.22408295e-05,0.0343687534,-282.981719,-890.016209,478.633751,2183.38135267,82317.62760361042
