Displacement,FX,FY,FZ,MX,MY,MZ,L,EA
0.0628,-5.96046448e-08,-3.82507597,6.55651093e-07,0.00306757915,-6728.24656,0.000365443477,4751.10637191,289384.4397150769
