Displacement,FX,FY,FZ,MX,MY,MZ,L,EA
15.0,4.61935997e-07,29090.3998,-4.62168828e-07,-0.0013774965,227862.073,-0.00137680466,2995.50598616,5809364.449379177
