Displacement,FX,FY,FZ,MX,MY,MZ,L,EA
0.0628,-2.38418579e-07,-5.02237673,8.34465027e-07,0.00424909213,-9711.57641,0.00152568084,4399.17256659,351820.09442191076
