Displacement,FX,FY,FZ,MX,MY,MZ,L,EA
15.0,124.393484,1.9133091e-05,-0.000530838966,-79.3338091,-223.156161,83.1375502,2775.24819306,23014.852779962537
