Displacement,FX,FY,FZ,MX,MY,MZ,L,EA
15.0,244.358109,3.95774841e-05,0.00738039613,-128.381602,-422.960304,175.708618,2578.58719856,42006.579448781944
