Displacement,FX,FY,FZ,MX,MY,MZ,L,EA
15.0,0.0,53302.2933,-1.34110451e-07,-0.000317669183,423695.316,0.000244142488,2383.69247059,8470418.346959319
