Displacement,FX,FY,FZ,MX,MY,MZ,L,EA
15.0,1.21071935e-08,-8016.88941,3.02957233e-07,0.00177566124,-25874.1349,-0.000445098616,4730.88252371,2528464.133618985
