Displacement,FX,FY,FZ,MX,MY,MZ,L,EA
0.0628,0.0,-2.85886224,0.0,-0.00284111908,-45641.1017,-0.00191689405,2776.94005999,126415.43121415202
