Displacement,FX,FY,FZ,MX,MY,MZ,L,EA
15.0,307.877577,0.000152230263,0.0893754959,-178.122918,-400.046626,221.680907,2470.08799494,50698.98045726102
