Displacement,FX,FY,FZ,MX,MY,MZ,L,EA
0.0628,2.60770321e-08,-0.911442312,-3.87430191e-07,-0.00260534842,-1442.27629,-0.000250437779,6508.84874408,94465.6074484486
