Displacement,FX,FY,FZ,MX,MY,MZ,L,EA
0.0628,1.64844096e-07,-0.380440298,-2.27242708e-07,-0.00158130815,-31.3277642,-0.00119810529,6730.73402688,40774.56144816827
