Displacement,FX,FY,FZ,MX,MY,MZ,L,EA
15.0,12.0552424,5.01843169e-05,-0.0525548458,-13.4895687,34.6973978,5.34336919,3766.40826202,3026.997638400921
