Displacement,FX,FY,FZ,MX,MY,MZ,L,EA
15.0,14.8126715,2.30967999e-06,-0.000944897532,-12.0919636,-29.7849049,7.00098679,3960.73885706,3911.2749057943493
