Displacement,FX,FY,FZ,MX,MY,MZ,L,EA
15.0,4.02331352e-07,-91588.0612,-2.98634404e-07,-0.00198320963,-378731.454,-0.00109934842,2451.96905785,14971406.142058142
