Displacement,FX,FY,FZ,MX,MY,MZ,L,EA
15.0,61.76762,4.23192978e-06,-0.0058375597,-42.8959479,-115.863344,38.0410545,3081.9708786,12691.067072028729
