Displacement,FX,FY,FZ,MX,MY,MZ,L,EA
15.0,1.75088644e-07,20519.5538,1.25844963e-07,0.000666117689,149728.708,-0.000526064774,3368.15388875,4607534.32845899
