Displacement,FX,FY,FZ,MX,MY,MZ,L,EA
15.0,-1.24797225e-07,-173485.75,2.98488885e-07,0.00135551579,-1373101.78,0.00239822268,2644.70481904,30587906.60398458
