Displacement,FX,FY,FZ,MX,MY,MZ,L,EA
15.0,1.51209766,-1.37137249e-07,-0.004849419,-2.07939895,4.46066448,0.491413569,5214.97282846,525.7032140585299
