Displacement,FX,FY,FZ,MX,MY,MZ,L,EA
0.0628,1.78813934e-07,-2.03001894,1.49011612e-07,0.000297115625,-260.891898,-0.000419652267,2672.86717117,86400.81180858794
