Displacement,FX,FY,FZ,MX,MY,MZ,L,EA
15.0,43.6010542,4.55975533e-06,-0.00143978,-30.0752848,-84.1087985,24.1302963,3368.15388875,9790.337350488635
