Displacement,FX,FY,FZ,MX,MY,MZ,L,EA
15.0,1.75088644e-07,141830.231,1.39512122e-05,0.0343452477,1422394.65,0.00543753011,2424.31275078,22922722.49729152
