Displacement,FX,FY,FZ,MX,MY,MZ,L,EA
15.0,7.18981028e-07,-445622.341,4.39118594e-07,0.000975020928,-4682874.09,-0.00160026737,2205.43570977,65519428.260846935
