Displacement,FX,FY,FZ,MX,MY,MZ,L,EA
15.0,-1.1920929e-07,17013.4195,-1.11758709e-08,-0.000672996408,128132.354,0.00110331399,3083.6091034,3497515.6833442054
