Displacement,FX,FY,FZ,MX,MY,MZ,L,EA
15.0,-2.08616257e-07,-108083.22,3.09204916e-06,0.00967173802,-601923.958,0.000388465356,2756.79463721,19864216.084559243
