Displacement,FX,FY,FZ,MX,MY,MZ,L,EA
15.0,6.50360807,1.4603138e-05,0.000346779823,-6.42670086,-6.94135125,2.59531372,4488.83737133,1946.2425968732916
