Displacement,FX,FY,FZ,MX,MY,MZ,L,EA
15.0,22.0607515,0.000371197239,-0.0230997801,-21.0097893,25.2948375,10.667082,3612.22780685,5312.564000553856
