Displacement,FX,FY,FZ,MX,MY,MZ,L,EA
15.0,9.94798029e-07,-2243.4541,2.03144737e-08,7.8279927e-05,-7179.80079,-0.00651824402,6508.84874408,973486.8934124083
