Displacement,FX,FY,FZ,MX,MY,MZ,L,EA
0.0628,0.0,-31.3313936,-9.53674316e-07,-0.00255170922,-62833.7105,-0.000408659253,2775.24819306,1384592.2527778926
