Displacement,FX,FY,FZ,MX,MY,MZ,L,EA
15.0,7.82310963e-08,-246506.847,5.35044819e-07,0.00306737586,-1816432.48,-0.00151993986,2383.69247059,39173101.00951874
