Displacement,FX,FY,FZ,MX,MY,MZ,L,EA
15.0,1352.23352,0.000305652618,0.347261369,-591.110993,-1799.12331,1257.36615,1943.90339722,175240.75555751723
