Displacement,FX,FY,FZ,MX,MY,MZ,L,EA
15.0,29.8099672,0.000114985742,-0.0174903274,-29.4954764,24.0856159,13.8438979,2825.11700218,5614.443011409875
