Displacement,FX,FY,FZ,MX,MY,MZ,L,EA
15.0,149.743995,6.55576587e-05,0.0339232981,-94.7580617,-207.852755,96.1846585,2776.94005999,27722.006563896153
