Displacement,FX,FY,FZ,MX,MY,MZ,L,EA
15.0,1.89989805e-07,-131289.393,-1.34343281e-07,-0.000375078642,-915646.841,-0.00050183665,2776.94005999,24305518.32489805
