Displacement,FX,FY,FZ,MX,MY,MZ,L,EA
15.0,1.49011612e-07,5018.13373,7.6694414e-07,0.00309366499,30942.4635,-0.000643038453,4048.75527611,1354479.6943708702
