Displacement,FX,FY,FZ,MX,MY,MZ,L,EA
15.0,-3.18512321e-07,-582924.122,-1.33900903e-06,-0.00267989095,-6547198.51,0.000393364578,1986.41039215,77195102.25171429
