Displacement,FX,FY,FZ,MX,MY,MZ,L,EA
15.0,529.230075,0.000209271908,0.175687969,-267.16028,-659.434205,406.096035,2317.47879085,81765.29828616367
