Displacement,FX,FY,FZ,MX,MY,MZ,L,EA
15.0,2.07917765e-07,73.0649552,5.96483005e-08,0.00024475921,248.695494,-0.00163876869,8903.75465592,43370.16233643908
