Displacement,FX,FY,FZ,MX,MY,MZ,L,EA
15.0,5.40167093e-08,-695055.71,-3.8696453e-07,0.000209333375,-8127815.55,0.00018180348,1986.41039215,92044392.36447978
