Displacement,FX,FY,FZ,MX,MY,MZ,L,EA
0.0628,7.62939453e-06,-17.0171926,4.76837158e-07,0.00148205732,-41892.4359,-0.0226989139,2995.50598616,811705.4506518735
