Displacement,FX,FY,FZ,MX,MY,MZ,L,EA
15.0,0.191134668,2.68383883e-06,-1.93454325e-05,-0.281129146,-0.00254215245,0.0456958624,7696.2738528,98.06831651280059
