Displacement,FX,FY,FZ,MX,MY,MZ,L,EA
0.0628,0.0,-19.248439,0.0,-8.44738679e-09,-71867.8443,-0.00111580594,2644.70481904,810612.0920748007
