Displacement,FX,FY,FZ,MX,MY,MZ,L,EA
0.0628,3.42726707e-07,-1.33127235,3.87430191e-07,0.00225967056,-3161.68229,-0.00183945979,5717.23200494,121197.33896037718
