Displacement,FX,FY,FZ,MX,MY,MZ,L,EA
15.0,-8.38190317e-08,-27910.6383,2.8591603e-07,0.00114435692,-155626.219,0.000349455746,3960.73885706,7369783.309343804
