Displacement,FX,FY,FZ,MX,MY,MZ,L,EA
15.0,-7.13727786e-07,-635.393186,-7.87396857e-07,-0.00628986091,-1752.90383,0.0061429724,8354.14017098,353877.5826353045
