Displacement,FX,FY,FZ,MX,MY,MZ,L,EA
15.0,1.13629843,1.07767992e-05,-0.000105433166,-1.40657077,-0.101481141,0.351929746,5828.90365073,441.5582711297178
