Displacement,FX,FY,FZ,MX,MY,MZ,L,EA
15.0,-5.96046448e-07,90590.2567,1.49011612e-08,3.13714263e-05,752588.152,0.00159836886,2120.62188787,12807178.745718796
