Displacement,FX,FY,FZ,MX,MY,MZ,L,EA
15.0,-1.56462193e-07,-332478.103,6.12577423e-07,0.000536859035,-2788110.3,0.00120292045,2317.47879085,51367396.80830279
