Displacement,FX,FY,FZ,MX,MY,MZ,L,EA
15.0,762.418211,0.000767946243,0.358945847,-425.945162,-597.855403,627.695594,2120.62188787,107786.71639715254
