Displacement,FX,FY,FZ,MX,MY,MZ,L,EA
0.0628,0.0,61.7081686,0.0,2.7805072e-08,-100533.85,-0.000457760063,2120.62188787,2083753.0731454184
