Displacement,FX,FY,FZ,MX,MY,MZ,L,EA
15.0,1.6100239e-07,-5924.48598,4.33501555e-08,0.000216477478,-21189.2718,-0.000759984541,5388.98639407,2128464.9558718977
