Displacement,FX,FY,FZ,MX,MY,MZ,L,EA
15.0,-2.39815563e-08,-2915.41566,1.12241833e-06,0.00665519161,-7634.14377,0.000266503048,5828.90365073,1132911.7989312941
