Displacement,FX,FY,FZ,MX,MY,MZ,L,EA
0.0628,-5.21540642e-08,-0.155062654,4.02331352e-07,0.00396119448,-295.167682,0.00032317821,9497.33829964,23450.35800442716
