Displacement,FX,FY,FZ,MX,MY,MZ,L,EA
0.0628,-2.33296305e-07,-1.24795828,-8.04662704e-07,-0.00499054402,-382.783098,0.0013207406,6158.84159322,122388.1745456575
