Displacement,FX,FY,FZ,MX,MY,MZ,L,EA
15.0,1.1920929e-07,17377.1528,-1.48266554e-06,-0.0042910959,136364.392,-0.000345013221,2909.17530094,3370212.2484280244
