Displacement,FX,FY,FZ,MX,MY,MZ,L,EA
0.0628,-9.53674316e-07,-4.11119696,9.53674316e-07,0.00289794759,-2566.18786,0.00239125559,2562.41811451,167748.49622010262
