Displacement,FX,FY,FZ,MX,MY,MZ,L,EA
15.0,1.43051147e-06,175873.234,-2.30967999e-07,-0.000460824696,1642155.78,-0.00285411812,2010.17283121,23569039.781589255
