Displacement,FX,FY,FZ,MX,MY,MZ,L,EA
0.0628,0.0,-175.181212,0.0,-5.13427949e-08,-372001.419,-5.3551048e-08,1986.41039215,5541111.146914527
