Displacement,FX,FY,FZ,MX,MY,MZ,L,EA
15.0,477.697004,0.00119239092,0.0836343765,-288.070486,-95.2721338,356.759122,2319.43018986,73865.65684555154
