Displacement,FX,FY,FZ,MX,MY,MZ,L,EA
15.0,3.91155481e-07,-109726.237,-1.77955371e-07,-0.000631717732,-553118.01,-0.000736957882,2560.26228322,18728529.738050587
