Displacement,FX,FY,FZ,MX,MY,MZ,L,EA
15.0,12.7963944,6.46524131e-05,-0.000682771206,-11.6944118,-1.85281382,5.56151834,4072.60437529,3474.3101214250973
