Displacement,FX,FY,FZ,MX,MY,MZ,L,EA
15.0,53.875021,9.07629728e-05,-0.268755436,-52.5243074,149.175902,29.791862,2977.33820818,10693.610565986657
