Displacement,FX,FY,FZ,MX,MY,MZ,L,EA
15.0,2.74894775,7.8748446e-05,-0.0020519644,-3.21485127,3.82112075,0.979958854,5016.93588561,919.4196409761245
