Displacement,FX,FY,FZ,MX,MY,MZ,L,EA
0.0628,0.0,-12.3753669,1.90734863e-06,0.00671817761,-22393.0667,1.30967237e-09,3522.25243268,694095.0026884164
