Displacement,FX,FY,FZ,MX,MY,MZ,L,EA
0.0628,0.0,33.1238936,-1.49011612e-08,-3.55397169e-05,-67087.0586,3.59723344e-08,2383.69247059,1257279.8689640814
