Displacement,FX,FY,FZ,MX,MY,MZ,L,EA
15.0,-3.80037818e-07,-10020.4847,2.23237294e-07,0.00134270046,-20193.2383,0.000991818742,3482.1946784,2326218.5664885747
