Displacement,FX,FY,FZ,MX,MY,MZ,L,EA
15.0,406.07788,0.000407099724,0.157804728,-234.677326,-340.948822,298.469,2383.69247059,64530.985668609974
