Displacement,FX,FY,FZ,MX,MY,MZ,L,EA
15.0,9.31322575e-08,-219272.292,2.88942829e-07,0.000996096758,-1723043.73,-9.95164737e-05,2470.08799494,36108123.73947855
