Displacement,FX,FY,FZ,MX,MY,MZ,L,EA
15.0,-1.76951289e-07,-36473.7997,-1.29570253e-07,-0.000572736288,-190345.9,0.000308198156,3698.36505431,8992895.080558838
