Displacement,FX,FY,FZ,MX,MY,MZ,L,EA
15.0,-7.4505806e-08,-60306.8951,-5.05460775e-07,-0.00154531223,-224767.398,0.000263626513,2714.76086928,10914586.597683584
