Displacement,FX,FY,FZ,MX,MY,MZ,L,EA
15.0,3.16649675e-08,583.754135,-4.67756763e-07,-0.00291089246,2629.0978,-0.000286296992,6135.02972838,238756.59815265014
