Displacement,FX,FY,FZ,MX,MY,MZ,L,EA
0.0628,1.66893005e-06,-0.350079977,-9.53674316e-07,-0.00334682103,-2456.42424,-0.00577597283,3305.88102379,18428.70625434936
