Displacement,FX,FY,FZ,MX,MY,MZ,L,EA
15.0,9.53674316e-07,189633.451,-1.86264515e-08,-3.91912181e-05,1982990.28,-0.00200638827,2118.83775163,26786834.330045186
