Displacement,FX,FY,FZ,MX,MY,MZ,L,EA
15.0,9.23871994e-07,484166.884,5.51342964e-07,0.000978212338,5858556.94,-0.0016392339,1789.27471789,57753837.65205202
