Displacement,FX,FY,FZ,MX,MY,MZ,L,EA
15.0,4.42378223e-08,-48506.1529,1.6996637e-08,-0.000369351386,-287228.032,-0.00040634186,3522.25243268,11390061.00346487
