Displacement,FX,FY,FZ,MX,MY,MZ,L,EA
15.0,6.70552254e-08,-41457.0016,6.18718332e-07,0.0018148126,-167958.744,-0.000110101188,3173.64578284,8771322.553135408
