Displacement,FX,FY,FZ,MX,MY,MZ,L,EA
15.0,1.01327896e-06,38423.3719,1.9390136e-06,0.00413795811,257842.581,-0.00290532876,2319.43018986,5941355.252071893
