Displacement,FX,FY,FZ,MX,MY,MZ,L,EA
0.0628,-3.52039933e-07,-0.689530965,-1.49011612e-07,-0.0010868613,-517.453114,0.00253514162,7256.4867755,79674.71861178748
