Displacement,FX,FY,FZ,MX,MY,MZ,L,EA
0.0628,-1.07288361e-06,-4.32357123,1.90734863e-06,0.00732251846,-8325.54169,0.00403332875,3830.44952054,263713.7156843
