Displacement,FX,FY,FZ,MX,MY,MZ,L,EA
0.0628,-4.76837158e-07,0.197712272,-4.76837158e-07,-0.00134611341,-4076.05714,0.00121809662,2977.33820818,9373.507988084026
