Displacement,FX,FY,FZ,MX,MY,MZ,L,EA
15.0,4.44361361,3.0473806e-05,-0.000337257981,-4.7338116,-0.563464152,1.67525401,4730.88252371,1401.4809313112603
