Displacement,FX,FY,FZ,MX,MY,MZ,L,EA
15.0,-1.1571683e-07,119.700983,3.41387931e-08,0.000537165945,422.823944,0.000574538642,8354.14017098,66666.58603907292
