Displacement,FX,FY,FZ,MX,MY,MZ,L,EA
15.0,628.893387,9.20295715e-05,-0.0164384842,-270.551505,-1009.86467,538.97456,2205.43570977,92465.59555520027
