Displacement,FX,FY,FZ,MX,MY,MZ,L,EA
15.0,159.601698,1.70469284e-05,-0.0120341778,-96.1727784,-281.779426,114.268454,2643.0935172,28122.814221194145
