Displacement,FX,FY,FZ,MX,MY,MZ,L,EA
15.0,-5.23286872e-08,-80530.2421,-7.59027898e-08,-0.000358951511,-602564.352,-0.000323358458,3081.9708786,16546124.066587182
