Displacement,FX,FY,FZ,MX,MY,MZ,L,EA
15.0,-1.64657831e-06,182573.95,0.00024339743,0.559771809,1955739.61,-0.0203629974,2183.38135267,26575237.19422033
