Displacement,FX,FY,FZ,MX,MY,MZ,L,EA
15.0,1.25169754e-06,691902.866,-1.5925616e-07,-0.000279023778,9288463.57,-0.00218562596,1767.18490656,81514686.77338709
