Displacement,FX,FY,FZ,MX,MY,MZ,L,EA
15.0,70.564958,4.45097685e-05,0.0118790567,-51.1780625,-103.177291,40.9243058,3083.6091034,14506.316457989245
