Displacement,FX,FY,FZ,MX,MY,MZ,L,EA
15.0,4.10986047,6.33299351e-07,-0.000390036963,-4.16298232,-8.49591666,1.6280959,4751.10637191,1301.7589511118686
