Displacement,FX,FY,FZ,MX,MY,MZ,L,EA
15.0,2.14204192e-07,-1050525.65,-2.98244413e-06,-0.00531527726,-13852079.8,-0.000381723046,1767.18490656,123764871.5089422
