Displacement,FX,FY,FZ,MX,MY,MZ,L,EA
15.0,-4.0163286e-08,-1802.33599,-4.36375558e-08,-0.000451146821,-3747.58175,0.000215072578,6158.84159322,740020.1240112897
