Displacement,FX,FY,FZ,MX,MY,MZ,L,EA
0.0628,7.4505806e-08,-1.91499577,-9.53674316e-07,-0.00412587248,-1994.90142,-0.000320877138,4226.70291922,128887.23266485592
