Displacement,FX,FY,FZ,MX,MY,MZ,L,EA
15.0,302.842079,0.000859379768,0.0443673134,-205.611578,-61.2735758,216.058368,2427.83492374,49016.7050516152
