Displacement,FX,FY,FZ,MX,MY,MZ,L
0.0628,-7.62939453e-06,-6.5029741,-7.62939453e-06,-0.0198496626,-139690.262,0.0213188333,2723.80787559
