Displacement,FX,FY,FZ,MX,MY,MZ,L
15.0,3.86574357e-07,-100010.018,6.59842044e-07,0.00100257434,-499788.415,-0.00407768547,2685.22914337
