Displacement,FX,FY,FZ,MX,MY,MZ,L
15.0,4.53300737,3.50708142e-05,-0.000769749284,-4.89048106,0.0703648523,1.70919869,4724.1808638
