Displacement,FX,FY,FZ,MX,MY,MZ,L
0.0628,1.13248825e-06,-5.10407195,3.57627869e-07,0.00211011953,-30951.3175,-0.00519663262,4399.19805168
