Displacement,FX,FY,FZ,MX,MY,MZ,L
15.0,2.0882038,3.7420541e-06,-0.000112213194,-2.34663776,-3.16310695,0.706814173,5360.19528125
