Displacement,FX,FY,FZ,MX,MY,MZ,L
15.0,316.499137,2.45571136e-05,-0.0246024132,-163.920339,-555.76237,239.227011,2464.4699899
