Displacement,FX,FY,FZ,MX,MY,MZ,L
15.0,3.5998778e-07,7225.40192,-2.54954386e-08,0.000462859767,45162.4358,-0.000991483284,3989.98275847
