Displacement,FX,FY,FZ,MX,MY,MZ,L
15.0,113.843553,4.88683581e-05,0.00623946823,-76.5475361,-182.588472,70.7376373,2882.74873364
