Displacement,FX,FY,FZ,MX,MY,MZ,L
15.0,-7.40930517e-07,777.659133,4.49177804e-07,-0.000254783629,3543.24587,0.00538579598,5946.78536547
