Displacement,FX,FY,FZ,MX,MY,MZ,L
0.0628,-9.53674316e-07,-13.4864074,1.52587891e-05,0.0485831149,-84059.8874,0.00300515909,3151.63945386
