Displacement,FX,FY,FZ,MX,MY,MZ,L
0.0628,-6.10351562e-05,-84.4353833,3.05175781e-05,0.0589661934,-785345.265,0.121859396,1982.15111542
