Displacement,FX,FY,FZ,MX,MY,MZ,L
15.0,274.562551,0.000931918621,-0.0330243111,-188.868305,-48.2894422,192.045794,2476.83026319
