Displacement,FX,FY,FZ,MX,MY,MZ,L
15.0,519.232932,0.000228814781,0.0612498522,-290.001783,-733.36022,411.793931,2245.38810753
