Displacement,FX,FY,FZ,MX,MY,MZ,L
15.0,3.85785834,3.97488475e-06,-0.0001822263,-4.01437919,-6.51044903,1.43538103,4876.72838977
