Displacement,FX,FY,FZ,MX,MY,MZ,L
15.0,161.264927,0.000210016966,0.0206971169,-109.138225,-152.304397,103.547575,2733.27168652
