Displacement,FX,FY,FZ,MX,MY,MZ,L
15.0,3.37887323e-05,176449.95,2.91872275e-05,0.142524122,1902730.91,-0.335197107,2177.37640151
