Displacement,FX,FY,FZ,MX,MY,MZ,L
15.0,-8.50682136e-06,10671.9045,-9.11645941e-08,-5.86050664e-05,74871.3445,0.0288098565,3355.88707193
