Displacement,FX,FY,FZ,MX,MY,MZ,L
0.0628,0.0,-165.329579,0.0,3.58595571e-08,-1048957.03,0.00160409936,1919.63301839
