Displacement,FX,FY,FZ,MX,MY,MZ,L
0.0628,-1.52587891e-05,29.8854271,-1.52587891e-05,-0.0435931438,-74419.0989,0.0441976742,2305.56692896
