Displacement,FX,FY,FZ,MX,MY,MZ,L
0.0628,7.62939453e-06,-53.1886174,0.0,-0.00159216173,-596669.369,-0.0169167375,2096.8253285
