Displacement,FX,FY,FZ,MX,MY,MZ,L
0.0628,-4.76837158e-07,-2.07556781,4.76837158e-07,0.00189896003,-8823.90683,0.000428736603,2693.19947981
