Displacement,FX,FY,FZ,MX,MY,MZ,L
15.0,12.5597188,0.000115560368,-0.00474059582,-12.4615836,5.32752346,5.54093142,3996.15709214
