Displacement,FX,FY,FZ,MX,MY,MZ,L
15.0,0.00537015135,10734.2182,-0.0394127562,-186.342192,73220.2022,-59.5656546,3690.41536287
