Displacement,FX,FY,FZ,MX,MY,MZ,L
15.0,172.125127,0.000601649284,-0.0254859924,-121.847905,-26.1663147,111.188951,2690.75476814
