Displacement,FX,FY,FZ,MX,MY,MZ,L
0.0628,-3.81469727e-06,29.3495216,1.90734863e-05,0.0457117442,-76734.3113,0.0088715014,2369.81456856
