Displacement,FX,FY,FZ,MX,MY,MZ,L
15.0,2.86847353e-06,211620.806,6.68611756e-06,0.0168722173,2238575.87,-0.00450836756,2106.56950662
