Displacement,FX,FY,FZ,MX,MY,MZ,L
0.0628,-1.07288361e-06,-5.5462038,-1.1920929e-07,-0.00100494505,-29469.2124,0.00415972275,4344.0568686
