Displacement,FX,FY,FZ,MX,MY,MZ,L
0.0628,-1.90734863e-06,-19.4392307,1.90734863e-06,0.00209955094,-193741.118,0.00345628046,2629.10242261
