Displacement,FX,FY,FZ,MX,MY,MZ,L
15.0,-2.21281152e-06,-475897.219,-3.44265527e-06,-0.00442386582,-5123760.31,0.00581105612,2130.54533019
