Displacement,FX,FY,FZ,MX,MY,MZ,L
15.0,2.92333425e-07,-1050710.95,-6.09305243e-06,-0.0123740551,-13869113.1,-0.00044791773,1767.18490656
