Displacement,FX,FY,FZ,MX,MY,MZ,L
15.0,-6.27040208e-07,-188301.224,-9.21658648e-06,-0.0225016582,-1203154.78,-0.000293815858,2369.81456856
