Displacement,FX,FY,FZ,MX,MY,MZ,L
15.0,2.80070253e-07,8556.12999,1.95540252e-07,0.000672462098,54907.1096,-0.00184719267,3832.81080964
