Displacement,FX,FY,FZ,MX,MY,MZ,L
0.0628,0.0,-40.6101588,-3.81469727e-06,-0.0105489199,-210215.781,-1.11220288e-07,2765.30710082
