Displacement,FX,FY,FZ,MX,MY,MZ,L
0.0628,0.0,-45.7322882,-3.05175781e-05,-0.0639695328,-528991.288,0.00367686096,2096.23022797
