Displacement,FX,FY,FZ,MX,MY,MZ,L
0.0628,-3.81469727e-06,12.5433139,9.53674316e-06,0.026351558,-59527.4368,0.0111955157,2763.14563355
