Displacement,FX,FY,FZ,MX,MY,MZ,L
0.0628,-6.10351562e-05,-157.490116,0.0,-1.58345938e-06,-1183135.25,0.104179051,1706.8568701
