Displacement,FX,FY,FZ,MX,MY,MZ,L
0.0628,0.0,38.1710354,-3.81469727e-06,-0.00889985175,-118379.996,0.000317780065,2333.04552145
