Displacement,FX,FY,FZ,MX,MY,MZ,L
15.0,8.37927095,1.05388463e-05,-0.000104919076,-7.91635683,-12.6105831,3.46585622,4347.82466264
