Displacement,FX,FY,FZ,MX,MY,MZ,L
0.0628,1.43051147e-06,-3.27777888,0.0,-0.00286848375,-73624.4308,-0.00255891078,3047.30791973
