Displacement,FX,FY,FZ,MX,MY,MZ,L
15.0,1.37549762e-06,10280.9275,2.30148662e-05,0.109961865,70317.8176,0.0118762144,3740.2692471
