Displacement,FX,FY,FZ,MX,MY,MZ,L
15.0,4.23227903e-06,166001.2,2.2245149e-06,0.00293279532,1692537.28,-0.0104725646,2285.56323033
