Displacement,FX,FY,FZ,MX,MY,MZ,L
0.0628,2.86102295e-06,-2.95950273,4.76837158e-07,0.000855061413,-10875.1913,-0.00583109601,2529.81659986
