Displacement,FX,FY,FZ,MX,MY,MZ,L
15.0,6.94946007,4.87081707e-05,-0.00122380257,-7.23474454,-0.0377847523,2.80135319,4402.74268135
