Displacement,FX,FY,FZ,MX,MY,MZ,L
15.0,-8.22263246e-07,-389231.001,2.07897574e-06,0.00764959119,-3346181.34,0.000736670569,2181.66075516
