Displacement,FX,FY,FZ,MX,MY,MZ,L
15.0,-7.16827344e-08,388303.761,4.7092326e-06,0.0131165867,4562319.62,-0.00428468571,1982.15111542
