Displacement,FX,FY,FZ,MX,MY,MZ,L
15.0,5.877082e-07,-443080.087,-0.000240608264,-0.51080117,-4417353.25,-0.00481903739,2105.97164059
