Displacement,FX,FY,FZ,MX,MY,MZ,L
0.0628,-3.81469727e-06,14.5918327,0.0,-0.000292044806,-54031.7099,0.00975997579,2690.75476814
