Displacement,FX,FY,FZ,MX,MY,MZ,L
0.0628,4.76837158e-07,-5.75259421,4.29153442e-06,0.0131580281,-74612.124,-0.00533373485,3051.99038483
