Displacement,FX,FY,FZ,MX,MY,MZ,L
0.0628,0.0,-125.730168,7.62939453e-06,0.0126753479,-1023399.14,0.00756968516,1852.34493783
