Displacement,FX,FY,FZ,MX,MY,MZ,L
0.0628,0.0,-103.00095,0.0,-4.97493602e-08,-715192.035,-1.38022187e-07,2056.35132006
