Displacement,FX,FY,FZ,MX,MY,MZ,L
0.0628,1.54972076e-06,-0.873834633,7.15255737e-07,0.00320871698,-20152.5417,-0.00656692304,3546.15151382
