Displacement,FX,FY,FZ,MX,MY,MZ,L
15.0,8.34854028,1.47493556e-05,-0.0275883079,-9.88590588,24.39172,3.49052471,4051.54382909
