Displacement,FX,FY,FZ,MX,MY,MZ,L
15.0,773.073719,0.000269651413,0.0397143364,-390.74987,-1159.31828,662.04403,2105.97164059
