Displacement,FX,FY,FZ,MX,MY,MZ,L
15.0,7.4038002e-06,12580.921,1.3375967e-08,-0.0057486223,88114.0816,-0.030324497,3613.09540944
