Displacement,FX,FY,FZ,MX,MY,MZ,L
0.0628,2.62260437e-06,-11.4047378,-1.90734863e-06,-0.00585539586,-60229.2562,-0.00962591661,3690.41536287
