Displacement,FX,FY,FZ,MX,MY,MZ,L
15.0,1.8946271e-06,684.49554,1.70542748e-06,0.00790866651,3374.24475,-0.0106050862,5360.19528125
