Displacement,FX,FY,FZ,MX,MY,MZ,L
15.0,-1.88632175e-05,26424.5424,-5.50826712e-07,-0.00349162667,201981.855,0.0621102364,3301.73355081
