Displacement,FX,FY,FZ,MX,MY,MZ,L
15.0,-8.78690116e-08,9935.37265,8.49230287e-06,0.0310282858,65598.8918,0.000447033603,3675.62641222
