Displacement,FX,FY,FZ,MX,MY,MZ,L
15.0,1.29492037e-07,-156239.887,-4.37357176e-06,-0.0133028672,-1138291.79,0.000109850022,2723.80787559
