Displacement,FX,FY,FZ,MX,MY,MZ,L
0.0628,-9.53674316e-06,-40.1490427,1.23977661e-05,0.0328053485,-219037.037,0.0244461951,2668.09891134
