Displacement,FX,FY,FZ,MX,MY,MZ,L
15.0,3.29256829,4.24683094e-07,-0.000508487225,-3.66306394,-6.88914242,1.30654425,4838.57226829
