Displacement,FX,FY,FZ,MX,MY,MZ,L
15.0,78.0825165,5.02578914e-05,0.00496771932,-56.2994465,-118.726694,45.6420268,3051.99038483
