Displacement,FX,FY,FZ,MX,MY,MZ,L
15.0,2.59593025e-06,2823.51458,-2.79028735e-06,-0.00772482962,17248.125,-0.0108969456,4028.26673583
