Displacement,FX,FY,FZ,MX,MY,MZ,L
15.0,13.6880687,4.41074371e-06,-0.000992987305,-11.7570872,-27.5510456,6.28628475,4014.7190733
