Displacement,FX,FY,FZ,MX,MY,MZ,L
15.0,123.446495,0.000175863504,0.0138324499,-85.3935065,-118.367739,75.8019776,2862.74974401
