Displacement,FX,FY,FZ,MX,MY,MZ,L
15.0,196.792841,0.000459492207,0.00354886055,-133.534718,-89.3789241,129.459916,2648.69152046
