Displacement,FX,FY,FZ,MX,MY,MZ,L
0.0628,-7.62939453e-06,-67.6428485,6.67572021e-06,0.0170510355,-352794.184,0.0313970658,2554.18650878
