Displacement,FX,FY,FZ,MX,MY,MZ,L
0.0628,-4.76837158e-07,1.48427187,0.0,-0.000188058171,-15253.3686,-5.25089597e-05,2799.88758326
