Displacement,FX,FY,FZ,MX,MY,MZ,L
15.0,19.9639853,0.000106580555,-0.00366771221,-18.1732092,-1.01526832,9.35201255,3760.3580985
