Displacement,FX,FY,FZ,MX,MY,MZ,L
15.0,4.10792381e-06,3209.63996,1.62432622e-05,0.0136208003,21566.3087,-0.0735973132,3546.15151382
