Displacement,FX,FY,FZ,MX,MY,MZ,L
15.0,-9.14887642e-06,301898.4,-9.08712536e-08,-0.0225037572,3407490.12,0.0537463954,2131.11008715
