Displacement,FX,FY,FZ,MX,MY,MZ,L
0.0628,-1.52587891e-05,-61.0437655,0.0,1.0646545e-08,-475927.585,0.0349928081,2177.93303961
