Displacement,FX,FY,FZ,MX,MY,MZ,L
15.0,65.5872362,4.85777855e-05,0.00488519669,-46.7137825,-91.3151783,36.5487274,3191.75301072
