Displacement,FX,FY,FZ,MX,MY,MZ,L
15.0,-5.59865384e-07,-130866.794,-5.11343615e-07,8.73676618e-05,-1080480.53,0.0026488413,2765.30710082
