Displacement,FX,FY,FZ,MX,MY,MZ,L
15.0,48.1674951,0.000103995204,0.00152432919,-38.0682205,-35.7648188,25.6408135,3308.04463041
