Displacement,FX,FY,FZ,MX,MY,MZ,L
15.0,8.92309032,2.89753079e-05,-0.000250428915,-8.66998161,-6.79373589,3.70681903,4284.35470267
