Displacement,FX,FY,FZ,MX,MY,MZ,L
15.0,-2.94348388e-05,14636.7743,-9.38513693e-06,-0.0310080549,104631.269,0.0983579584,3326.13272863
