Displacement,FX,FY,FZ,MX,MY,MZ,L
0.0628,0.0,-88.3864919,0.0,0.000390576673,-480044.665,0.000375911301,2342.42417483
