Displacement,FX,FY,FZ,MX,MY,MZ,L
15.0,-8.09102858e-06,-403534.873,-1.14143768e-06,-0.00232953299,-3577886.44,0.0160555684,2246.64206705
