Displacement,FX,FY,FZ,MX,MY,MZ,L
15.0,-3.3852848e-07,-555292.406,-1.41602277e-05,-0.0282548796,-5923728.95,0.00243150117,2013.92368812
