Displacement,FX,FY,FZ,MX,MY,MZ,L
0.0628,6.67572021e-06,13.159548,0.0,0.000704853939,-41757.3019,-0.0145562033,2593.34669069
