Displacement,FX,FY,FZ,MX,MY,MZ,L
0.0628,9.53674316e-07,10.3476357,-3.81469727e-06,-0.0107882945,-35432.1578,-0.000913423887,2553.27917216
