Displacement,FX,FY,FZ,MX,MY,MZ,L
15.0,272.339148,0.000102519989,0.0159310102,-158.723665,-433.610114,194.447675,2516.82685754
