Displacement,FX,FY,FZ,MX,MY,MZ,L
0.0628,1.90734863e-05,-43.8431578,-9.53674316e-07,-0.0037142487,-264145.288,-0.0480425394,2571.43631056
