Displacement,FX,FY,FZ,MX,MY,MZ,L
15.0,2.47881144e-06,-351789.317,1.02253871e-05,0.0219809113,-2764315.93,-0.0082113531,2216.90299658
