Displacement,FX,FY,FZ,MX,MY,MZ,L
15.0,-3.37460478e-05,-297309.242,3.75431046e-06,0.0110484997,-2293117.35,0.0814544316,2343.70321626
