Displacement,FX,FY,FZ,MX,MY,MZ,L
15.0,37.8572088,0.000420812517,-0.0310750008,-34.3843069,30.370471,19.8165728,3328.56281673
