Displacement,FX,FY,FZ,MX,MY,MZ,L
15.0,479.766025,0.000363588333,0.0856645107,-264.922545,-579.458638,363.880423,2325.7622628
