Displacement,FX,FY,FZ,MX,MY,MZ,L
0.0628,1.52587891e-05,-79.668935,-1.52587891e-05,-0.0468995509,-406976.537,-0.0190596567,2424.09108741
