Displacement,FX,FY,FZ,MX,MY,MZ,L
15.0,-3.46549552e-06,1650.68459,2.47226285e-06,0.0206697185,8439.49111,0.0142701769,5132.67858892
