Displacement,FX,FY,FZ,MX,MY,MZ,L
15.0,1.8315181,3.16649675e-07,-0.000289280899,-2.22944472,-3.85898491,0.668201068,5277.89800249
