Displacement,FX,FY,FZ,MX,MY,MZ,L
15.0,3.873276e-06,-257048.262,-1.00956026e-06,-0.00283952092,-2456042.49,-0.009426523,2424.09108741
