Displacement,FX,FY,FZ,MX,MY,MZ,L
15.0,167.434669,9.00030136e-05,0.0166791379,-104.669946,-243.091272,108.417036,2748.58634884
