Displacement,FX,FY,FZ,MX,MY,MZ,L
15.0,1.66578532,1.58138573e-06,-0.000142788514,-1.91109439,-3.21355508,0.555576376,5523.48051523
