Displacement,FX,FY,FZ,MX,MY,MZ,L
15.0,6.71604539e-06,10868.3707,1.20571791e-05,0.0394381135,76567.6102,-0.0221103289,3336.16952569
