Displacement,FX,FY,FZ,MX,MY,MZ,L
15.0,-1.2461096e-06,186852.076,-8.88554496e-07,-0.00388670631,1976760.99,-0.00203772611,2105.97164059
