Displacement,FX,FY,FZ,MX,MY,MZ,L
0.0628,-4.76837158e-07,2.91059825,0.0,7.06677383e-09,-59525.5283,-0.00591781661,2992.19469147
