Displacement,FX,FY,FZ,MX,MY,MZ,L
15.0,4.71700332e-07,-416679.679,1.3877343e-06,-0.00487324549,-4487892.84,0.000574928708,2130.00080349
