Displacement,FX,FY,FZ,MX,MY,MZ,L
15.0,31.5141339,0.000225663185,-0.0130175352,-27.493704,11.0820028,15.7802372,3498.62312407
