Displacement,FX,FY,FZ,MX,MY,MZ,L
15.0,598.825308,0.000727295876,0.126780987,-345.794093,-521.518165,471.604221,2216.23227289
