Displacement,FX,FY,FZ,MX,MY,MZ,L
15.0,-9.33314794e-07,885.223318,-1.71253095e-06,-0.00879519653,4045.81555,0.0051810611,5937.07979441
