Displacement,FX,FY,FZ,MX,MY,MZ,L
0.0628,-3.81469727e-06,14.2814501,3.81469727e-06,0.0102936732,-73469.3347,0.0109292026,2698.50797975
