Displacement,FX,FY,FZ,MX,MY,MZ,L
15.0,-1.19995093e-06,249180.779,-8.2972474e-06,-0.0153742377,2871811.42,0.00203864835,2055.24222855
