Displacement,FX,FY,FZ,MX,MY,MZ,L
15.0,-2.74652166e-07,951.180471,-4.4171513e-07,-0.00307313798,4471.1913,0.000242965461,5724.32020853
