Displacement,FX,FY,FZ,MX,MY,MZ,L
15.0,319.908983,0.000784099102,0.0172281265,-212.640661,-146.979786,229.574171,2419.67556884
