Displacement,FX,FY,FZ,MX,MY,MZ,L
15.0,200.656291,0.0024304837,-0.317073822,-155.872074,211.50959,134.466038,2553.27917216
