Displacement,FX,FY,FZ,MX,MY,MZ,L
15.0,11.8698304,9.28528607e-07,-0.0573839545,-14.2595448,34.646231,5.1961916,3741.6885604
