Displacement,FX,FY,FZ,MX,MY,MZ,L
15.0,8.03889194,2.6114285e-06,-0.000541731715,-7.38976717,-15.9655056,3.37640076,4373.76312567
