Displacement,FX,FY,FZ,MX,MY,MZ,L
15.0,336.224247,0.000273704529,0.0580341816,-193.93735,-366.847909,238.441494,2480.18302824
