Displacement,FX,FY,FZ,MX,MY,MZ,L
0.0628,-3.81469727e-06,-62.9153495,0.0,0.000216290964,-357708.063,0.00984142979,2464.4699899
