Displacement,FX,FY,FZ,MX,MY,MZ,L
0.0628,-1.90734863e-06,-20.1699103,4.76837158e-07,-0.00400877858,-106398.136,0.00866337016,3161.70118871
