Displacement,FX,FY,FZ,MX,MY,MZ,L
15.0,1.27325507e-06,-147334.658,-4.49231266e-08,0.000231496408,-1119301.0,-0.00654285896,2683.37004636
