Displacement,FX,FY,FZ,MX,MY,MZ,L
15.0,0.0196195109,7079.97353,0.0143003222,86.1560958,50038.6015,-91.1246228,3308.04463041
