Displacement,FX,FY,FZ,MX,MY,MZ,L
15.0,5.34801802e-06,144328.09,-1.02949707e-06,-0.0046516913,1471580.91,-0.00987188384,2284.97908402
