Displacement,FX,FY,FZ,MX,MY,MZ,L
15.0,124.925246,7.79628754e-05,0.0107177198,-79.5352633,-185.68369,76.7832356,2900.62636043
