Displacement,FX,FY,FZ,MX,MY,MZ,L
15.0,-1.2612436e-06,646078.941,1.22673209e-05,0.0220174086,8680972.54,0.00225754152,1706.8568701
