Displacement,FX,FY,FZ,MX,MY,MZ,L
0.0628,-9.53674316e-07,-0.338641929,6.19888306e-06,0.0151498294,-13312.013,0.00185570199,2624.99023299
