Displacement,FX,FY,FZ,MX,MY,MZ,L
0.0628,-9.53674316e-07,-17.6420358,1.90734863e-06,0.00472573804,-142239.972,0.00247068423,2803.12822254
