Displacement,FX,FY,FZ,MX,MY,MZ,L
15.0,-8.83355824e-07,-373938.363,1.00911257e-06,0.00322305248,-3737685.09,0.00104405324,2260.18864268
