Displacement,FX,FY,FZ,MX,MY,MZ,L
15.0,3.70302587e-07,-390451.11,-8.86695489e-07,-0.00422465708,-3202211.38,0.00129432254,2207.15301088
