Displacement,FX,FY,FZ,MX,MY,MZ,L
15.0,43.2905277,5.92693686e-06,-0.249881983,-45.6867466,133.795918,22.9517539,3059.18608796
