Displacement,FX,FY,FZ,MX,MY,MZ,L
15.0,-8.04880983e-07,77876.2016,-7.40771065e-06,-0.0180097781,708158.76,0.00251798547,2559.17544288
