Displacement,FX,FY,FZ,MX,MY,MZ,L
15.0,-5.69249096e-07,28955.8728,1.22111362e-06,0.00389415777,231828.705,0.00235028892,3076.8283994
