Displacement,FX,FY,FZ,MX,MY,MZ,L
15.0,-3.26057198e-05,187933.769,9.71263435e-05,0.701262627,1984028.01,-0.180414614,2260.18864268
