Displacement,FX,FY,FZ,MX,MY,MZ,L
15.0,-2.86836575e-06,3330.70014,6.32752672e-06,0.029713372,18670.9278,0.0138412389,4558.73365654
