Displacement,FX,FY,FZ,MX,MY,MZ,L
15.0,-3.51177368e-06,5337.4611,-2.87072908e-07,-0.0316854645,19415.2364,-0.026150051,2806.29558772
