Displacement,FX,FY,FZ,MX,MY,MZ,L
15.0,6.84615225e-06,344632.108,1.34186848e-07,-0.0039831989,4049566.39,-0.0163379892,1981.56997172
