Displacement,FX,FY,FZ,MX,MY,MZ,L
15.0,9.37165314e-05,122070.344,-5.36915741e-05,-0.381628675,1192850.73,-0.270593724,2464.4699899
