Displacement,FX,FY,FZ,MX,MY,MZ,L
15.0,76.3272585,0.00047441572,-0.0329327583,-62.7652357,19.9691541,44.2463863,3000.77952139
