Displacement,FX,FY,FZ,MX,MY,MZ,L
15.0,2.5891768e-06,16291.5039,5.61446359e-06,0.00965761981,85251.63,-0.00972696337,2409.49771779
