Displacement,FX,FY,FZ,MX,MY,MZ,L
15.0,45.2392496,1.26063824e-05,-0.00238570571,-34.3798431,-86.6164315,25.2243129,3286.35335332
