Displacement,FX,FY,FZ,MX,MY,MZ,L
15.0,269.567372,3.19480896e-05,-0.0245119929,-153.486411,-473.572768,203.619238,2463.91001311
