Displacement,FX,FY,FZ,MX,MY,MZ,L
15.0,-0.00013660446,110692.951,-6.64175732e-05,-0.194418003,1057672.4,0.574294839,2554.18650878
