Displacement,FX,FY,FZ,MX,MY,MZ,L
15.0,224.456809,0.000108063221,0.0255771577,-138.821019,-317.414402,153.569909,2596.50166638
