Displacement,FX,FY,FZ,MX,MY,MZ,L
15.0,429.561441,0.000162541866,0.0322539806,-231.860319,-658.761906,328.099296,2350.21740851
