Displacement,FX,FY,FZ,MX,MY,MZ,L
0.0628,-1.90734863e-06,7.167486,4.76837158e-07,0.00274303982,-28396.2999,0.00467814545,2721.9776679
