Displacement,FX,FY,FZ,MX,MY,MZ,L
15.0,-7.16509476e-06,8415.83417,-1.87094782e-05,-0.0690969982,55262.7991,0.0263129898,3685.34185807
