Displacement,FX,FY,FZ,MX,MY,MZ,L
15.0,195.913767,2.0980835e-05,-0.0148406029,-121.796437,-350.07256,140.833443,2570.87640727
