Displacement,FX,FY,FZ,MX,MY,MZ,L
0.0628,0.0,28.0900537,1.52587891e-05,0.0253873565,-412643.224,-0.00103640923,2016.72263315
