Displacement,FX,FY,FZ,MX,MY,MZ,L
15.0,-1.05679501e-05,72860.9079,5.56195937e-05,0.145113871,677487.088,0.0273262018,2570.87640727
