Displacement,FX,FY,FZ,MX,MY,MZ,L
15.0,1.00843226e-06,-190425.875,3.11993881e-06,0.00944614725,-1475380.03,0.00626583351,2564.19079448
