Displacement,FX,FY,FZ,MX,MY,MZ,L
15.0,17.8799493,3.06963921e-06,-0.00192527473,-15.6025133,-36.3895423,8.88620189,3752.71141955
