Displacement,FX,FY,FZ,MX,MY,MZ,L
15.0,841.279776,5.48362732e-05,-0.0741081238,-351.121482,-1360.98689,740.000348,2131.11008715
