Displacement,FX,FY,FZ,MX,MY,MZ,L
15.0,154.105655,0.000379770994,0.000612974167,-106.536434,-69.5660035,97.331385,2763.14563355
