Displacement,FX,FY,FZ,MX,MY,MZ,L
15.0,187.526943,1.37090683e-05,-0.0158216953,-106.634242,-341.883026,131.045302,2668.65464942
