Displacement,FX,FY,FZ,MX,MY,MZ,L
15.0,1.58821831e-06,2865.59318,2.34451255e-06,0.00967339993,16798.1097,-0.00546522064,4268.30423949
