Displacement,FX,FY,FZ,MX,MY,MZ,L
15.0,2.52569134e-06,22056.4621,1.05029176e-06,0.0022848582,167256.136,-0.00720346605,3042.26776738
