Displacement,FX,FY,FZ,MX,MY,MZ,L
15.0,-3.26843474e-06,-163890.036,-1.25284805e-06,-0.00332262856,-1129770.18,0.0063067571,2616.60827017
