Displacement,FX,FY,FZ,MX,MY,MZ,L
15.0,7.60206433,1.28373504e-05,-7.53700733e-05,-7.39613672,-9.90012998,3.09841895,4397.29729231
