Displacement,FX,FY,FZ,MX,MY,MZ,L
15.0,383.519207,0.000166637823,0.0408830047,-211.51596,-562.201537,284.590432,2405.13542809
