Displacement,FX,FY,FZ,MX,MY,MZ,L
0.0628,3.33786011e-06,-10.6069758,-4.29153442e-06,-0.0157211534,-59467.1451,-0.0134459242,3740.2692471
