Displacement,FX,FY,FZ,MX,MY,MZ,L
15.0,3.34108613e-07,832.501078,-3.27902949e-08,-0.00178106318,4127.09451,-0.00142528372,5333.26915524
