Displacement,FX,FY,FZ,MX,MY,MZ,L
15.0,1.12996713e-06,174580.137,-1.93017149e-06,-0.00544002862,1675474.84,0.00235222204,2086.77945321
