Displacement,FX,FY,FZ,MX,MY,MZ,L
0.0628,3.33786011e-06,-4.87763176,-2.86102295e-06,-0.00916289219,-62740.4674,-0.0121857429,3191.75301072
