Displacement,FX,FY,FZ,MX,MY,MZ,L
15.0,123.915288,4.0948391e-05,0.00373274088,-80.6974495,-209.449472,78.3344141,2850.45988133
