Displacement,FX,FY,FZ,MX,MY,MZ,L
15.0,1852.74005,0.000186920166,-0.133605957,-708.957655,-2721.33256,1859.10497,1852.34493783
