Displacement,FX,FY,FZ,MX,MY,MZ,L
15.0,564.075628,0.00013256073,0.00257158279,-300.262449,-895.861388,466.858291,2195.19950837
