Displacement,FX,FY,FZ,MX,MY,MZ,L
15.0,1029.66859,0.000222682953,0.0189635754,-484.486874,-1545.53609,928.582861,2013.92368812
