Displacement,FX,FY,FZ,MX,MY,MZ,L
15.0,-1.3175229e-06,-82322.5295,3.01071855e-05,0.093246569,-588219.874,0.0038700508,3041.99872505
