Displacement,FX,FY,FZ,MX,MY,MZ,L
15.0,11.2443352,2.21231021e-05,-0.0478966078,-14.2158208,15.6574568,4.80799261,3620.30209401
