Displacement,FX,FY,FZ,MX,MY,MZ,L
15.0,175.946432,2.2649765e-06,-0.0224788785,-103.656338,-316.589998,125.83754,2643.33662001
