Displacement,FX,FY,FZ,MX,MY,MZ,L
0.0628,1.43051147e-05,-12.5200951,-1.43051147e-05,-0.0413373075,-121477.306,-0.0400957815,2850.45988133
