Displacement,FX,FY,FZ,MX,MY,MZ,L
15.0,4.63029264e-05,38359.825,-4.03655577e-07,-0.00189692224,323869.396,-0.118344433,2613.75947326
