Displacement,FX,FY,FZ,MX,MY,MZ,L
15.0,-8.42708687e-07,-453347.636,-2.77086201e-07,-0.00389635167,-4735223.47,-0.000988936983,2095.65498895
