Displacement,FX,FY,FZ,MX,MY,MZ,L
15.0,20.7220905,-1.49384141e-06,-0.108942747,-23.5235553,62.4033027,9.84942166,3431.34272891
