Displacement,FX,FY,FZ,MX,MY,MZ,L
15.0,69.6162822,0.00020942837,-0.425738513,-71.4811335,217.791472,40.0107337,2810.91974901
