Displacement,FX,FY,FZ,MX,MY,MZ,L
15.0,-1.0652584e-05,88133.7996,9.31278919e-07,-0.000384725281,823196.914,0.0217776639,2292.7883783
