Displacement,FX,FY,FZ,MX,MY,MZ,L
15.0,-1.16700539e-06,-271049.321,5.03821502e-06,0.00470121996,-1937548.91,0.00714051607,2333.72974392
