Displacement,FX,FY,FZ,MX,MY,MZ,L
15.0,23.3970383,3.06814909e-05,0.000823408365,-19.6598708,-29.586309,11.2208432,3712.0078521
