Displacement,FX,FY,FZ,MX,MY,MZ,L
15.0,2.38089308,1.07493252e-05,-0.000142164528,-2.67166589,-1.77093255,0.813329613,5261.40188505
