Displacement,FX,FY,FZ,MX,MY,MZ,L
15.0,403.439959,7.22408295e-05,0.00218868256,-210.625129,-670.118026,308.994135,2377.5249954
