Displacement,FX,FY,FZ,MX,MY,MZ,L
15.0,105.639386,6.55651093e-05,0.0082012713,-73.9229184,-157.307493,64.8816084,2899.99477945
