Displacement,FX,FY,FZ,MX,MY,MZ,L
15.0,9.64306914,2.17445195e-05,-3.84151936e-05,-8.91228795,-10.1489512,4.01453691,4287.4661816
