Displacement,FX,FY,FZ,MX,MY,MZ,L
15.0,-9.26292955e-07,-76258.2624,-7.64463152e-07,-0.00321450899,-557181.592,0.00161499908,3076.8283994
