Displacement,FX,FY,FZ,MX,MY,MZ,L
0.0628,-3.81469727e-06,2.86883153,-8.58306885e-06,-0.0213976074,-71928.0637,0.0126935702,2889.98771616
