Displacement,FX,FY,FZ,MX,MY,MZ,L
15.0,6.92802132e-07,-325542.562,1.05950357e-06,-0.00669771852,-3111935.72,0.00233982468,2284.97908402
