Displacement,FX,FY,FZ,MX,MY,MZ,L
15.0,421.309542,0.000324845314,0.0735949278,-250.550683,-510.069221,319.269663,2325.12403653
