Displacement,FX,FY,FZ,MX,MY,MZ,L
15.0,-6.21990694e-07,11390.0553,1.49742082e-05,0.0469677687,85548.8523,0.00301484997,3064.30950157
