Displacement,FX,FY,FZ,MX,MY,MZ,L
15.0,-2.44233661e-07,14764.2179,-3.24440401e-06,-0.0117644434,106537.844,0.00108055852,3520.75155928
