Displacement,FX,FY,FZ,MX,MY,MZ,L
15.0,3.07172013e-06,97295.0596,-2.13321982e-06,-0.00766018039,903126.864,-0.006023664,2455.01413566
