Displacement,FX,FY,FZ,MX,MY,MZ,L
15.0,336.893951,0.000525891781,0.0450510979,-206.288423,-235.026956,239.390348,2455.14039915
