Displacement,FX,FY,FZ,MX,MY,MZ,L
0.0628,4.57763672e-05,-37.8542213,1.52587891e-05,0.0354624719,-677018.804,-0.0817693386,1906.76388514
