Displacement,FX,FY,FZ,MX,MY,MZ,L
15.0,245.780557,0.000130228698,0.0215252638,-146.914766,-372.874825,171.239264,2564.19079448
