Displacement,FX,FY,FZ,MX,MY,MZ,L
15.0,-6.88299951e-06,-808735.872,2.32707498e-06,0.00169236027,-9916395.25,0.0146198564,1851.78451113
