Displacement,FX,FY,FZ,MX,MY,MZ,L
15.0,14.6249999,3.50177288e-06,-0.00123515725,-12.2143131,-29.8853747,6.80375537,3989.98275847
