Displacement,FX,FY,FZ,MX,MY,MZ,L
0.0628,1.90734863e-06,13.4905676,2.86102295e-06,0.00748610022,-108444.872,-0.00499068108,2616.60827017
