Displacement,FX,FY,FZ,MX,MY,MZ,L
0.0628,0.0,41.4680948,0.0,-0.000550342949,-131223.714,8.3091436e-09,2333.72974392
