Displacement,FX,FY,FZ,MX,MY,MZ,L
0.0628,3.81469727e-06,8.67679621,9.53674316e-07,0.00188074454,-31765.0211,-0.0104743423,2637.63967619
