Displacement,FX,FY,FZ,MX,MY,MZ,L
15.0,3.33565413e-06,15055.0189,-2.36897498e-05,-0.0806339623,107460.62,-0.0116588107,3421.05137017
