Displacement,FX,FY,FZ,MX,MY,MZ,L
0.0628,-4.76837158e-07,-10.1360389,-4.529953e-06,-0.0180478479,-52629.1022,0.00129442679,3752.71141955
