Displacement,FX,FY,FZ,MX,MY,MZ,L
15.0,-1.20642037e-05,1234.08728,1.45508652e-05,0.0863667743,7094.80388,0.0772283819,4366.08794179
