Displacement,FX,FY,FZ,MX,MY,MZ,L
15.0,9.48521119e-08,-148708.613,-6.58018143e-06,-0.0171213745,-991570.882,-0.00981776719,2603.75678371
