Displacement,FX,FY,FZ,MX,MY,MZ,L
0.0628,-3.81469727e-06,-20.322628,3.81469727e-06,0.0122592628,-117096.562,0.0118443202,3104.92353876
