Displacement,FX,FY,FZ,MX,MY,MZ,L
15.0,-9.33206138e-07,-264075.467,7.98820201e-06,0.0187990717,-2184105.7,0.00181140215,2405.13542809
