Displacement,FX,FY,FZ,MX,MY,MZ,L
15.0,2.15090949e-07,-348069.372,-7.25905193e-06,-0.0163332282,-2993921.64,-0.0015195685,2181.02111754
