Displacement,FX,FY,FZ,MX,MY,MZ,L
15.0,-9.63708226e-06,5581.64402,-1.21851011e-06,-0.0131181507,33899.8439,0.0500378872,4249.53839589
