Displacement,FX,FY,FZ,MX,MY,MZ,L
0.0628,-1.52587891e-05,-75.4898812,-1.90734863e-06,-0.00329472726,-414366.809,0.0350573968,2341.86975262
