Displacement,FX,FY,FZ,MX,MY,MZ,L
15.0,1789.17457,0.000210762024,-0.273246765,-757.893137,-2525.44475,1905.1877,1766.13228367
