Displacement,FX,FY,FZ,MX,MY,MZ,L
0.0628,-7.62939453e-06,-2.08853524,0.0,-5.45223884e-08,-432663.336,0.0140771828,2106.56950662
