Displacement,FX,FY,FZ,MX,MY,MZ,L
15.0,52.915463,0.000876989216,-0.0795378685,-47.2292341,68.4584981,29.1185536,3144.12982983
