Displacement,FX,FY,FZ,MX,MY,MZ,L
15.0,6.07215475e-05,80653.1877,-1.22591155e-06,-0.0283173001,659692.197,-0.0938216457,2216.90299658
