Displacement,FX,FY,FZ,MX,MY,MZ,L
0.0628,0.0,8.57880793,9.53674316e-07,0.00218494898,-33170.6315,0.000445971658,2777.08711194
