Displacement,FX,FY,FZ,MX,MY,MZ,L
15.0,240.297527,0.00120559335,-0.097243309,-174.553965,38.4762407,165.708963,2503.84746225
