Displacement,FX,FY,FZ,MX,MY,MZ,L
0.0628,2.86102295e-06,4.62969511,-4.76837158e-07,-0.000409431409,-22450.3032,-0.00859069777,2890.59587799
