Displacement,FX,FY,FZ,MX,MY,MZ,L
0.0628,0.0,8.67227715,0.0,3.83552106e-08,-114382.785,-0.00777818064,2613.75947326
