Displacement,FX,FY,FZ,MX,MY,MZ,L
15.0,202.545118,2.24113464e-05,-0.00719356537,-114.117752,-363.553111,139.752426,2663.9165254
