Displacement,FX,FY,FZ,MX,MY,MZ,L
0.0628,0.0,-66.5005617,0.0,-0.00018212682,-417309.42,-0.000105075032,2259.63231717
