Displacement,FX,FY,FZ,MX,MY,MZ,L
15.0,6.05309793,2.18916684e-05,-0.000236392021,-6.22291749,-4.60307079,2.38495005,4528.49081485
