Displacement,FX,FY,FZ,MX,MY,MZ,L
15.0,87.6469152,0.00130660087,-0.136021137,-75.1280548,104.614287,52.2127943,2890.59587799
