Displacement,FX,FY,FZ,MX,MY,MZ,L
15.0,85.9222901,4.529953e-06,-0.00982451439,-56.4974098,-163.211277,54.3034904,2977.45951488
