Displacement,FX,FY,FZ,MX,MY,MZ,L
15.0,65.6864389,0.000272907317,-0.0115926266,-52.4086171,-7.05575181,36.8126734,3118.26262608
