Displacement,FX,FY,FZ,MX,MY,MZ,L
0.0628,-9.53674316e-07,-0.381090499,-1.90734863e-06,-0.00611606111,-11882.2052,0.0029186636,2749.20929259
