Displacement,FX,FY,FZ,MX,MY,MZ,L
0.0628,-1.43051147e-06,-13.0715316,4.29153442e-06,0.0141162537,-67727.9565,0.00563673189,3555.7374057
