Displacement,FX,FY,FZ,MX,MY,MZ,L
15.0,49.5957113,9.26852226e-06,-0.00356307626,-37.0074768,-96.1101389,28.3078913,3231.54284001
