Displacement,FX,FY,FZ,MX,MY,MZ,L
0.0628,-7.62939453e-06,-22.9009795,1.90734863e-06,0.00353155048,-195658.801,0.0193408772,2558.59394712
