Displacement,FX,FY,FZ,MX,MY,MZ,L
0.0628,0.0,-95.6617162,0.0,-7.81805284e-07,-813821.174,8.60807631e-07,1851.24158941
