Displacement,FX,FY,FZ,MX,MY,MZ,L
15.0,-8.4007288e-06,-209002.396,-6.33486707e-07,0.000262330519,-1374571.03,0.00824479852,2420.36249254
