Displacement,FX,FY,FZ,MX,MY,MZ,L
15.0,-0.000121608086,-157962.56,-5.42805537e-06,-0.00566365256,-991361.497,0.30692968,2534.20259846
