Displacement,FX,FY,FZ,MX,MY,MZ,L
0.0628,0.0,19.3567783,0.0,-0.000931359693,-305232.091,-0.000537754444,2246.64206705
