Displacement,FX,FY,FZ,MX,MY,MZ,L
15.0,10.6207593,7.23451376e-06,-0.000345617533,-9.78725234,-19.0490948,4.62826401,4158.73602286
