Displacement,FX,FY,FZ,MX,MY,MZ,L
0.0628,-1.52587891e-05,50.1362566,-3.05175781e-05,-0.068167386,-162471.564,0.0347410426,2216.23227289
