Displacement,FX,FY,FZ,MX,MY,MZ,L
15.0,333.137274,0.000156663358,0.0331285,-199.322976,-489.18889,247.005847,2404.5207214
