Displacement,FX,FY,FZ,MX,MY,MZ,L
15.0,77.8121813,1.79409981e-05,-0.00247251987,-50.8478805,-145.989076,45.8862029,3104.92353876
