Displacement,FX,FY,FZ,MX,MY,MZ,L
15.0,315.417195,0.000105261803,0.0210024118,-168.786928,-501.44642,225.379522,2517.44650481
