Displacement,FX,FY,FZ,MX,MY,MZ,L
15.0,113.457442,6.87763095e-05,-0.479167581,-106.059309,272.960473,70.7228065,2660.62332159
