Displacement,FX,FY,FZ,MX,MY,MZ,L
15.0,1.41478171,1.46823004e-06,-0.000105470419,-1.59263843,-2.57078009,0.451281127,5755.32244978
