Displacement,FX,FY,FZ,MX,MY,MZ,L
15.0,-6.31960575e-07,238604.938,-3.39485268e-06,-0.00913117419,2523724.6,0.000789204845,2107.18730949
