Displacement,FX,FY,FZ,MX,MY,MZ,L
15.0,1.75966852e-06,-432277.916,-5.52202437e-06,-0.0116529246,-3910262.97,-0.00639386079,2141.75882721
