Displacement,FX,FY,FZ,MX,MY,MZ,L
15.0,-8.53478014e-07,-179424.874,2.07546714e-06,-0.00470534049,-1514399.59,0.00888869498,2668.65464942
