Displacement,FX,FY,FZ,MX,MY,MZ,L
15.0,-1.73320586e-07,69500.1748,1.28635747e-05,0.0304471534,617941.324,0.00098759096,2765.85679151
