Displacement,FX,FY,FZ,MX,MY,MZ,L
15.0,2.86549039e-06,-745879.131,-1.81655505e-05,-0.0300288447,-8937899.27,0.0048515473,1919.07020426
