Displacement,FX,FY,FZ,MX,MY,MZ,L
15.0,61.2059019,2.70456076e-05,0.00186121464,-43.8063957,-102.337458,34.3507699,3201.75067614
