Displacement,FX,FY,FZ,MX,MY,MZ,L
15.0,21.5522766,2.32458115e-06,-0.00293081999,-18.4727237,-43.3543778,11.2729852,3613.09540944
