Displacement,FX,FY,FZ,MX,MY,MZ,L
15.0,0.862788971,1.63912773e-07,-0.000129812179,-1.14640631,-1.83688603,0.278559302,5946.78536547
