Displacement,FX,FY,FZ,MX,MY,MZ,L
15.0,0.000144896431,2416.17246,0.000109717144,0.691042464,13697.2161,-0.838784853,4478.00511239
