Displacement,FX,FY,FZ,MX,MY,MZ,L
0.0628,0.0,12.1775753,-9.53674316e-07,-0.00314807497,-39427.9785,9.1563229e-05,2468.89371741
