Displacement,FX,FY,FZ,MX,MY,MZ,L
15.0,-7.97425855e-06,7121.58489,-2.25642125e-06,-0.00966730626,46691.4772,0.037977182,3680.02872362
