Displacement,FX,FY,FZ,MX,MY,MZ,L
0.0628,0.0,-16.4564826,-9.53674316e-07,-0.00589241781,-100696.41,-0.00191556631,3152.23593608
