Displacement,FX,FY,FZ,MX,MY,MZ,L
15.0,1.03565253e-06,44097.897,-3.85729436e-06,-0.0102869355,364775.916,-0.00524156974,2723.80787559
