Displacement,FX,FY,FZ,MX,MY,MZ,L
15.0,7.75216904e-08,-210519.471,-2.15783439e-06,-0.00597254327,-1308024.63,-0.0021698277,2305.56692896
