Displacement,FX,FY,FZ,MX,MY,MZ,L
15.0,12.9055703,4.71994281e-06,-0.00077933073,-11.4744856,-25.3085518,5.87366214,4024.4314914
