Displacement,FX,FY,FZ,MX,MY,MZ,L
0.0628,0.0,4.09601764,1.62124634e-05,0.0420951933,-136210.158,0.000557195983,2596.50166638
