Displacement,FX,FY,FZ,MX,MY,MZ,L
15.0,28.1105442,0.000141553581,-0.00518995523,-24.9665381,-1.92423117,13.9263099,3546.15151382
