Displacement,FX,FY,FZ,MX,MY,MZ,L
15.0,210.4099,0.000295519829,0.03074193,-140.209392,-195.516698,141.586082,2603.75678371
