Displacement,FX,FY,FZ,MX,MY,MZ,L
15.0,1.57066825e-06,507394.825,-1.65068104e-06,-0.00200268114,6308020.82,-0.00397972506,1919.63301839
