Displacement,FX,FY,FZ,MX,MY,MZ,L
15.0,-1.54357249e-05,4093.59173,4.53471771e-05,0.175021004,27401.3189,-0.000330255574,3564.30185565
