Displacement,FX,FY,FZ,MX,MY,MZ,L
15.0,-1.80547454e-06,-99448.916,1.67443665e-05,0.0493530338,-710497.001,0.00327694227,3042.57445657
