Displacement,FX,FY,FZ,MX,MY,MZ,L
15.0,7.2922121e-06,21016.4487,-1.26562372e-06,-0.0185214691,130239.79,-0.0343070748,2698.50797975
