Displacement,FX,FY,FZ,MX,MY,MZ,L
0.0628,1.43051147e-06,6.71269105,4.76837158e-07,0.000164021836,-29402.0534,-0.00653046179,2868.92325289
