Displacement,FX,FY,FZ,MX,MY,MZ,L
15.0,-0.000275433908,202896.291,-0.000401114921,-1.41217403,2187844.77,-0.0833077613,2177.93303961
