Displacement,FX,FY,FZ,MX,MY,MZ,L
15.0,8.06665412e-07,56952.4602,4.93295374e-07,-0.000744699035,493827.824,-0.00267414341,2564.19079448
