Displacement,FX,FY,FZ,MX,MY,MZ,L
15.0,2.22621566e-06,53343.4199,1.17674517e-06,0.00263786718,451576.811,-0.00456214949,2683.97990018
