Displacement,FX,FY,FZ,MX,MY,MZ,L
15.0,272.0913,0.00127515197,-0.111288071,-185.471798,44.2013443,187.775523,2504.55828158
