Displacement,FX,FY,FZ,MX,MY,MZ,L
15.0,18.971637,8.64081085e-06,-0.0939109307,-22.7988709,33.8478656,8.73882623,3347.52613173
