Displacement,FX,FY,FZ,MX,MY,MZ,L
15.0,-7.0650276e-07,41027.5603,-4.76959394e-06,0.0122777729,309349.11,0.0403423794,2474.85715512
