Displacement,FX,FY,FZ,MX,MY,MZ,L
15.0,2.02562035e-07,1155.24995,-6.9308029e-07,-0.00397240195,5573.17413,-0.000631152807,5532.23808727
