Displacement,FX,FY,FZ,MX,MY,MZ,L
15.0,5.14605199e-06,-943367.229,1.74405004e-05,0.0314016412,-12459728.8,-0.00894947536,1766.65024502
