Displacement,FX,FY,FZ,MX,MY,MZ,L
15.0,108.676793,2.83718109e-05,-0.00283282995,-69.1734483,-199.274823,67.9672683,2922.86187178
