Displacement,FX,FY,FZ,MX,MY,MZ,L
0.0628,-4.76837158e-06,9.63963679,1.90734863e-06,0.00427906706,-64469.5409,0.013131359,2820.47302788
