Displacement,FX,FY,FZ,MX,MY,MZ,L
0.0628,-1.52587891e-05,-4.08209568,0.0,-0.0222258302,-485443.229,0.0193228845,2107.18730949
