Displacement,FX,FY,FZ,MX,MY,MZ,L
0.0628,0.0,-28.4991526,-1.52587891e-05,-0.0379380116,-303383.483,-0.00047875964,2377.5249954
