Displacement,FX,FY,FZ,MX,MY,MZ,L
15.0,8.45349859e-07,284735.993,6.30063005e-06,0.0282517078,3279976.38,-0.00786693452,2055.78702445
