Displacement,FX,FY,FZ,MX,MY,MZ,L
15.0,-4.45725163e-08,83460.4586,3.28415445e-06,0.00839125749,779133.968,0.000751223415,2643.33662001
