Displacement,FX,FY,FZ,MX,MY,MZ,L
0.0628,0.0,-9.8373705,-3.81469727e-06,-0.0105008179,-218339.671,-2.94858182e-09,2517.44650481
