Displacement,FX,FY,FZ,MX,MY,MZ,L
0.0628,3.81469727e-06,-34.6134513,1.90734863e-06,0.00529723922,-182083.619,-0.0104330648,2872.7662376
