Displacement,FX,FY,FZ,MX,MY,MZ,L
15.0,2.10262806e-06,46310.8686,1.7296552e-06,0.00965094665,344151.348,0.00211523837,2333.04552145
