Displacement,FX,FY,FZ,MX,MY,MZ,L
15.0,1.49584093e-06,37589.1283,-2.04825483e-07,9.31691902e-05,310521.114,-0.00351455873,2723.18897206
