Displacement,FX,FY,FZ,MX,MY,MZ,L
15.0,3.588043e-06,-151466.628,-2.40341728e-06,-0.0065210677,-1278668.04,-0.0108075667,2668.09891134
