Displacement,FX,FY,FZ,MX,MY,MZ,L
15.0,1.59035953e-05,-169778.386,-8.43810994e-08,-0.00159767957,-1131628.73,-0.046868377,2604.42242434
