Displacement,FX,FY,FZ,MX,MY,MZ,L
15.0,249.462313,3.26633453e-05,-0.00160121918,-141.163313,-430.782812,177.690057,2559.17544288
