Displacement,FX,FY,FZ,MX,MY,MZ,L
0.0628,3.81469727e-06,3.10160926,0.0,0.000412272444,-48897.3105,-0.0120866826,3064.30950157
