Displacement,FX,FY,FZ,MX,MY,MZ,L
15.0,-1.14025934e-06,963.545937,-1.19069349e-06,-0.00566455814,4723.95838,0.00663856269,5421.47613121
