Displacement,FX,FY,FZ,MX,MY,MZ,L
15.0,4.323984,1.14906579e-05,-0.000131115317,-4.49801759,-4.56995904,1.61384858,4805.75284358
