Displacement,FX,FY,FZ,MX,MY,MZ,L
15.0,79.1292684,1.13844872e-05,-0.00703990459,-56.4408083,-150.21269,49.4724065,2964.62760133
