Displacement,FX,FY,FZ,MX,MY,MZ,L
0.0628,3.81469727e-06,5.11121477,-9.53674316e-07,-0.00313282124,-25945.879,-0.0111160809,2960.74022474
