Displacement,FX,FY,FZ,MX,MY,MZ,L
0.0628,-1.66893005e-06,1.96888457,-1.43051147e-06,-0.0032840644,-27739.2771,0.00598133011,3225.08654182
