Displacement,FX,FY,FZ,MX,MY,MZ,L
15.0,-3.67712346e-07,9085.06605,-2.62560434e-07,-0.00163372897,64364.2266,0.0017901582,3300.78015626
