Displacement,FX,FY,FZ,MX,MY,MZ,L
15.0,1.91150684e-06,-373845.135,8.50241736e-06,0.0194316537,-3934551.26,-0.0297803199,2204.74184772
