Displacement,FX,FY,FZ,MX,MY,MZ,L
15.0,3.70001135e-06,-316773.099,-2.86221621e-07,-0.00258943788,-2392966.82,-0.0085234819,2211.57097315
