Displacement,FX,FY,FZ,MX,MY,MZ,L
15.0,4.21357254e-06,-459908.577,-1.04603077e-06,-6.19445927e-05,-4487498.27,-0.00917960401,2196.38412646
