Displacement,FX,FY,FZ,MX,MY,MZ,L
15.0,1.75139462e-06,3509.45372,1.43103328e-07,0.0108848276,20257.5159,-0.013127119,4373.76312567
