Displacement,FX,FY,FZ,MX,MY,MZ,L
15.0,1.01130365,7.15721399e-07,-0.000102780759,-1.23447982,-2.02558421,0.316016296,5945.52176706
