Displacement,FX,FY,FZ,MX,MY,MZ,L
15.0,-1.72805449e-06,126264.281,-3.1862146e-07,-0.0007488376,1248547.33,0.00392276427,2280.2387686
