Displacement,FX,FY,FZ,MX,MY,MZ,L
15.0,1.44544174e-07,118345.506,-6.29868191e-05,-0.16207293,1147884.5,-0.0216402418,2377.5249954
