Displacement,FX,FY,FZ,MX,MY,MZ,L
0.0628,-1.43051147e-06,5.95118536,-8.58306885e-06,-0.0238780459,-56302.7179,0.00468657678,2942.40569483
