Displacement,FX,FY,FZ,MX,MY,MZ,L
0.0628,-1.90734863e-05,18.0586749,-3.81469727e-06,-0.00648787678,-101371.001,0.0449368744,2604.42242434
