Displacement,FX,FY,FZ,MX,MY,MZ,L
15.0,1.92351456e-06,1234.23238,-1.14317609e-06,-0.0067454172,6258.75359,-0.00749503946,5189.30919142
