Displacement,FX,FY,FZ,MX,MY,MZ,L
0.0628,1.43051147e-06,-9.29447538,1.57356262e-05,0.050680747,-87771.444,-0.00605766902,3042.26776738
