Displacement,FX,FY,FZ,MX,MY,MZ,L
0.0628,-3.81469727e-05,-24.1126547,0.0,-0.000829444698,-264313.388,0.0901934833,2376.93978858
