Displacement,FX,FY,FZ,MX,MY,MZ,L
0.0628,0.0,25.7754339,0.0,-0.00106698578,-114837.158,0.00672858268,2474.85715512
