Displacement,FX,FY,FZ,MX,MY,MZ,L
15.0,-1.96658989e-05,19683.2116,8.66156188e-06,0.0226836378,111447.254,0.0432506926,2317.52589578
