Displacement,FX,FY,FZ,MX,MY,MZ,L
15.0,-6.64029776e-05,13256.1265,-8.57733976e-05,-0.315404061,66989.6453,-0.10485174,2603.28678122
