Displacement,FX,FY,FZ,MX,MY,MZ,L
0.0628,1.23977661e-05,-1.96942398,9.53674316e-07,0.001378124,-52782.2847,-0.0400223031,3163.87644349
