Displacement,FX,FY,FZ,MX,MY,MZ,L
15.0,7.28295589,0.000117537566,-0.00470092893,-7.73382866,7.4410029,2.96557925,4341.5139626
