Displacement,FX,FY,FZ,MX,MY,MZ,L
15.0,3.32725904e-07,60394.0327,3.05442827e-05,0.0821955063,537526.396,-0.00133724493,2663.33648551
