Displacement,FX,FY,FZ,MX,MY,MZ,L
15.0,8.43427008,3.01057007e-05,-0.0331673557,-10.9460304,10.1429236,3.45949395,3784.07309586
