Displacement,FX,FY,FZ,MX,MY,MZ,L
15.0,4.9296068e-07,144458.877,-5.20094181e-06,-0.0104256532,1428471.55,-0.00194945041,2280.84320573
