Displacement,FX,FY,FZ,MX,MY,MZ,L
15.0,6.34026946e-07,210111.576,-2.90730623e-06,-0.00229820493,2318492.77,0.00174466614,2204.74184772
