Displacement,FX,FY,FZ,MX,MY,MZ,L
0.0628,-3.05175781e-05,-44.7480509,0.0,-1.90273568e-07,-757944.746,0.0582075318,1907.34095088
