Displacement,FX,FY,FZ,MX,MY,MZ,L
0.0628,7.15255737e-07,-8.00092106,2.14576721e-06,0.00878427001,-39842.5799,-0.00362852995,4014.7190733
