Displacement,FX,FY,FZ,MX,MY,MZ,L
15.0,45.5134643,5.48362732e-06,-0.00589030981,-32.3992219,-88.6661701,26.1876452,3301.73355081
