Displacement,FX,FY,FZ,MX,MY,MZ,L
15.0,5.94105711,6.51217997e-05,-0.00200721622,-6.37876667,2.87061259,2.34512944,4494.1898059
