Displacement,FX,FY,FZ,MX,MY,MZ,L
0.0628,-1.1920929e-05,-12.1834665,-2.38418579e-07,-0.00134598042,-64488.6874,0.041166331,3468.33826677
