Displacement,FX,FY,FZ,MX,MY,MZ,L
15.0,33.5834351,0.00114075467,-0.0819450617,-32.7036504,67.5466033,17.4304079,3329.66768581
