Displacement,FX,FY,FZ,MX,MY,MZ,L
15.0,-2.01567673e-07,6175.64209,1.00449222e-06,0.00374556602,38157.4316,0.000927203087,4014.7190733
