Displacement,FX,FY,FZ,MX,MY,MZ,L
15.0,-1.22841675e-06,2283.63743,-1.91646905e-06,-0.00828950491,12385.8902,0.00715031248,4748.09996613
