Displacement,FX,FY,FZ,MX,MY,MZ,L
15.0,2.46858883,2.57138163e-06,-0.00016086176,-2.61570376,-4.50370041,0.855906392,5276.3071253
