Displacement,FX,FY,FZ,MX,MY,MZ,L
15.0,73.3773101,1.03935599e-05,-0.551811695,-78.8640589,228.884822,41.6216414,2693.19947981
