Displacement,FX,FY,FZ,MX,MY,MZ,L
15.0,55.4732079,0.000348575413,-0.0237460136,-45.5491207,16.6493332,30.2481881,3200.10419665
