Displacement,FX,FY,FZ,MX,MY,MZ,L
15.0,1.94597033e-06,12713.9671,3.94595821e-06,0.0138913495,89351.9671,-0.00511894299,3361.20206571
