Displacement,FX,FY,FZ,MX,MY,MZ,L
0.0628,-9.53674316e-06,-16.2892458,1.90734863e-06,0.000104758645,-167168.025,0.0228567334,2628.50503805
