Displacement,FX,FY,FZ,MX,MY,MZ,L
15.0,-3.18523234e-07,-540426.973,2.28486715e-06,0.0080228853,-5816277.33,0.000124836806,2131.11008715
