Displacement,FX,FY,FZ,MX,MY,MZ,L
15.0,4.51578126e-06,72686.9868,-4.74174158e-07,-0.000190876715,614820.145,-0.0123276867,2343.70321626
