Displacement,FX,FY,FZ,MX,MY,MZ,L
0.0628,1.52587891e-05,-149.990475,-3.81469727e-06,-0.00625380861,-835691.017,-0.0295379154,1985.78983487
