Displacement,FX,FY,FZ,MX,MY,MZ,L
15.0,25.2421241,-2.94744968e-05,0.393521555,-31.6531444,-75.8642203,10.4204409,2752.42581242
