Displacement,FX,FY,FZ,MX,MY,MZ,L
0.0628,3.81469727e-06,-8.33253973,-2.14576721e-06,-0.00916159693,-45456.4612,-0.015850074,4099.88134104
