Displacement,FX,FY,FZ,MX,MY,MZ,L
15.0,5.84558224,9.61124897e-07,-0.000912874937,-6.10021714,-12.0937117,2.54343886,4399.19805168
