Displacement,FX,FY,FZ,MX,MY,MZ,L
15.0,110.506268,0.000112593174,0.0125133991,-78.1939615,-128.977185,67.4681945,2889.98771616
