Displacement,FX,FY,FZ,MX,MY,MZ,L
0.0628,-3.81469727e-06,19.072958,3.81469727e-06,0.00354385438,-54074.1601,0.0102020247,2503.84746225
