Displacement,FX,FY,FZ,MX,MY,MZ,L
15.0,-5.54477538e-07,-268570.867,-3.68017936e-08,0.000313789584,-1991770.72,0.00125724566,2345.91088161
