Displacement,FX,FY,FZ,MX,MY,MZ,L
15.0,93.8533056,0.000248089433,-0.00176215172,-68.4744521,-41.8829149,54.8965494,2991.96264133
