Displacement,FX,FY,FZ,MX,MY,MZ,L
15.0,41.0398837,7.23749399e-05,0.00228840113,-33.0570356,-41.3958768,21.4599493,3380.36826604
