Displacement,FX,FY,FZ,MX,MY,MZ,L
0.0628,1.31130219e-06,-3.04787269,2.38418579e-07,0.00188512298,-25635.3343,-0.0052678774,3674.1792708
