Displacement,FX,FY,FZ,MX,MY,MZ,L
15.0,-1.2550463e-06,-143325.694,1.74765728e-06,0.00508846669,-1115987.13,-0.00065688428,2740.75375727
