Displacement,FX,FY,FZ,MX,MY,MZ,L
0.0628,-3.05175781e-05,16.7778362,6.10351562e-05,0.118855209,-548950.345,0.0594639988,1932.17294568
