Displacement,FX,FY,FZ,MX,MY,MZ,L
0.0628,1.78813934e-06,-7.54004028,3.81469727e-06,0.0144330632,-43131.8262,-0.00716501043,3660.30984716
