Displacement,FX,FY,FZ,MX,MY,MZ,L
15.0,-1.53130532e-06,-591370.787,4.74936132e-06,0.0255596181,-6510354.19,-0.0065173381,2056.35132006
