Displacement,FX,FY,FZ,MX,MY,MZ,L
15.0,6.54828455e-07,-108683.511,-6.25546363e-07,0.0577107487,-747485.63,0.0996001206,2882.74873364
