Displacement,FX,FY,FZ,MX,MY,MZ,L
0.0628,-4.76837158e-07,5.73155948,-8.10623169e-06,-0.0239693069,-45771.463,0.00159025475,2991.96264133
