Displacement,FX,FY,FZ,MX,MY,MZ,L
15.0,-5.61067282e-07,33912.8877,-1.26422947e-07,0.0011320159,268479.671,0.00166529519,3042.57445657
