Displacement,FX,FY,FZ,MX,MY,MZ,L
15.0,-1.47123865e-05,101127.382,-7.80749906e-06,-0.017303182,858594.735,0.0321864023,2181.02111754
