Displacement,FX,FY,FZ,MX,MY,MZ,L
15.0,3.47304176,1.6707927e-06,-0.000334594399,-3.6237998,-7.15945774,1.30901259,4925.20561183
