Displacement,FX,FY,FZ,MX,MY,MZ,L
15.0,17.5561502,0.000146336854,-0.00689661503,-16.7432957,6.96926094,8.13022691,3797.03155557
