Displacement,FX,FY,FZ,MX,MY,MZ,L
0.0628,7.62939453e-06,-36.8822715,-2.86102295e-06,-0.00840413177,-225119.729,-0.0201089399,2570.87640727
