Displacement,FX,FY,FZ,MX,MY,MZ,L
15.0,5.05005371,3.16975638e-06,-0.00929072499,-5.95732327,12.1618373,1.94681558,4485.95531771
