Displacement,FX,FY,FZ,MX,MY,MZ,L
0.0628,0.0,3.33700664,3.33786011e-06,0.0107935784,-39810.7238,0.0024449889,3106.33214644
