Displacement,FX,FY,FZ,MX,MY,MZ,L
0.0628,6.43730164e-06,1.45990926,-9.53674316e-07,-0.00116810819,-14674.5792,-0.0206314033,3098.80267976
