Displacement,FX,FY,FZ,MX,MY,MZ,L
0.0628,3.05175781e-05,-24.2258951,-2.28881836e-05,-0.0428061005,-643201.183,-0.0672457784,2015.12399582
