Displacement,FX,FY,FZ,MX,MY,MZ,L
15.0,2.68459189e-06,-181347.639,5.14701969e-06,0.00970646553,-1053616.78,-0.0100858238,2317.52589578
