Displacement,FX,FY,FZ,MX,MY,MZ,L
15.0,332.079933,4.60147858e-05,-0.00828528404,-171.130801,-574.858134,246.388828,2474.78471127
