Displacement,FX,FY,FZ,MX,MY,MZ,L
15.0,13.0529454,3.71858478e-05,-0.000215888023,-12.1321967,-9.92297491,5.73504335,4040.18333739
