Displacement,FX,FY,FZ,MX,MY,MZ,L
15.0,96.2105458,1.02519989e-05,-0.00706613064,-61.4310399,-182.538326,60.1877397,2965.18868952
