Displacement,FX,FY,FZ,MX,MY,MZ,L
15.0,295.969575,0.000523030758,0.0396828651,-194.552707,-207.396231,210.142959,2454.46666945
