Displacement,FX,FY,FZ,MX,MY,MZ,L
15.0,1017.18743,0.000465929508,0.147340298,-469.204732,-1368.27855,868.679805,2087.41099911
