Displacement,FX,FY,FZ,MX,MY,MZ,L
15.0,-2.23013353e-06,-157097.606,2.23189727e-06,0.00595420343,-1122858.38,0.00893114135,2613.75947326
