Displacement,FX,FY,FZ,MX,MY,MZ,L
0.0628,7.62939453e-06,44.037801,0.0,4.07162588e-08,-214346.31,-0.0172166723,2181.02111754
