Displacement,FX,FY,FZ,MX,MY,MZ,L
15.0,171.212314,1.66893005e-05,-0.00819396973,-106.326986,-307.571514,118.051897,2663.33648551
