Displacement,FX,FY,FZ,MX,MY,MZ,L
15.0,8.3035038,1.96695328e-06,-0.00111833215,-7.85554358,-17.235585,3.7108119,4249.53839589
