Displacement,FX,FY,FZ,MX,MY,MZ,L
0.0628,0.0,-77.258113,0.0,0.00072899047,-554144.525,-0.000421062813,2055.24222855
