Displacement,FX,FY,FZ,MX,MY,MZ,L
15.0,46.8406043,5.86360693e-05,0.00318777561,-37.0680892,-57.3357437,25.1489557,3300.78015626
