Displacement,FX,FY,FZ,MX,MY,MZ,L
0.0628,-4.76837158e-07,2.48501707,6.19888306e-06,0.0195365596,-25362.0969,0.0023929757,3200.10419665
