Displacement,FX,FY,FZ,MX,MY,MZ,L
15.0,136.343927,3.6239624e-05,0.000644505024,-86.6858622,-238.596413,88.1919329,2803.12822254
