Displacement,FX,FY,FZ,MX,MY,MZ,L
15.0,6.36358891e-07,65274.5499,-1.14951458e-05,-0.0327775385,593612.804,-0.00546590367,2668.09891134
