Displacement,FX,FY,FZ,MX,MY,MZ,L
0.0628,-1.66893005e-06,0.847482938,0.0,0.00106398793,-15061.6186,0.00669383277,3313.32976782
