Displacement,FX,FY,FZ,MX,MY,MZ,L
15.0,3.07295522e-06,4373.39348,2.80444166e-06,0.011377896,25937.5918,-0.0162314446,4399.19805168
