Displacement,FX,FY,FZ,MX,MY,MZ,L
0.0628,1.43051147e-06,-5.91249705,-1.43051147e-06,-0.00468241915,-44348.6415,-0.00539361342,3480.56164028
