Displacement,FX,FY,FZ,MX,MY,MZ,L
0.0628,1.90734863e-06,15.8932494,-6.67572021e-06,-0.0132090931,-46647.5849,-0.00489691066,2501.43709953
