Displacement,FX,FY,FZ,MX,MY,MZ,L
15.0,-1.13269834e-06,36392.1643,2.43062095e-06,0.00676036693,297212.662,0.00350293641,2748.58634884
