Displacement,FX,FY,FZ,MX,MY,MZ,L
0.0628,-2.86102295e-06,-14.8678127,-2.62260437e-06,-0.00914217425,-77688.2857,0.0114201176,3485.91885417
