Displacement,FX,FY,FZ,MX,MY,MZ,L
15.0,5.66747754,2.19792128e-06,0.0449163141,-5.60831534,-23.2465369,2.29908816,4560.93352468
