Displacement,FX,FY,FZ,MX,MY,MZ,L
15.0,-3.69941627e-05,50518.6165,3.24099423e-05,0.0321506766,438702.941,0.0616457812,2862.50379229
