Displacement,FX,FY,FZ,MX,MY,MZ,L
15.0,727.028034,0.000102043152,-0.0305957794,-325.662855,-1185.92003,616.429932,2178.51035792
