Displacement,FX,FY,FZ,MX,MY,MZ,L
0.0628,-2.38418579e-07,-4.84152612,-2.38418579e-06,-0.00841072778,-30824.3909,0.00156052925,3712.0078521
