Displacement,FX,FY,FZ,MX,MY,MZ,L
0.0628,0.0,-0.282009806,4.76837158e-07,0.00172601717,-10661.6493,0.00156765109,2810.91974901
