Displacement,FX,FY,FZ,MX,MY,MZ,L
15.0,-2.17398338e-06,420388.453,2.25747217e-05,0.0444807131,5116709.49,0.00479925238,1986.33491686
