Displacement,FX,FY,FZ,MX,MY,MZ,L
15.0,96.618069,0.000569395721,-0.0416278839,-76.7504257,23.3865924,57.8502134,2901.44027159
