Displacement,FX,FY,FZ,MX,MY,MZ,L
0.0628,7.62939453e-06,-104.829261,0.0,-0.00066073229,-553685.524,-0.0185373962,2204.74184772
