Displacement,FX,FY,FZ,MX,MY,MZ,L
15.0,-1.25188853e-06,45312.9009,2.61778951e-07,0.00108802365,379592.458,0.00401130119,2852.98055884
