Displacement,FX,FY,FZ,MX,MY,MZ,L
0.0628,7.62939453e-06,5.20681226,0.0,0.00194306512,-23718.6625,-0.0193712479,2636.72641875
