Displacement,FX,FY,FZ,MX,MY,MZ,L
15.0,-3.34696319e-05,1420.46871,-1.90938547e-05,-0.141924791,7921.91108,0.190044617,4546.62572051
