Displacement,FX,FY,FZ,MX,MY,MZ,L
0.0628,0.0,-77.5544923,-3.81469727e-06,-0.00898683373,-480371.781,0.000631448894,2260.18864268
