Displacement,FX,FY,FZ,MX,MY,MZ,L
0.0628,9.53674316e-07,-0.767770418,1.43051147e-06,0.00279937942,-16318.6353,-0.00522867631,2501.48070394
