Displacement,FX,FY,FZ,MX,MY,MZ,L
15.0,154.897641,6.91264868e-05,0.0103849918,-102.18261,-242.23511,101.707716,2723.18897206
