Displacement,FX,FY,FZ,MX,MY,MZ,L
0.0628,-7.62939453e-06,-33.5101612,-3.81469727e-06,-0.00989193693,-189078.916,0.0205132032,2768.05957203
