Displacement,FX,FY,FZ,MX,MY,MZ,L
15.0,487.596197,0.000696897507,0.0750250816,-279.684719,-334.820586,364.20487,2333.72974392
