Displacement,FX,FY,FZ,MX,MY,MZ,L
15.0,-1.01099795e-06,28782.9887,-1.25000952e-06,-0.00366731198,234039.692,0.00302233591,2753.64654222
