Displacement,FX,FY,FZ,MX,MY,MZ,L
15.0,735.847796,0.000171661377,0.016602993,-334.027335,-1165.6965,609.988052,2196.38412646
