Displacement,FX,FY,FZ,MX,MY,MZ,L
0.0628,0.0,-225.614567,1.52587891e-05,0.0269645281,-1347571.13,0.00305175898,1767.18490656
