Displacement,FX,FY,FZ,MX,MY,MZ,L
0.0628,0.0,-89.5064181,0.0,0.000495480295,-477922.563,-0.000190719962,2204.22001318
