Displacement,FX,FY,FZ,MX,MY,MZ,L
15.0,5.69567783e-06,699005.555,-5.08073754e-07,-0.000812406186,9486188.43,-0.0096480865,1767.18490656
