Displacement,FX,FY,FZ,MX,MY,MZ,L
0.0628,-1.14440918e-05,9.38510291,7.62939453e-06,0.0329186898,-130002.894,0.0374090826,2614.40298551
