Displacement,FX,FY,FZ,MX,MY,MZ,L
15.0,36.5783928,8.53762031e-05,0.000757396221,-30.4207864,-27.3391101,18.8028063,3429.8830061
