Displacement,FX,FY,FZ,MX,MY,MZ,L
15.0,800.076504,0.000461757183,0.138883054,-404.528235,-1017.08603,661.584784,2141.75882721
