Displacement,FX,FY,FZ,MX,MY,MZ,L
0.0628,0.0,-63.3636812,0.0,0.00152372741,-619348.728,0.00264049589,1981.00758183
