Displacement,FX,FY,FZ,MX,MY,MZ,L
15.0,1041.20358,0.000395536423,0.105318308,-508.352662,-1453.73196,924.392929,2016.72263315
