Displacement,FX,FY,FZ,MX,MY,MZ,L
15.0,-3.89584966e-06,-180483.118,2.47918797e-06,-0.00177803496,-1289564.84,0.0155229761,2614.40298551
