Displacement,FX,FY,FZ,MX,MY,MZ,L
15.0,120.432213,0.000304013491,-0.000980377197,-85.291195,-54.0447287,73.1438578,2877.56823917
