Displacement,FX,FY,FZ,MX,MY,MZ,L
15.0,192.02893,0.000991672277,-0.0797915459,-141.625052,34.7209634,127.580472,2603.28678122
