Displacement,FX,FY,FZ,MX,MY,MZ,L
15.0,231.779113,2.45571136e-05,-0.0144116879,-130.677094,-413.895574,166.72613,2571.43631056
