Displacement,FX,FY,FZ,MX,MY,MZ,L
15.0,15.7280338,2.32681632e-05,0.000292420387,-13.506104,-20.1815449,7.04492129,3986.29297368
