Displacement,FX,FY,FZ,MX,MY,MZ,L
15.0,1.52984285e-07,-1019972.15,-5.75798276e-06,-0.00742864469,-13795004.5,0.000341758598,1706.8568701
