Displacement,FX,FY,FZ,MX,MY,MZ,L
0.0628,5.36441803e-07,-2.14560918,-7.15255737e-07,-0.00226116907,-20975.1004,-0.00291853198,3678.58312278
