Displacement,FX,FY,FZ,MX,MY,MZ,L
15.0,-2.39491055e-06,26320.6866,1.6292106e-05,0.00422808409,174188.191,-0.0188739441,2576.50703212
