Displacement,FX,FY,FZ,MX,MY,MZ,L
15.0,1581.96018,0.000144958496,-0.142787933,-591.520644,-2386.39976,1544.00084,1919.63301839
