Displacement,FX,FY,FZ,MX,MY,MZ,L
0.0628,-4.76837158e-07,3.75790711,9.53674316e-07,0.00291104583,-22778.4649,0.00145562495,3052.5406879
