Displacement,FX,FY,FZ,MX,MY,MZ,L
15.0,317.543256,0.000233888626,0.0498892069,-188.062767,-395.811085,227.013183,2469.78960626
