Displacement,FX,FY,FZ,MX,MY,MZ,L
15.0,3.70857379e-07,-293878.522,-5.76672392e-07,-0.00236473442,-2644681.69,0.000706828549,2377.5249954
