Displacement,FX,FY,FZ,MX,MY,MZ,L
15.0,82.1469981,0.000163942575,0.00450265408,-59.7638285,-60.1153694,47.0877331,3064.30950157
