Displacement,FX,FY,FZ,MX,MY,MZ,L
15.0,467.216144,8.4400177e-05,-0.0130128413,-244.395621,-775.24862,374.647657,2284.97908402
