Displacement,FX,FY,FZ,MX,MY,MZ,L
15.0,-3.05371714e-05,27904.5766,-2.56361164e-06,-0.00756856606,220823.069,0.092546209,3041.99872505
