Displacement,FX,FY,FZ,MX,MY,MZ,L
0.0628,0.0,17.4364828,1.90734863e-06,0.0114467445,-148389.997,-0.00388896865,2469.78960626
