Displacement,FX,FY,FZ,MX,MY,MZ,L
0.0628,0.0,30.2220812,-3.81469727e-06,-0.0088720652,-189497.389,0.0144025107,2325.7622628
