Displacement,FX,FY,FZ,MX,MY,MZ,L
15.0,15.2742,2.14567408e-05,-0.0544915795,-16.8268943,43.0285491,6.95812126,3703.70958597
