Displacement,FX,FY,FZ,MX,MY,MZ,L
15.0,26.148153,9.88692045e-06,-0.00100592524,-20.1585708,-50.2540601,12.9975043,3675.62641222
