Displacement,FX,FY,FZ,MX,MY,MZ,L
15.0,4.01095758e-06,-93181.3705,2.95770883e-06,0.00816866738,-680760.607,-0.012392228,3077.38139792
