Displacement,FX,FY,FZ,MX,MY,MZ,L
15.0,169.984267,0.00376582146,-0.45352602,-143.424563,279.844643,112.624908,2559.90216823
