Displacement,FX,FY,FZ,MX,MY,MZ,L
15.0,5.63515949e-05,8858.65991,8.75551723e-06,0.0177990767,67357.3487,-0.158817946,2483.05737886
