Displacement,FX,FY,FZ,MX,MY,MZ,L
15.0,5.394033e-06,11755.3285,3.87452337e-06,-0.0809308927,85986.9832,0.0431455071,3163.87644349
