Displacement,FX,FY,FZ,MX,MY,MZ,L
15.0,24.5885224,1.19488686e-05,-0.000568564981,-19.6791654,-45.4452119,12.1128507,3685.34185807
