Displacement,FX,FY,FZ,MX,MY,MZ,L
15.0,3.15072612e-07,30006.0482,3.39975668e-06,0.0101228427,243591.252,0.0016007815,2758.31531994
