Displacement,FX,FY,FZ,MX,MY,MZ,L
15.0,218.524068,1.34706497e-05,-0.0241806507,-125.956129,-389.823328,160.540263,2553.63036145
