Displacement,FX,FY,FZ,MX,MY,MZ,L
15.0,9.8970304e-07,-324170.239,-1.01678779e-06,-0.00131973787,-2733787.83,-0.00286409678,2293.41772872
