Displacement,FX,FY,FZ,MX,MY,MZ,L
15.0,30.4907698,9.95956361e-05,-0.00165718794,-25.417892,-13.2372459,15.0708528,3564.30185565
