Displacement,FX,FY,FZ,MX,MY,MZ,L
15.0,529.215729,2.62260437e-06,-0.0679721832,-262.564318,-869.651449,452.549291,2204.74184772
