Displacement,FX,FY,FZ,MX,MY,MZ,L
15.0,8.38851884e-06,7279.55718,1.99493256e-05,0.0755415008,46333.2651,-0.0331853706,3850.03777833
