Displacement,FX,FY,FZ,MX,MY,MZ,L
15.0,-4.5709312e-06,264131.987,6.35498509e-07,0.000717139686,2981393.84,0.00648522342,2130.54533019
