Displacement,FX,FY,FZ,MX,MY,MZ,L
0.0628,-7.62939453e-06,-48.0427253,-7.62939453e-06,-0.0205416031,-259417.738,0.0196236194,2668.65464942
