Displacement,FX,FY,FZ,MX,MY,MZ,L
15.0,0.000557587333,4240.55759,-0.000251662184,-0.416508103,17802.1331,-1.18033019,2591.34236793
