Displacement,FX,FY,FZ,MX,MY,MZ,L
0.0628,0.0,29.3200492,0.0,-0.000897708043,-461019.865,0.00155475107,2017.33297696
