Displacement,FX,FY,FZ,MX,MY,MZ,L
15.0,71.1388368,2.18153e-05,-0.000792682171,-47.5655871,-130.428141,41.055872,3152.23593608
