Displacement,FX,FY,FZ,MX,MY,MZ,L
15.0,1.90240115e-07,-13971.5262,-3.58738494e-06,-0.0158370992,-66434.4893,0.00725520666,4558.73365654
