Displacement,FX,FY,FZ,MX,MY,MZ,L
15.0,107.049367,0.000391840935,-0.017747879,-79.6082402,-13.7952107,64.2419646,2904.55732041
