Displacement,FX,FY,FZ,MX,MY,MZ,L
0.0628,0.0,-1.73483563,7.62939453e-06,0.0179306742,-250699.129,-1.68602128e-08,2350.21740851
