Displacement,FX,FY,FZ,MX,MY,MZ,L
15.0,27.7660116,0.000327564776,-0.0220065117,-25.7262396,23.5898574,13.8106703,3512.75130256
