Displacement,FX,FY,FZ,MX,MY,MZ,L
15.0,1.11535483e-05,148187.054,-1.35687587e-05,-0.0432249972,1529922.21,-0.106179858,2341.86975262
