Displacement,FX,FY,FZ,MX,MY,MZ,L
15.0,46.3132216,3.65823507e-05,-0.185918331,-46.7859737,120.086139,25.1545341,3077.51551709
