Displacement,FX,FY,FZ,MX,MY,MZ,L
15.0,-1.3820536e-06,133869.119,-1.25508814e-05,0.0606867831,1350918.05,-0.173899827,2424.09108741
