Displacement,FX,FY,FZ,MX,MY,MZ,L
15.0,18.9983083,5.18932939e-05,-7.84397125e-05,-17.0921346,-14.3820378,8.86040705,3795.96966334
