Displacement,FX,FY,FZ,MX,MY,MZ,L
15.0,9.78107689e-07,625.458957,-1.08962471e-06,-0.0044688818,2930.41147,-0.00617145278,5755.32244978
