Displacement,FX,FY,FZ,MX,MY,MZ,L
15.0,1188.11139,0.000115394592,-0.137319565,-474.179863,-1828.4698,1128.06472,1986.33491686
