Displacement,FX,FY,FZ,MX,MY,MZ,L
15.0,1933.45166,0.000410079956,-0.114875793,-819.435992,-2746.82949,1995.08861,1784.47589681
