Displacement,FX,FY,FZ,MX,MY,MZ,L
15.0,-2.50880294e-06,19368.4915,1.38320174e-05,0.0371204319,151559.651,0.00802474528,2889.98771616
