Displacement,FX,FY,FZ,MX,MY,MZ,L
15.0,1.63185159e-05,18215.6043,1.61487278e-05,0.0654713762,137393.181,-0.0497964319,3047.30791973
