Displacement,FX,FY,FZ,MX,MY,MZ,L
15.0,2019.52712,0.000194549561,-0.282844543,-791.363871,-2849.36759,2151.99787,1766.65024502
