Displacement,FX,FY,FZ,MX,MY,MZ,L
0.0628,0.0,-49.0083413,0.0,0.000173963011,-251576.481,0.000300570304,2765.85679151
