Displacement,FX,FY,FZ,MX,MY,MZ,L
15.0,-3.80637175e-07,-101950.069,-6.14278974e-07,-0.00505235879,-781053.089,-0.00363364397,2977.45951488
