Displacement,FX,FY,FZ,MX,MY,MZ,L
15.0,2.19807407e-06,5533.46015,-3.31698925e-06,-0.0113060861,38054.4255,-0.00918253235,3429.8830061
