Displacement,FX,FY,FZ,MX,MY,MZ,L
15.0,459.897335,0.00102460384,0.0336465836,-286.118412,-210.669117,346.022877,2305.78316462
