Displacement,FX,FY,FZ,MX,MY,MZ,L
15.0,4.23651409e-06,1220.74674,-9.16655907e-08,0.000928952819,6536.56013,-0.0178317295,4808.86341233
