Displacement,FX,FY,FZ,MX,MY,MZ,L
15.0,8.19010893e-07,102258.8,5.6724457e-07,0.00323191669,991790.481,-0.00208078136,2376.93978858
