Displacement,FX,FY,FZ,MX,MY,MZ,L
0.0628,0.0,43.4417848,3.81469727e-06,0.00817013812,-287924.657,-0.00111486804,2141.75882721
