Displacement,FX,FY,FZ,MX,MY,MZ,L
15.0,65.6828321,2.79918313e-05,0.000642485917,-45.2715473,-116.005738,37.2882932,3184.51164855
