Displacement,FX,FY,FZ,MX,MY,MZ,L
15.0,4.57247779e-07,5971.02151,-5.82288976e-07,-0.000739840936,36417.5177,-0.00165975593,4147.14681246
