Displacement,FX,FY,FZ,MX,MY,MZ,L
15.0,-5.4177217e-06,73512.724,-1.56480601e-05,-0.00419444736,670521.956,-0.0408129489,2404.5207214
