Displacement,FX,FY,FZ,MX,MY,MZ,L
0.0628,4.76837158e-07,-11.9737765,4.76837158e-07,0.00137382994,-71843.3544,-0.00140381573,3351.48321994
