Displacement,FX,FY,FZ,MX,MY,MZ,L
15.0,-2.08648089e-06,-318047.536,1.30877379e-06,0.0050548329,-2822530.56,0.0019823662,2245.38810753
