Displacement,FX,FY,FZ,MX,MY,MZ,L
0.0628,0.0,-27.5998632,0.0,-0.000199872871,-162885.053,0.000115207774,2852.98055884
