Displacement,FX,FY,FZ,MX,MY,MZ,L
15.0,732.073356,0.000623226166,0.157924175,-374.63201,-753.502921,582.320159,2207.15301088
