Displacement,FX,FY,FZ,MX,MY,MZ,L
15.0,1.45675585e-07,52180.2846,-1.21715129e-06,-0.0206590515,387719.455,0.00866571299,2333.72974392
