Displacement,FX,FY,FZ,MX,MY,MZ,L
0.0628,0.0,22.2633376,-1.90734863e-06,-0.00472931452,-57854.5482,-0.000178380511,2317.52589578
