Displacement,FX,FY,FZ,MX,MY,MZ,L
15.0,153.153973,0.000797972083,-0.0648174286,-115.226558,30.8601431,98.1600316,2702.69677517
