Displacement,FX,FY,FZ,MX,MY,MZ,L
0.0628,7.27176666e-06,-0.259084975,4.76837158e-06,0.0157065805,-18784.9746,-0.0229700086,3498.62312407
