Displacement,FX,FY,FZ,MX,MY,MZ,L
0.0628,4.76837158e-06,-13.2144211,-3.81469727e-06,-0.0114827471,-102856.015,-0.0144533993,3017.50547605
