Displacement,FX,FY,FZ,MX,MY,MZ,L
15.0,6.0385673,6.24731183e-06,-0.000204466283,-5.88629406,-10.1502042,2.39025087,4572.53605523
