Displacement,FX,FY,FZ,MX,MY,MZ,L
15.0,1042.8258,0.000211238861,-0.0586795807,-485.923619,-1602.02624,969.941499,1981.00758183
