Displacement,FX,FY,FZ,MX,MY,MZ,L
15.0,6.10198185e-07,-293276.11,-3.14747831e-06,-0.00922889425,-2743495.82,-0.00836923777,2374.73504673
