Displacement,FX,FY,FZ,MX,MY,MZ,L
15.0,998.956683,6.43730164e-05,-0.0690898895,-422.084984,-1580.36313,903.428193,2056.35132006
