Displacement,FX,FY,FZ,MX,MY,MZ,L
15.0,-1.49664811e-05,30891.5881,-8.30955855e-07,-0.00359664182,241760.91,0.0489151335,3189.56193439
