Displacement,FX,FY,FZ,MX,MY,MZ,L
15.0,-6.04460365e-06,369897.491,-1.74167508e-06,-0.16943899,4502568.98,-0.0845230315,1985.78983487
