Displacement,FX,FY,FZ,MX,MY,MZ,L
0.0628,-9.53674316e-07,5.81940507,-2.38418579e-06,-0.00653198738,-25297.7568,0.002217679,2806.29558772
