Displacement,FX,FY,FZ,MX,MY,MZ,L
15.0,-3.11567783e-05,48262.0946,3.02688629e-05,0.087165201,410887.607,0.0895078717,2872.7662376
