Displacement,FX,FY,FZ,MX,MY,MZ,L
15.0,613.036915,6.15119934e-05,-0.0706758499,-278.074616,-1007.3164,524.586158,2205.2846591
