Displacement,FX,FY,FZ,MX,MY,MZ,L
15.0,-1.65629899e-07,108591.852,1.16301089e-06,-0.00714321248,1046553.05,-0.00557758345,2245.38810753
