Displacement,FX,FY,FZ,MX,MY,MZ,L
15.0,2.15649709e-06,1955.63451,9.12787559e-07,0.00374895923,10887.3448,-0.00858444125,4572.53605523
