Displacement,FX,FY,FZ,MX,MY,MZ,L
15.0,2.11892802e-06,-133640.318,9.04662193e-06,0.0248203112,-801718.834,-0.00465690723,2648.69152046
