Displacement,FX,FY,FZ,MX,MY,MZ,L
15.0,432.368489,0.000722408295,0.0671482086,-264.890157,-298.307271,322.681977,2333.04552145
