Displacement,FX,FY,FZ,MX,MY,MZ,L
0.0628,1.14440918e-05,-18.5534428,-1.14440918e-05,-0.0263679611,-257772.358,-0.0285941097,2455.01413566
