Displacement,FX,FY,FZ,MX,MY,MZ,L
15.0,155.739467,0.000122666359,0.0185260177,-101.941337,-204.541075,99.9585153,2758.31531994
