Displacement,FX,FY,FZ,MX,MY,MZ,L
15.0,2.93789989,2.53021717e-05,-0.000482425094,-3.33391246,0.105191632,1.0408941,5045.57010707
