Displacement,FX,FY,FZ,MX,MY,MZ,L
15.0,1.20863706e-06,-196298.585,-6.44386091e-07,-0.00196762825,-1429641.98,-0.000948033179,2479.52576486
