Displacement,FX,FY,FZ,MX,MY,MZ,L
15.0,61.8248018,1.22413039e-05,-0.450853825,-68.2170834,186.628482,34.378724,2747.38277772
