Displacement,FX,FY,FZ,MX,MY,MZ,L
15.0,4.45294427e-06,329865.821,0.000120124536,0.236924039,3687236.75,-0.00826283859,2015.12399582
