Displacement,FX,FY,FZ,MX,MY,MZ,L
15.0,4.49561554,1.40070915e-06,-0.000561002642,-4.53222045,-9.48830037,1.8044748,4713.66486414
