Displacement,FX,FY,FZ,MX,MY,MZ,L
15.0,5.39646135e-06,-511999.194,1.76350886e-06,0.00358225824,-5345391.94,-0.0100923809,2096.23022797
