Displacement,FX,FY,FZ,MX,MY,MZ,L
0.0628,0.0,-16.4478393,-2.14576721e-06,-0.00941966192,-85556.4771,-0.00105751872,3358.73589327
