Displacement,FX,FY,FZ,MX,MY,MZ,L
15.0,551.306026,8.17775726e-05,-0.0353820324,-291.915764,-900.803781,466.753788,2177.37640151
