Displacement,FX,FY,FZ,MX,MY,MZ,L
15.0,18.4675086,8.03917646e-06,-0.000905454624,-15.2118979,-35.8861018,8.77525083,3850.03777833
