Displacement,FX,FY,FZ,MX,MY,MZ,L
15.0,-5.16520868e-06,4191.77203,1.96613024e-06,0.00648514917,24993.0274,0.0183325446,4186.58334662
