Displacement,FX,FY,FZ,MX,MY,MZ,L
15.0,-6.14847204e-05,-86125.5885,-4.31432113e-07,-0.000140193501,-645119.135,0.188671372,3082.14243809
