Displacement,FX,FY,FZ,MX,MY,MZ,L
15.0,7.68245357,2.1904707e-06,-0.000959545374,-7.35674631,-16.0417648,3.36690327,4304.30752695
