Displacement,FX,FY,FZ,MX,MY,MZ,L
15.0,58.517459,1.43647194e-05,-0.00140859187,-43.6607046,-107.409318,33.7493096,3151.63945386
