Displacement,FX,FY,FZ,MX,MY,MZ,L
15.0,-3.07831215e-06,172520.889,2.11068618e-05,0.533642945,1781379.86,-0.052657509,2342.42417483
