Displacement,FX,FY,FZ,MX,MY,MZ,L
0.0628,0.0,5.99934059,5.7220459e-06,0.0146937261,-211264.428,-0.00161315302,2405.13542809
