Displacement,FX,FY,FZ,MX,MY,MZ,L
15.0,-8.83926987e-07,-596461.141,-1.22480487e-05,-0.0236577815,-6065436.75,-3.48156318e-05,2017.33297696
