Displacement,FX,FY,FZ,MX,MY,MZ,L
0.0628,2.86102295e-06,10.733049,9.53674316e-07,0.0100337935,-78768.4226,-0.0127235249,2733.27168652
