Displacement,FX,FY,FZ,MX,MY,MZ,L
0.0628,0.0,-174.025241,-7.62939453e-06,-0.0134752441,-1074338.46,0.00152670662,1766.13228367
