Displacement,FX,FY,FZ,MX,MY,MZ,L
0.0628,2.38418579e-07,-3.97921849,1.43051147e-06,0.00549447165,-25722.3299,0.00057692859,3769.01989572
