Displacement,FX,FY,FZ,MX,MY,MZ,L
15.0,4.38024581e-05,93672.0063,4.85286546e-05,0.17872093,894974.269,0.0662309905,2553.63036145
