Displacement,FX,FY,FZ,MX,MY,MZ,L
15.0,3.13648343e-08,14043.3658,-7.05302818e-06,-0.0219824689,102037.266,-0.000125642269,3203.95301887
