Displacement,FX,FY,FZ,MX,MY,MZ,L
0.0628,1.90734863e-06,2.10271665,4.29153442e-06,0.0115017431,-17159.9525,-0.00386826743,2660.62332159
