Displacement,FX,FY,FZ,MX,MY,MZ,L
15.0,584.433656,0.00132608414,0.0574121475,-365.916681,-268.121952,461.706567,2191.15694061
