Displacement,FX,FY,FZ,MX,MY,MZ,L
15.0,3.07393074,6.70552254e-07,-0.000451652333,-3.4549341,-6.48580462,1.19991785,4885.82039561
