Displacement,FX,FY,FZ,MX,MY,MZ,L
0.0628,1.90734863e-06,23.1458098,-1.90734863e-06,-0.0067964896,-138911.129,-0.00353772129,2480.18302824
