Displacement,FX,FY,FZ,MX,MY,MZ,L
15.0,305.742361,9.31024551e-05,0.00844454765,-175.301536,-501.530546,225.211163,2454.40985558
