Displacement,FX,FY,FZ,MX,MY,MZ,L
15.0,-6.2948282e-05,112963.164,-5.61968773e-06,-0.0145501347,1020833.06,0.135875108,2181.66075516
