Displacement,FX,FY,FZ,MX,MY,MZ,L
15.0,23.4196967,0.000481396914,-0.032494545,-22.852583,33.866559,11.445678,3566.68144624
