Displacement,FX,FY,FZ,MX,MY,MZ,L
0.0628,0.0,5.94395909,0.0,0.000465668901,-185963.468,0.000806641491,2404.5207214
