Displacement,FX,FY,FZ,MX,MY,MZ,L
0.0628,-3.57627869e-07,-0.196312776,4.76837158e-07,0.00260435256,-23687.1905,0.00117939906,3439.37592397
