Displacement,FX,FY,FZ,MX,MY,MZ,L
15.0,-8.90751835e-07,151870.814,7.80932896e-06,0.016092567,1528274.55,0.000735205889,2183.52241761
