Displacement,FX,FY,FZ,MX,MY,MZ,L
15.0,38.039009,6.67572021e-06,-0.00361421704,-29.3611301,-75.2546836,21.0609725,3358.73589327
