Displacement,FX,FY,FZ,MX,MY,MZ,L
15.0,-1.6001668e-06,3578.20146,9.58852695e-08,-0.000525841278,21398.9827,0.00810898778,4158.73602286
