Displacement,FX,FY,FZ,MX,MY,MZ,L
15.0,-3.13052442e-06,403818.159,1.28540705e-07,6.50191214e-05,4756737.38,0.00898836448,1907.34095088
