Displacement,FX,FY,FZ,MX,MY,MZ,L
15.0,-3.46546858e-06,2897.19076,-1.08370841e-06,0.030234758,9186.08779,0.0219222869,2869.12423616
