Displacement,FX,FY,FZ,MX,MY,MZ,L
15.0,-1.0539196e-05,17359.5882,1.53565725e-05,0.0501603565,126788.878,0.034281471,3286.35335332
