Displacement,FX,FY,FZ,MX,MY,MZ,L
0.0628,-1.90734863e-06,-11.4468007,2.14576721e-06,0.00911388194,-58983.1832,0.00419014124,3610.5297907
