Displacement,FX,FY,FZ,MX,MY,MZ,L
15.0,1.73347144e-06,28268.2244,4.26697625e-06,0.01257433,221824.915,-0.00807567245,2900.62636043
