Displacement,FX,FY,FZ,MX,MY,MZ,L
15.0,2.07326366e-06,-108783.32,-8.64463118e-07,-0.00226340833,-812095.43,-0.00584174896,2965.18868952
