Displacement,FX,FY,FZ,MX,MY,MZ,L
0.0628,-3.33786011e-06,-14.4225943,4.76837158e-07,0.00209182735,-78779.3579,0.0117040928,3520.75155928
