Displacement,FX,FY,FZ,MX,MY,MZ,L
0.0628,1.31130219e-06,-10.1558556,5.7220459e-06,0.0237234622,-51029.5079,-0.00180099443,3832.81080964
