Displacement,FX,FY,FZ,MX,MY,MZ,L
15.0,-6.32418669e-05,2680.67927,-0.000133374536,-0.605183024,14627.7938,0.338559331,4838.57226829
