Displacement,FX,FY,FZ,MX,MY,MZ,L
15.0,2.37735298e-06,-119104.063,-2.64267692e-06,-0.0106135525,-850934.781,-0.00834928348,2850.45988133
