Displacement,FX,FY,FZ,MX,MY,MZ,L
15.0,2.52123755e-06,242935.279,8.36324944e-07,-0.000421639532,2680735.93,-0.00513478927,2205.2846591
