Displacement,FX,FY,FZ,MX,MY,MZ,L
15.0,9.39760153,2.71201134e-06,-0.000790460967,-8.79477541,-19.0605129,4.13373295,4196.61244226
