Displacement,FX,FY,FZ,MX,MY,MZ,L
0.0628,-1.90734863e-06,-1.46079145,-1.90734863e-06,-0.00349365909,-161537.39,0.00515785398,2564.19079448
