Displacement,FX,FY,FZ,MX,MY,MZ,L
15.0,19.5388054,3.74019146e-06,-0.00236737728,-16.8393809,-39.6666434,9.94091815,3690.41536287
