Displacement,FX,FY,FZ,MX,MY,MZ,L
15.0,1.56512215e-07,-184999.823,-1.89001412e-06,-0.00342619035,-1512397.33,0.00451117795,2663.9165254
