Displacement,FX,FY,FZ,MX,MY,MZ,L
15.0,33.9939473,-1.40443444e-06,-0.190356731,-36.5954637,104.252861,17.3550949,3183.2671002
