Displacement,FX,FY,FZ,MX,MY,MZ,L
15.0,-7.33698835e-06,94323.9551,-1.61554635e-06,-0.00423778041,896210.758,0.0185306782,2474.198961
