Displacement,FX,FY,FZ,MX,MY,MZ,L
15.0,-3.34395336e-05,-480711.625,6.63249011e-06,0.0141105279,-4598323.43,0.0668268411,2086.77945321
