Displacement,FX,FY,FZ,MX,MY,MZ,L
15.0,75.7068713,1.20997429e-05,-0.00713181496,-49.5698996,-145.933598,46.0074392,3077.38139792
