Displacement,FX,FY,FZ,MX,MY,MZ,L
0.0628,7.62939453e-06,-10.4192953,-4.76837158e-06,-0.0129075487,-142459.035,-0.0200190586,2683.37004636
