Displacement,FX,FY,FZ,MX,MY,MZ,L
15.0,5.44692739e-07,6310.70092,-3.86172363e-06,-0.0249251215,41755.7544,-0.00529442643,3624.93353248
