Displacement,FX,FY,FZ,MX,MY,MZ,L
15.0,-5.28676901e-06,359245.65,7.13713962e-06,0.0152571497,4221118.18,0.211636203,1906.76388514
