Displacement,FX,FY,FZ,MX,MY,MZ,L
15.0,4.84933298e-06,-232345.012,1.80911252e-06,-0.00299740757,-2079410.79,-0.0192799678,2554.18650878
