Displacement,FX,FY,FZ,MX,MY,MZ,L
15.0,-5.67660118e-06,-178364.328,-9.92040896e-07,-0.00690627377,-1489488.37,0.0146595542,2558.59394712
