Displacement,FX,FY,FZ,MX,MY,MZ,L
15.0,-2.3313894e-06,3115.00502,4.28721506e-07,0.0013853824,19852.9277,0.010238438,3795.96966334
