Displacement,FX,FY,FZ,MX,MY,MZ,L
15.0,0.00285259161,1706.48233,-0.00341589548,-19.5023065,10211.3906,-18.9634291,4136.95828629
