Displacement,FX,FY,FZ,MX,MY,MZ,L
0.0628,2.2649765e-06,-8.97580266,-2.38418579e-06,-0.00804665491,-45720.2985,-0.011117112,3989.98275847
