Displacement,FX,FY,FZ,MX,MY,MZ,L
15.0,157.201745,2.24113464e-05,-0.0155522823,-99.0033818,-286.713258,109.785729,2668.09891134
