Displacement,FX,FY,FZ,MX,MY,MZ,L
15.0,56.338965,0.000165306032,-0.00205266476,-44.3741199,-24.8975682,30.6905526,3220.68006315
