Displacement,FX,FY,FZ,MX,MY,MZ,L
0.0628,0.0,-38.887104,9.05990601e-06,0.025768707,-198815.215,0.000477073656,2862.50379229
