Displacement,FX,FY,FZ,MX,MY,MZ,L
15.0,14.9311302,1.39526092e-05,-0.0694217384,-18.4825433,24.2056166,6.66943549,3456.49552358
