Displacement,FX,FY,FZ,MX,MY,MZ,L
15.0,15.8542107,2.32458115e-06,-0.00247445703,-14.6195205,-31.8688333,8.07379205,3740.2692471
