Displacement,FX,FY,FZ,MX,MY,MZ,L
0.0628,-2.38418579e-07,-10.8189166,-4.76837158e-07,-0.00169875219,-55537.3429,0.00313487992,3675.62641222
