Displacement,FX,FY,FZ,MX,MY,MZ,L
0.0628,0.0,-3.86929416,9.53674316e-07,0.00264493428,-87751.9833,6.96617794e-05,2899.99477945
