Displacement,FX,FY,FZ,MX,MY,MZ,L
0.0628,-6.67572021e-06,-27.096624,0.0,2.80443601e-07,-140300.051,0.0218938675,3189.56193439
