Displacement,FX,FY,FZ,MX,MY,MZ,L
15.0,2.28464341e-06,71393.9859,-1.13016358e-06,-0.00310965616,635565.662,-0.00534073872,2663.9165254
