Displacement,FX,FY,FZ,MX,MY,MZ,L
0.0628,2.14576721e-06,-12.0059439,9.53674316e-07,0.00402134673,-68961.3308,-0.00485574325,3326.13272863
