Displacement,FX,FY,FZ,MX,MY,MZ,L
15.0,-1.94962956e-06,1508.12358,-7.42181101e-07,-0.00199059031,7781.48549,0.0120742731,5072.27535359
