Displacement,FX,FY,FZ,MX,MY,MZ,L
15.0,440.056781,0.000417947769,0.0845422745,-254.739706,-468.396548,329.684728,2343.03804925
