Displacement,FX,FY,FZ,MX,MY,MZ,L
0.0628,2.14576721e-06,-3.17399987,-1.43051147e-06,-0.00475416236,-44663.105,-0.0071758707,3300.78015626
