Displacement,FX,FY,FZ,MX,MY,MZ,L
15.0,1170.09858,0.00041270256,0.125508785,-532.842806,-1630.52184,1039.73418,2017.33297696
