Displacement,FX,FY,FZ,MX,MY,MZ,L
15.0,-1.22755591e-06,128091.621,5.44643262e-06,0.0542623901,1252216.64,-0.0726309902,2141.13088838
