Displacement,FX,FY,FZ,MX,MY,MZ,L
15.0,1.22129504e-05,15130.9953,-2.4133904e-06,-0.00703877621,106963.923,-0.0322011546,3351.48321994
