Displacement,FX,FY,FZ,MX,MY,MZ,L
0.0628,-1.14440918e-05,33.5146568,0.0,-0.0115639745,-157196.286,0.0262173359,2343.03804925
