Displacement,FX,FY,FZ,MX,MY,MZ,L
15.0,765.637477,7.05718994e-05,-0.0704917908,-380.999583,-1212.9516,691.417776,2055.24222855
