Displacement,FX,FY,FZ,MX,MY,MZ,L
0.0628,3.81469727e-06,-7.93749332,9.53674316e-07,0.00269103917,-103434.496,-0.0131477805,2882.74873364
