Displacement,FX,FY,FZ,MX,MY,MZ,L
15.0,420.869936,0.00189828873,-0.15941143,-283.720727,51.713211,314.319944,2305.56692896
