Displacement,FX,FY,FZ,MX,MY,MZ,L
0.0628,1.14440918e-05,-10.8301725,0.0,2.50474841e-09,-296490.108,-0.0260952812,2280.2387686
