Displacement,FX,FY,FZ,MX,MY,MZ,L
0.0628,1.52587891e-05,-52.3654772,0.0,-0.00114332335,-415886.659,-0.0325641436,2177.37640151
