Displacement,FX,FY,FZ,MX,MY,MZ,L
15.0,3.82569851e-07,69410.2969,-7.99564077e-08,0.00116695563,647837.653,-0.00192317623,2642.81127917
