Displacement,FX,FY,FZ,MX,MY,MZ,L
15.0,9.04464484,4.61935997e-07,-0.00131382048,-8.5097663,-18.5703046,4.13611334,4179.74947543
