Displacement,FX,FY,FZ,MX,MY,MZ,L
0.0628,0.0,-39.7491636,1.90734863e-06,0.00595026555,-355866.135,-0.000459719654,2284.97908402
