Displacement,FX,FY,FZ,MX,MY,MZ,L
15.0,-1.74470188e-06,323774.996,1.95841722e-06,-0.00198224117,3941010.31,0.00965353008,1985.26358865
