Displacement,FX,FY,FZ,MX,MY,MZ,L
0.0628,5.7220459e-06,15.4206414,9.53674316e-06,0.0197233715,-48182.8842,-0.0161108342,2603.28678122
