Displacement,FX,FY,FZ,MX,MY,MZ,L
0.0628,9.53674316e-06,2.63061531,1.90734863e-06,0.00292905829,-21200.9451,-0.0202143877,2522.0455222
