Displacement,FX,FY,FZ,MX,MY,MZ,L
15.0,39.627705,0.000693250448,-0.0578584671,-35.8291716,53.7421417,20.7561363,3313.32976782
