Displacement,FX,FY,FZ,MX,MY,MZ,L
15.0,59.0177832,4.11272049e-06,-0.00663495064,-40.058059,-114.713527,34.879959,3189.56193439
