Displacement,FX,FY,FZ,MX,MY,MZ,L
15.0,6.04370391,1.14738941e-06,-0.000587609131,-5.72172289,-12.5888588,2.47099026,4558.73365654
