Displacement,FX,FY,FZ,MX,MY,MZ,L
15.0,3.38401878e-06,217320.773,-4.40537042e-06,-0.0159420632,2392194.18,-0.00140688749,2095.65498895
