Displacement,FX,FY,FZ,MX,MY,MZ,L
15.0,6.78777724e-07,54315.8923,-2.30242972e-06,-0.00752692716,472942.826,-0.00206614811,2768.05957203
