Displacement,FX,FY,FZ,MX,MY,MZ,L
15.0,47.6112037,1.27516687e-05,-3.60570848e-05,-34.1903333,-85.5785831,25.7190031,3351.48321994
