Displacement,FX,FY,FZ,MX,MY,MZ,L
15.0,4.43626686e-06,-605583.996,1.83556858e-06,-0.0134860198,-7092822.8,-0.00708963722,1985.78983487
