Displacement,FX,FY,FZ,MX,MY,MZ,L
15.0,0.000379552339,6212.31567,0.0022145828,-1.7666088,24264.5661,-2.45652493,2868.92325289
