Displacement,FX,FY,FZ,MX,MY,MZ,L
0.0628,-9.53674316e-07,12.2297817,2.86102295e-06,0.00863371955,-42800.2396,0.00327104642,2702.69677517
