Displacement,FX,FY,FZ,MX,MY,MZ,L
15.0,1.55741295e-05,26456.1696,-7.72476051e-06,-0.0228589972,203251.857,-0.0472046793,3017.50547605
