Displacement,FX,FY,FZ,MX,MY,MZ,L
15.0,624.219684,0.00100386143,0.110941887,-361.362466,-423.039047,490.963253,2211.57097315
