Displacement,FX,FY,FZ,MX,MY,MZ,L
15.0,54.9483697,1.16825104e-05,-0.00500768423,-40.5543086,-106.68966,32.2680675,3161.70118871
