Displacement,FX,FY,FZ,MX,MY,MZ,L
15.0,0.00295286161,2172.83745,0.0042395086,-2.87173455,5947.36943,-17.3974108,3313.32976782
