Displacement,FX,FY,FZ,MX,MY,MZ,L
15.0,-1.02363992e-06,-572359.134,-4.97598194e-07,-0.00973238377,-6446707.84,0.0221565038,1981.00758183
