Displacement,FX,FY,FZ,MX,MY,MZ,L
15.0,1.48612836,1.00582838e-07,-0.000201522751,-1.78059158,-3.16589299,0.510866968,5532.23808727
