Displacement,FX,FY,FZ,MX,MY,MZ,L
0.0628,0.0,-42.2551929,-3.81469727e-05,-0.0961967054,-307175.179,0.000804332348,2474.78471127
