Displacement,FX,FY,FZ,MX,MY,MZ,L
0.0628,0.0,29.4010672,-5.7220459e-06,-0.0129478692,-105277.37,2.11912266e-09,2455.14039915
