Displacement,FX,FY,FZ,MX,MY,MZ,L
15.0,83.3319869,9.39667225e-05,0.00813513994,-60.7799745,-98.963853,48.6508482,3026.94694933
