Displacement,FX,FY,FZ,MX,MY,MZ,L
15.0,-3.08368726e-07,12757.2877,-5.8071106e-07,-0.00020470759,88938.4749,0.00570261195,3468.33826677
