Displacement,FX,FY,FZ,MX,MY,MZ,L
15.0,298.445936,0.00215098262,-0.25508213,-217.191172,157.698393,212.605444,2409.49771779
