Displacement,FX,FY,FZ,MX,MY,MZ,L
15.0,-0.00341384404,1766.79455,-0.00449998424,-29.3456546,10915.2834,18.3473027,3974.5213632
