Displacement,FX,FY,FZ,MX,MY,MZ,L
15.0,-2.25571057e-07,-265195.53,0.000113212229,0.279172651,-2336663.97,0.00933135394,2474.78471127
