Displacement,FX,FY,FZ,MX,MY,MZ,L
15.0,5.42320777e-07,26904.9013,-3.35762888e-05,-0.0767207854,164154.987,-0.00170075765,2305.56692896
