Displacement,FX,FY,FZ,MX,MY,MZ,L
15.0,4.58983777e-07,-386550.8,9.50869435e-07,0.0220480801,-3498506.53,-0.00662810844,2141.13088838
