Displacement,FX,FY,FZ,MX,MY,MZ,L
15.0,49.5483798,1.1805445e-05,-0.336013827,-55.4548235,137.148015,26.5483232,2856.49400614
