Displacement,FX,FY,FZ,MX,MY,MZ,L
15.0,17.4538134,8.35442916e-06,-0.000610139221,-14.9532291,-32.6099136,8.23603039,3852.2385805
