Displacement,FX,FY,FZ,MX,MY,MZ,L
15.0,91.0057234,1.69351697e-05,-0.732390877,-96.8485862,305.867122,53.6975384,2584.03057821
