Displacement,FX,FY,FZ,MX,MY,MZ,L
15.0,14.2345674,2.75038183e-05,0.000145405531,-12.6406824,-14.8759317,6.29031716,4028.26673583
