Displacement,FX,FY,FZ,MX,MY,MZ,L
15.0,-1.14443537e-07,-447740.516,3.73325383e-06,0.0106250029,-4196370.67,-0.000250331825,2184.1422996
