Displacement,FX,FY,FZ,MX,MY,MZ,L
15.0,330.575022,4.74452972e-05,-0.0222787857,-187.623263,-567.347417,257.017856,2374.17297695
