Displacement,FX,FY,FZ,MX,MY,MZ,L
15.0,1.52425055e-05,19490.3995,-1.55916496e-06,-0.00479399596,114233.766,-0.0391030681,2648.69152046
