Displacement,FX,FY,FZ,MX,MY,MZ,L
15.0,1.63530558e-06,-119187.92,1.97808913e-06,0.00475615304,-933520.302,-0.00454928109,2872.7662376
