Displacement,FX,FY,FZ,MX,MY,MZ,L
0.0628,1.90734863e-06,3.52382845,1.90734863e-06,0.00580194545,-32069.2453,-0.00620045518,3118.26262608
