Displacement,FX,FY,FZ,MX,MY,MZ,L
15.0,1306.10559,0.000333786011,0.0444097519,-531.499509,-1954.58196,1179.84613,2015.12399582
