Displacement,FX,FY,FZ,MX,MY,MZ,L
0.0628,1.90734863e-06,-0.522263307,-2.38418579e-06,-0.00654758028,-14756.2339,-0.00393531992,2563.24197834
