Displacement,FX,FY,FZ,MX,MY,MZ,L
0.0628,0.0,-29.7363973,-1.90734863e-06,-0.00448279008,-193609.703,0.000833089901,2663.33648551
