Displacement,FX,FY,FZ,MX,MY,MZ,L
15.0,20.9312819,3.80799174e-05,0.000532627106,-18.0827332,-21.6408193,9.857991,3769.01989572
