Displacement,FX,FY,FZ,MX,MY,MZ,L
15.0,72.8775033,0.00020557642,-0.00205099583,-55.0857096,-32.3561103,41.1113254,3106.33214644
