Displacement,FX,FY,FZ,MX,MY,MZ,L
0.0628,0.0,-16.6654547,9.53674316e-07,0.00192289728,-97532.4743,-0.000127364124,3104.33600923
