Displacement,FX,FY,FZ,MX,MY,MZ,L
15.0,151.79866,4.36306e-05,-0.00322711468,-94.9910374,-270.917522,101.064551,2740.75375727
