Displacement,FX,FY,FZ,MX,MY,MZ,L
0.0628,9.53674316e-07,10.7240416,-3.81469727e-06,-0.0100112968,-37277.8539,-0.00417371004,2685.22914337
