Displacement,FX,FY,FZ,MX,MY,MZ,L
15.0,98.8874416,7.15255737e-06,-0.013483882,-65.8474645,-183.745891,65.390476,2862.50379229
