Displacement,FX,FY,FZ,MX,MY,MZ,L
15.0,760.557774,0.000146389008,-0.0185244083,-376.408567,-1197.73236,664.071768,2095.65498895
