Displacement,FX,FY,FZ,MX,MY,MZ,L
15.0,453.893237,5.65052032e-05,-0.0651521683,-247.008576,-745.894845,387.89607,2204.22001318
