Displacement,FX,FY,FZ,MX,MY,MZ,L
15.0,634.87286,0.000104427338,-0.033331871,-308.805496,-1036.49133,537.896031,2177.93303961
