Displacement,FX,FY,FZ,MX,MY,MZ,L
15.0,87.7264365,7.38203526e-05,0.00778460503,-60.3141452,-120.025822,51.1303906,3047.30791973
