Displacement,FX,FY,FZ,MX,MY,MZ,L
15.0,-2.14078682e-06,-413159.53,8.34270804e-06,0.017289957,-4222166.94,0.00438430684,2177.93303961
