Displacement,FX,FY,FZ,MX,MY,MZ,L
15.0,5.35489789e-07,1995.10753,-5.81971051e-06,-0.028413514,10911.868,-0.00191002964,4687.69144435
