Displacement,FX,FY,FZ,MX,MY,MZ,L
15.0,898.920982,0.000483393669,0.159192681,-424.65351,-1140.05458,743.990791,2142.40701215
