Displacement,FX,FY,FZ,MX,MY,MZ,L
15.0,7.802114,3.66251916e-05,-0.000626057386,-7.78049919,-3.23554184,3.17620534,4366.08794179
