Displacement,FX,FY,FZ,MX,MY,MZ,L
15.0,-2.08992242e-06,-153850.732,5.51445937e-05,0.140430597,-994210.216,0.00720131176,2576.50703212
