Displacement,FX,FY,FZ,MX,MY,MZ,L
15.0,15.0063059,9.42498446e-06,-0.000288069248,-12.7419644,-26.7120581,6.79209476,3999.38876682
