Displacement,FX,FY,FZ,MX,MY,MZ,L
0.0628,-1.90734863e-06,23.7370897,1.33514404e-05,0.0329232074,-68445.1982,0.00497709161,2476.83026319
