Displacement,FX,FY,FZ,MX,MY,MZ,L
15.0,-4.84666089e-07,32690.3816,4.85108467e-06,0.028991164,231491.367,0.0127740424,2604.42242434
