Displacement,FX,FY,FZ,MX,MY,MZ,L
15.0,1401.60928,0.00013256073,-0.141107559,-566.105695,-2115.62283,1366.97072,1919.07020426
