Displacement,FX,FY,FZ,MX,MY,MZ,L
15.0,9.38006451e-07,-207823.201,-2.46219133e-06,-0.00642838702,-1735024.17,-0.00322732562,2559.17544288
