Displacement,FX,FY,FZ,MX,MY,MZ,L
15.0,-8.42512236e-06,41504.2118,-3.57744284e-07,0.0449266479,291937.448,-0.00581350518,2305.78316462
