Displacement,FX,FY,FZ,MX,MY,MZ,L
0.0628,-3.81469727e-06,28.9476933,-1.90734863e-06,-0.00504318435,-85720.4637,0.00898467039,2419.67556884
