Displacement,FX,FY,FZ,MX,MY,MZ,L
15.0,455.763544,6.43730164e-05,-0.0402169228,-239.964447,-764.636314,374.902376,2259.63231717
