Displacement,FX,FY,FZ,MX,MY,MZ,L
15.0,1.96893234e-06,-371770.792,-3.87123373e-06,-0.00703242421,-3552548.74,0.00217476871,2285.56323033
