Displacement,FX,FY,FZ,MX,MY,MZ,L
15.0,876.83192,9.3460083e-05,-0.0701446533,-401.599489,-1388.15521,792.403838,2055.78702445
