Displacement,FX,FY,FZ,MX,MY,MZ,L
0.0628,0.0,5.50944712,-4.76837158e-06,-0.0146524019,-36827.9409,-0.00222697034,3011.42058352
