Displacement,FX,FY,FZ,MX,MY,MZ,L
0.0628,0.0,9.83642256,7.62939453e-06,0.0166589324,-323815.346,1.54959707e-08,2183.52241761
