Displacement,FX,FY,FZ,MX,MY,MZ,L
0.0628,-2.14576721e-06,1.50792522,0.0,0.000284604242,-34398.8354,0.00743759242,3220.68006315
