Displacement,FX,FY,FZ,MX,MY,MZ,L
15.0,14.3470283,0.000626119785,-0.0318012238,-15.3627199,31.5473665,6.61127342,3791.90258564
