Displacement,FX,FY,FZ,MX,MY,MZ,L
15.0,5.06810611e-05,162467.922,7.45098296e-05,0.0192382603,1715063.19,-0.181058026,2259.63231717
