Displacement,FX,FY,FZ,MX,MY,MZ,L
15.0,0.905760716,3.01748514e-07,-0.000139993383,-1.18590137,-1.9182005,0.294994844,5937.07979441
