Displacement,FX,FY,FZ,MX,MY,MZ,L
15.0,14.4384121,1.28820539e-05,-9.80198383e-05,-12.9470445,-23.7776517,6.55557243,3964.02415268
