Displacement,FX,FY,FZ,MX,MY,MZ,L
15.0,-5.09488018e-07,-361778.835,-1.47318133e-06,-0.00185117498,-3698539.86,0.000718287891,2177.37640151
