Displacement,FX,FY,FZ,MX,MY,MZ,L
15.0,3.80875013,1.52997673e-05,-0.000189080834,-4.05514273,-2.87248383,1.3935186,4894.97305929
