Displacement,FX,FY,FZ,MX,MY,MZ,L
0.0628,1.52587891e-05,27.6945474,0.0,-6.48469722e-09,-168837.994,-0.0354785573,2325.12403653
