Displacement,FX,FY,FZ,MX,MY,MZ,L
15.0,-8.48363925e-07,40414.6548,1.51316121e-05,0.0464582067,331116.511,0.00381960126,2965.18868952
