Displacement,FX,FY,FZ,MX,MY,MZ,L
15.0,-0.000242419961,-315986.124,3.55161865e-06,0.015128193,-2484371.08,0.546037944,2216.23227289
