Displacement,FX,FY,FZ,MX,MY,MZ,L
0.0628,-4.76837158e-06,-33.5989569,9.53674316e-07,0.00283948421,-172756.489,0.0131951544,2977.45951488
