Displacement,FX,FY,FZ,MX,MY,MZ,L
0.0628,0.0,39.2638059,0.0,4.34010872e-08,-385332.942,-3.92901711e-08,2087.41099911
