Displacement,FX,FY,FZ,MX,MY,MZ,L
15.0,-0.000244142033,-358668.743,-1.05667505e-05,-0.0138332183,-3502646.32,0.536920108,2195.19950837
