Displacement,FX,FY,FZ,MX,MY,MZ,L
15.0,-6.02443166e-07,793.063342,2.2302843e-06,0.0103998796,3835.45286,0.00347473857,5523.48051523
