Displacement,FX,FY,FZ,MX,MY,MZ,L
15.0,9.9902408,2.71201134e-06,-0.000942941755,-9.07501836,-20.5794316,4.44247493,4179.39051287
