Displacement,FX,FY,FZ,MX,MY,MZ,L
15.0,84.0270683,0.000333860517,-0.0144398212,-64.5518912,-9.9065908,48.7018374,3011.42058352
