Displacement,FX,FY,FZ,MX,MY,MZ,L
0.0628,-1.90734863e-06,-57.2439711,9.53674316e-07,0.00219057658,-290001.104,0.00504155899,2643.33662001
