Displacement,FX,FY,FZ,MX,MY,MZ,L
0.0628,4.47034836e-07,-5.04888165,-3.81469727e-06,-0.0153194906,-25061.2353,-0.00242186677,3986.29297368
