Displacement,FX,FY,FZ,MX,MY,MZ,L
15.0,-3.84367377e-06,-181806.904,-2.30578735e-06,-0.0140600053,-1081731.67,0.00471858552,2405.08109218
