Displacement,FX,FY,FZ,MX,MY,MZ,L
15.0,1.46697857e-06,323793.691,2.67050618e-05,0.0559895472,3729617.99,-0.00267320604,2056.35132006
