Displacement,FX,FY,FZ,MX,MY,MZ,L
0.0628,1.90734863e-06,-19.1685555,1.90734863e-06,0.00906155979,-102043.681,-0.00496130114,3301.20325155
