Displacement,FX,FY,FZ,MX,MY,MZ,L
15.0,72.9335842,6.02826476e-05,-0.301129699,-70.2976881,182.346303,42.3435779,2869.12423616
