Displacement,FX,FY,FZ,MX,MY,MZ,L
0.0628,2.14576721e-06,-7.54660856,-1.31130219e-06,-0.00589699721,-39816.1653,-0.00858508447,4147.14681246
