Displacement,FX,FY,FZ,MX,MY,MZ,L
0.0628,-3.81469727e-06,4.11642216,0.0,0.000965264046,-155116.726,0.012136432,2597.14092973
