Displacement,FX,FY,FZ,MX,MY,MZ,L
15.0,62.6223168,7.2941184e-05,0.00517964363,-47.407447,-75.559145,35.0285765,3163.87644349
