Displacement,FX,FY,FZ,MX,MY,MZ,L
0.0628,0.0,-67.1266917,0.0,0.000330451227,-346105.802,-9.54150455e-05,2423.563267
