Displacement,FX,FY,FZ,MX,MY,MZ,L
15.0,1.19356773e-05,57787.4759,2.1508522e-06,0.0266970962,513676.467,-0.0249251624,2765.30710082
