Displacement,FX,FY,FZ,MX,MY,MZ,L
15.0,-4.33655259e-07,-182495.201,0.000122452522,0.301649225,-1239314.7,0.00164272741,2454.46666945
