Displacement,FX,FY,FZ,MX,MY,MZ,L
15.0,87.9095377,0.00226347893,-0.22922492,-77.408607,157.846806,52.4014259,2867.8311526
