Displacement,FX,FY,FZ,MX,MY,MZ,L
15.0,36.5053239,0.000166617334,-0.00668752193,-30.6405837,-2.81011892,18.6255412,3439.37592397
