Displacement,FX,FY,FZ,MX,MY,MZ,L
15.0,-1.44646037e-08,-535259.88,-2.64198206e-06,-0.00557392836,-5117287.49,0.000170412939,2087.41099911
