Displacement,FX,FY,FZ,MX,MY,MZ,L
15.0,645.878927,0.000149726868,-0.053894043,-317.007829,-1046.27422,535.150353,2195.78140361
