Displacement,FX,FY,FZ,MX,MY,MZ,L
15.0,221.676865,5.03063202e-05,0.00485992432,-126.969509,-376.266755,152.740191,2629.10242261
