Displacement,FX,FY,FZ,MX,MY,MZ,L
15.0,3.05769759,1.65967504e-06,-0.000257302076,-3.17501642,-6.14203456,1.11331707,5072.27535359
