Displacement,FX,FY,FZ,MX,MY,MZ,L
15.0,3.24365101e-06,14504.9521,-1.83047814e-06,-0.00846573716,76166.1052,-0.00742450668,2690.75476814
