Displacement,FX,FY,FZ,MX,MY,MZ,L
0.0628,-5.96046448e-06,-6.64955188,-2.62260437e-06,-0.0112468782,-38212.375,0.0256082521,4249.53839589
