Displacement,FX,FY,FZ,MX,MY,MZ,L
15.0,-1.68609995e-06,-136305.558,8.51439836e-07,0.00257499795,-891995.179,0.00413649785,2753.64654222
