Displacement,FX,FY,FZ,MX,MY,MZ,L
0.0628,7.62939453e-06,7.98971876,-3.81469727e-06,-0.00950476625,-32589.7513,-0.0192985401,2406.18982816
