Displacement,FX,FY,FZ,MX,MY,MZ,L
15.0,1236.17856,0.000129699707,-0.138814926,-540.405724,-1866.96846,1204.75896,1918.52555246
