Displacement,FX,FY,FZ,MX,MY,MZ,L
15.0,170.34952,0.000164747238,0.0228786469,-108.104318,-194.593251,109.085195,2753.64654222
