Displacement,FX,FY,FZ,MX,MY,MZ,L
15.0,-1.00965281e-06,-129212.854,-4.90748789e-07,-0.00134753424,-796499.639,0.00434755615,2698.50797975
