Displacement,FX,FY,FZ,MX,MY,MZ,L
15.0,-1.71990905e-07,18368.7802,1.59263982e-06,-0.00205547934,138432.603,-0.00467904203,3051.99038483
