Displacement,FX,FY,FZ,MX,MY,MZ,L
15.0,10.6970928,8.64267349e-07,-0.00112047791,-9.49249161,-22.1832113,4.82631622,4147.14681246
