Displacement,FX,FY,FZ,MX,MY,MZ,L
15.0,-0.00362732377,5070.09135,0.00301478291,-2.57348016,18807.5275,-4.56356959,2960.74022474
