Displacement,FX,FY,FZ,MX,MY,MZ,L
15.0,6.7430199e-07,1615.23715,-2.38216703e-06,-0.00508258243,9410.05549,-0.00180356831,4284.35470267
