Displacement,FX,FY,FZ,MX,MY,MZ,L
0.0628,0.0,38.506383,0.0,0.00654647912,-94621.3071,0.00377878957,2263.4439439
