Displacement,FX,FY,FZ,MX,MY,MZ,L
15.0,1.64376979e-06,-691643.295,1.26545083e-05,0.0231960053,-7370424.24,-0.00370359141,2015.12399582
