Displacement,FX,FY,FZ,MX,MY,MZ,L
15.0,1648.37424,0.000230789185,-0.135528564,-679.329608,-2423.54258,1652.78574,1851.78451113
