Displacement,FX,FY,FZ,MX,MY,MZ,L
0.0628,1.52587891e-05,22.5666901,0.0,0.000283578294,-76142.8614,-0.0398149937,2534.20259846
