Displacement,FX,FY,FZ,MX,MY,MZ,L
0.0628,0.0,-27.1981887,-3.81469727e-06,-0.00924378472,-227217.345,-0.000658891613,2559.17544288
