Displacement,FX,FY,FZ,MX,MY,MZ,L
15.0,-9.51542461e-07,64078.9809,-4.62954631e-07,0.000552189245,497454.693,-0.00164695381,2211.57097315
