Displacement,FX,FY,FZ,MX,MY,MZ,L
0.0628,-4.29153442e-06,-9.66485715,-4.76837158e-07,-0.00317118975,-73865.0315,0.013194229,3201.75067614
