Displacement,FX,FY,FZ,MX,MY,MZ,L
0.0628,1.1920929e-06,0.975259496,4.76837158e-06,0.0153303578,-42191.5584,-0.00154714409,3186.18797152
