Displacement,FX,FY,FZ,MX,MY,MZ,L
15.0,2.16574335e-06,69090.9106,-9.96828021e-07,-0.00100212137,616246.041,-0.00663688139,2444.99282734
