Displacement,FX,FY,FZ,MX,MY,MZ,L
0.0628,-7.74860382e-07,-5.72452082,-2.38418579e-07,-0.000565387716,-28144.9812,0.00269862897,3964.02415268
