Displacement,FX,FY,FZ,MX,MY,MZ,L
0.0628,-7.15255737e-06,-2.45259944,2.38418579e-06,0.00645379596,-9847.46117,0.0188994322,2584.03057821
