Displacement,FX,FY,FZ,MX,MY,MZ,L
15.0,-4.95798304e-07,-198697.716,1.56536134e-06,0.00300986937,-1475753.8,0.003862657,2597.14092973
