Displacement,FX,FY,FZ,MX,MY,MZ,L
15.0,20.3073445,0.00025632605,-0.0154574513,-19.352388,18.1447705,9.62327208,3696.89807672
