Displacement,FX,FY,FZ,MX,MY,MZ,L
15.0,905.237037,0.000407934189,0.126814365,-447.313702,-1220.27585,772.381908,2086.77945321
