Displacement,FX,FY,FZ,MX,MY,MZ,L
0.0628,3.81469727e-06,-53.3534681,0.0,-0.000796690269,-306790.571,-0.00972761814,2463.91001311
