Displacement,FX,FY,FZ,MX,MY,MZ,L
0.0628,-3.81469727e-06,16.3984045,9.53674316e-07,-0.00174388269,-89947.6941,0.00687618353,2603.75678371
