Displacement,FX,FY,FZ,MX,MY,MZ,L
15.0,90.2996277,3.62694263e-05,0.00181096792,-60.2431733,-156.266009,54.0152853,3017.50547605
