Displacement,FX,FY,FZ,MX,MY,MZ,L
15.0,354.134355,9.01222229e-05,0.0130300522,-186.316625,-580.153506,261.054943,2455.01413566
