Displacement,FX,FY,FZ,MX,MY,MZ,L
15.0,14.3489374,3.17394733e-06,-0.00203683972,-13.2454816,-29.2312887,7.10012433,3825.08914605
