Displacement,FX,FY,FZ,MX,MY,MZ,L
15.0,17.6307574,1.8671155e-05,0.000287473202,-14.819883,-26.0550793,8.06863652,3914.26205093
