Displacement,FX,FY,FZ,MX,MY,MZ,L
0.0628,0.0,-2.94053958,-5.7220459e-06,-0.0134517494,-284082.108,-1.83723387e-07,2350.84039531
