Displacement,FX,FY,FZ,MX,MY,MZ,L
15.0,-7.90150807e-08,42337.9358,-7.29416115e-06,-0.0235617509,352267.266,-9.29486123e-06,2977.45951488
