Displacement,FX,FY,FZ,MX,MY,MZ,L
15.0,734.663412,5.19752502e-05,-0.0730648041,-333.436041,-1188.98395,645.763075,2130.54533019
