Displacement,FX,FY,FZ,MX,MY,MZ,L
15.0,2.00720569e-06,23913.1806,1.5129197e-05,0.0445034319,187240.212,-0.00397392869,2899.99477945
