Displacement,FX,FY,FZ,MX,MY,MZ,L
15.0,2.68351869e-07,180545.914,-3.44255204e-06,-0.00471198943,1992182.02,0.00170617132,2204.22001318
