Displacement,FX,FY,FZ,MX,MY,MZ,L
15.0,8.04098818e-07,35579.4815,-4.86369345e-08,-0.0471290718,284964.395,0.0243166887,3077.38139792
