Displacement,FX,FY,FZ,MX,MY,MZ,L
0.0628,-7.15255737e-07,-10.6525027,-4.76837158e-06,-0.0165526896,-59082.3294,0.00245179798,3518.42501424
