Displacement,FX,FY,FZ,MX,MY,MZ,L
15.0,1.54977897e-07,140132.111,-2.34722393e-06,0.0587334934,1266716.17,0.0372726723,2036.83294834
