Displacement,FX,FY,FZ,MX,MY,MZ,L
15.0,27.4613748,2.83457339e-05,-0.105132103,-28.9367444,74.1810282,13.7398178,3355.73236427
