Displacement,FX,FY,FZ,MX,MY,MZ,L
15.0,43.4928657,0.000296466053,-0.0184481144,-37.4075474,13.8173987,23.0292339,3299.388889
