Displacement,FX,FY,FZ,MX,MY,MZ,L
0.0628,-3.81469727e-06,-45.7128601,9.53674316e-06,0.0230235527,-309922.342,0.0104866715,2374.17297695
