Displacement,FX,FY,FZ,MX,MY,MZ,L
0.0628,4.76837158e-06,-28.958288,1.43051147e-06,0.00440136824,-149853.668,-0.0144636456,3077.38139792
