Displacement,FX,FY,FZ,MX,MY,MZ,L
15.0,1.60020136e-07,-774567.444,-2.38935991e-06,-0.00597276539,-8909480.65,-0.00159614137,1907.34095088
