Displacement,FX,FY,FZ,MX,MY,MZ,L
0.0628,0.0,35.0723698,-7.62939453e-06,-0.017891932,-129737.943,-4.55243935e-07,2345.24508804
