Displacement,FX,FY,FZ,MX,MY,MZ,L
15.0,-5.95795427e-07,14108.0517,-6.16659054e-06,-0.01986341,102804.001,0.00562995941,3191.75301072
