Displacement,FX,FY,FZ,MX,MY,MZ,L
15.0,390.425155,0.00119918585,-0.0414028168,-250.556186,-71.9924586,285.107524,2370.50957446
