Displacement,FX,FY,FZ,MX,MY,MZ,L
15.0,760.205144,0.000230431557,0.0730280876,-359.122008,-1114.49204,624.748676,2184.1422996
