Displacement,FX,FY,FZ,MX,MY,MZ,L
15.0,1.0026024e-06,44396.5408,2.00002614e-05,0.0530516858,375640.737,0.000187633821,2614.40298551
