Displacement,FX,FY,FZ,MX,MY,MZ,L
0.0628,-3.81469727e-06,50.0156409,0.0,-0.00103295034,-197537.935,0.00901347767,2206.48523705
