Displacement,FX,FY,FZ,MX,MY,MZ,L
15.0,36.1501867,3.67760658e-05,0.00168278813,-28.2493914,-51.8354904,18.5244781,3480.56164028
