Displacement,FX,FY,FZ,MX,MY,MZ,L
15.0,47.6483938,-4.33325768e-05,-0.0576492175,-56.2378843,32.0291911,24.1091282,2703.32428988
