Displacement,FX,FY,FZ,MX,MY,MZ,L
15.0,4.98308979,2.30083242e-06,-0.000374145806,-4.82326723,-9.97259428,1.94355018,4723.04104971
