Displacement,FX,FY,FZ,MX,MY,MZ,L
0.0628,0.0,18.8276842,-9.53674316e-07,-0.00304817072,-60903.9261,-9.2591501e-05,2583.80930238
