Displacement,FX,FY,FZ,MX,MY,MZ,L
15.0,-0.0028780653,7770.67708,-0.00389387005,3.49343947,31525.7064,-4.47255219,2637.63967619
