Displacement,FX,FY,FZ,MX,MY,MZ,L
15.0,314.074983,0.000383794308,0.0525398254,-192.442129,-285.840597,222.172999,2474.85715512
