Displacement,FX,FY,FZ,MX,MY,MZ,L
15.0,8.40764282,8.19377601e-05,-0.00296393037,-8.49879863,3.87482835,3.46377223,4295.13788905
