Displacement,FX,FY,FZ,MX,MY,MZ,L
0.0628,0.0,-17.5356251,-1.90734863e-06,-0.00540965725,-120172.728,-0.000155747515,2977.70351085
