Displacement,FX,FY,FZ,MX,MY,MZ,L
15.0,2.93045559e-07,4450.06489,-1.06644732e-05,-0.0412324671,27835.9737,0.000903891063,3914.26205093
