Displacement,FX,FY,FZ,MX,MY,MZ,L
0.0628,-9.53674316e-07,4.39480927,4.76837158e-07,0.00234685524,-21221.5497,0.00293657741,2713.53235481
