Displacement,FX,FY,FZ,MX,MY,MZ,L
15.0,298.947689,0.00343486667,-0.471104622,-226.226064,294.996251,213.716939,2384.48087565
