Displacement,FX,FY,FZ,MX,MY,MZ,L
15.0,2.58337241e-06,241106.092,8.55334292e-08,0.00310578791,2426577.35,-0.014818898,2017.33297696
