Displacement,FX,FY,FZ,MX,MY,MZ,L
15.0,-2.0871795e-07,831.348374,1.99545834e-07,-0.00170178282,3923.04012,-0.00159182385,5696.48991303
