Displacement,FX,FY,FZ,MX,MY,MZ,L
15.0,1.11639774e-05,9556.92415,-2.40661848e-06,-0.00922404134,64826.2128,-0.0393881869,3520.62654455
