Displacement,FX,FY,FZ,MX,MY,MZ,L
0.0628,0.0,-19.7574962,0.0,0.00166001604,-574788.465,-0.000958474411,2014.51432034
