Displacement,FX,FY,FZ,MX,MY,MZ,L
15.0,146.160023,1.21593475e-05,-0.0212065279,-95.8349992,-262.974952,104.474594,2642.81127917
