Displacement,FX,FY,FZ,MX,MY,MZ,L
15.0,-4.92778554e-07,946.687458,1.14980779e-07,-0.00172408698,5428.10333,-0.00498146596,4402.74268135
