Displacement,FX,FY,FZ,MX,MY,MZ,L
15.0,28.0740416,4.65810299e-05,0.00106012821,-22.7472676,-28.787992,13.6762845,3639.70773972
