Displacement,FX,FY,FZ,MX,MY,MZ,L
15.0,-4.55440022e-06,304496.854,3.80086203e-06,0.0101424761,3578201.37,0.00779380312,1981.00758183
