Displacement,FX,FY,FZ,MX,MY,MZ,L
15.0,24.0121888,6.07967377e-06,-0.00204873085,-19.9279324,-48.0353026,12.3037443,3610.5297907
