Displacement,FX,FY,FZ,MX,MY,MZ,L
15.0,1.7506256e-05,11742.3543,-7.22986588e-05,-0.296510849,58049.2334,-0.195252582,2797.66974511
