Displacement,FX,FY,FZ,MX,MY,MZ,L
15.0,8.44135866e-06,-262132.663,0.0001242055,0.304339778,-2398924.77,-0.0193434713,2464.4699899
