Displacement,FX,FY,FZ,MX,MY,MZ,L
15.0,6.13491693e-07,3008.40397,-1.37139594e-06,-0.00708369233,17395.3949,-0.000991259963,4353.43062753
