Displacement,FX,FY,FZ,MX,MY,MZ,L
0.0628,0.0,47.8064394,0.0,0.000499440925,-239010.767,-0.000865338941,2181.66075516
