Displacement,FX,FY,FZ,MX,MY,MZ,L
15.0,24.0137576,4.2617321e-06,-0.00364255905,-20.617164,-47.592312,12.970843,3520.75155928
