Displacement,FX,FY,FZ,MX,MY,MZ,L
0.0628,7.15255737e-07,0.71464916,2.86102295e-06,0.00886858261,-12040.1899,-0.00155421419,3008.3124522
