Displacement,FX,FY,FZ,MX,MY,MZ,L
15.0,591.404824,0.000244781375,0.0734568834,-306.157048,-833.749784,469.426959,2246.00444699
