Displacement,FX,FY,FZ,MX,MY,MZ,L
15.0,136.668392,0.00612519681,-0.582887173,-124.684575,324.483594,88.4997281,2591.34236793
