Displacement,FX,FY,FZ,MX,MY,MZ,L
15.0,-0.00137162142,13363.0549,-0.000491449755,0.449516624,64991.3236,0.158641041,2384.48087565
