Displacement,FX,FY,FZ,MX,MY,MZ,L
15.0,1.25233369,6.46337867e-07,-0.000149760395,-1.52210378,-2.633593,0.412906117,5696.48991303
