Displacement,FX,FY,FZ,MX,MY,MZ,L
15.0,1.84683698,8.45291652e-07,-0.000175161287,-2.09814808,-3.71212526,0.630593317,5421.47613121
