Displacement,FX,FY,FZ,MX,MY,MZ,L
15.0,1.67538747e-06,-144083.572,2.31059948e-06,0.0038897504,-1260969.36,-0.00521313446,2642.81127917
