Displacement,FX,FY,FZ,MX,MY,MZ,L
15.0,163.863315,0.00206457078,-0.258499622,-129.696677,178.399128,106.477881,2637.63967619
