Displacement,FX,FY,FZ,MX,MY,MZ,L
15.0,362.34595,0.000794768333,0.0186524391,-225.259137,-165.341603,260.234462,2420.36249254
