Displacement,FX,FY,FZ,MX,MY,MZ,L
15.0,2.66583828,7.8920275e-06,-0.0001154989,-2.90155567,-2.80200819,0.923829583,5194.723123
