Displacement,FX,FY,FZ,MX,MY,MZ,L
0.0628,4.76837158e-07,-1.74252338,1.43051147e-06,0.00414678375,-24938.1164,-0.00277601693,3564.30185565
