Displacement,FX,FY,FZ,MX,MY,MZ,L
15.0,47.419856,5.60283661e-06,-0.00621759892,-36.3749789,-92.178367,28.0106212,3189.01919856
