Displacement,FX,FY,FZ,MX,MY,MZ,L
0.0628,-2.56299973e-06,-7.07880068,9.53674316e-07,0.00239489465,-34631.3717,0.0130615818,4024.4314914
