Displacement,FX,FY,FZ,MX,MY,MZ,L
0.0628,0.0,23.2625324,1.90734863e-06,0.00726884866,-202229.843,-0.000557270452,2292.7883783
