Displacement,FX,FY,FZ,MX,MY,MZ,L
15.0,1.7535076e-06,50180.1995,2.69901648e-08,0.0023498706,429621.326,-0.00423704415,2740.75375727
