Displacement,FX,FY,FZ,MX,MY,MZ,L
0.0628,9.53674316e-07,2.86556803,0.0,0.000668703648,-23481.9247,-0.00171099585,2452.73077549
