Displacement,FX,FY,FZ,MX,MY,MZ,L
15.0,-1.45719969e-06,24707.18,-2.9077637e-06,-0.00878953972,200371.014,0.00412701613,2752.99478887
