Displacement,FX,FY,FZ,MX,MY,MZ,L
15.0,36.0705075,3.48687172e-06,-0.00541740656,-29.2116847,-70.2600067,20.7435829,3301.20325155
