Displacement,FX,FY,FZ,MX,MY,MZ,L
15.0,207.211221,0.000172913074,0.0279996395,-133.773944,-265.750831,140.101148,2613.75947326
