Displacement,FX,FY,FZ,MX,MY,MZ,L
15.0,54.7232776,0.00159237161,-0.138584256,-50.1721889,104.253494,30.3525143,3098.80267976
