Displacement,FX,FY,FZ,MX,MY,MZ,L
15.0,3.41258463,2.02124938e-05,-0.000309020281,-3.77590334,-1.34616257,1.23560672,4939.12796197
