Displacement,FX,FY,FZ,MX,MY,MZ,L
0.0628,-1.25169754e-06,-6.82443733,9.53674316e-07,0.00476852502,-34834.2605,0.00512395479,4179.39051287
