Displacement,FX,FY,FZ,MX,MY,MZ,L
15.0,4.27598691,4.22261655e-06,-0.000240840018,-4.37058348,-7.78872216,1.62430343,4797.22970646
