Displacement,FX,FY,FZ,MX,MY,MZ,L
15.0,1.73587978e-06,20063.8979,-5.66966492e-07,-0.0030795051,147640.514,-0.00364970124,3184.51164855
