Displacement,FX,FY,FZ,MX,MY,MZ,L
15.0,3.40659899e-05,104081.619,2.96896378e-05,-0.233058435,1016712.18,-0.0855426356,2463.91001311
