Displacement,FX,FY,FZ,MX,MY,MZ,L
15.0,2.56873318e-06,50833.7782,-3.14918871e-05,-0.0309501526,376055.648,-0.0264309064,2191.15694061
