Displacement,FX,FY,FZ,MX,MY,MZ,L
15.0,-1.89543061e-06,-172295.987,-2.60156617e-06,-0.00649797858,-1507626.2,0.00592307467,2643.33662001
