Displacement,FX,FY,FZ,MX,MY,MZ,L
15.0,1.57792949e-05,12832.8615,3.68641736e-07,-0.00144074594,89527.4905,-0.0540958076,3555.7374057
