Displacement,FX,FY,FZ,MX,MY,MZ,L
15.0,1.10820065e-06,3934.56377,-7.85369896e-06,-0.0330164303,25243.4313,-0.00714505162,3769.01989572
