Displacement,FX,FY,FZ,MX,MY,MZ,L
15.0,4.99535236e-06,140029.815,5.35575964e-07,0.000122998375,1350116.7,-0.0109035644,2246.64206705
