Displacement,FX,FY,FZ,MX,MY,MZ,L
15.0,-9.0239439e-08,1318.27829,-3.14724581e-06,-0.0161475846,6988.89134,-0.000809994892,4876.72838977
