Displacement,FX,FY,FZ,MX,MY,MZ,L
15.0,1.56306647,1.93715096e-07,-0.000218550209,-1.8364485,-3.32272456,0.542072835,5522.53160818
