Displacement,FX,FY,FZ,MX,MY,MZ,L
15.0,71.7865804,0.000110074878,0.00593435764,-52.8859284,-70.7376355,40.542077,3121.61026691
