Displacement,FX,FY,FZ,MX,MY,MZ,L
15.0,-1.1651282e-06,450600.39,1.75394689e-07,-0.00190808019,5602513.85,-0.000451159198,1919.07020426
