Displacement,FX,FY,FZ,MX,MY,MZ,L
0.0628,0.0,-24.0445611,-9.53674316e-07,-0.00282715024,-130568.92,-0.000440081834,2964.62760133
