Displacement,FX,FY,FZ,MX,MY,MZ,L
15.0,1.0076976e-05,3686.15141,3.2453911e-05,0.00664037442,23295.4702,0.0511817948,2563.24197834
