Displacement,FX,FY,FZ,MX,MY,MZ,L
15.0,88.4130471,5.15207648e-05,-0.367521286,-82.6439371,217.867277,52.5480012,2799.88758326
