Displacement,FX,FY,FZ,MX,MY,MZ,L
15.0,437.194684,6.60419464e-05,-0.0415458679,-210.554359,-746.86314,350.021425,2342.42417483
