Displacement,FX,FY,FZ,MX,MY,MZ,L
15.0,6.4888396,1.53370202e-05,-0.000113427639,-6.32084833,-6.8542408,2.55369173,4546.62572051
