Displacement,FX,FY,FZ,MX,MY,MZ,L
15.0,-8.73056706e-07,114573.671,-6.47334673e-07,-0.000459758099,1144096.0,0.000178458838,2374.17297695
