Displacement,FX,FY,FZ,MX,MY,MZ,L
15.0,8.80441786e-06,20568.1094,-2.00057684e-06,-0.00570359509,154343.879,-0.0288101004,3231.54284001
