Displacement,FX,FY,FZ,MX,MY,MZ,L
15.0,1.04113133e-06,109867.995,-6.27951558e-05,-0.153613951,1044011.36,-0.00257661936,2474.78471127
