Displacement,FX,FY,FZ,MX,MY,MZ,L
15.0,3.41071427e-07,-323130.843,2.04983667e-06,0.00345704262,-3401889.53,-0.0967956726,2204.22001318
