Displacement,FX,FY,FZ,MX,MY,MZ,L
15.0,-6.19125785e-07,-186052.931,-4.24361133e-07,-0.000962532824,-1224243.99,-0.00071252347,2419.67556884
