Displacement,FX,FY,FZ,MX,MY,MZ,L
0.0628,-3.81469727e-06,-5.24163721,3.81469727e-06,0.0120180734,-121038.05,0.0110603534,2723.18897206
