Displacement,FX,FY,FZ,MX,MY,MZ,L
15.0,-1.79643962e-06,4394.21642,6.41651994e-07,0.00401013485,26198.9742,0.00797723467,4196.61244226
