Displacement,FX,FY,FZ,MX,MY,MZ,L
15.0,67.0963204,5.78165054e-06,-0.0088186264,-45.9233235,-127.967383,41.2836537,3082.14243809
