Displacement,FX,FY,FZ,MX,MY,MZ,L
0.0628,0.0,-39.0984074,0.0,-0.000795957005,-466974.439,0.000459602508,2095.65498895
