Displacement,FX,FY,FZ,MX,MY,MZ,L
15.0,952.383918,0.000715255737,0.208064198,-510.757933,-1070.07581,821.81014,2036.83294834
