Displacement,FX,FY,FZ,MX,MY,MZ,L
0.0628,-9.53674316e-07,-12.9179168,0.0,-0.00470782266,-86380.5581,0.00187338408,3184.51164855
