Displacement,FX,FY,FZ,MX,MY,MZ,L
0.0628,0.0,19.9853948,1.90734863e-06,0.00601484702,-83390.8852,-0.000635383452,2576.50703212
