Displacement,FX,FY,FZ,MX,MY,MZ,L
15.0,44.261147,0.00141042843,-0.110913396,-42.3053196,86.0303518,24.0027686,3175.52096312
