Displacement,FX,FY,FZ,MX,MY,MZ,L
0.0628,0.0,-1.2365767,1.90734863e-06,0.00620760888,-118030.708,-0.00139309,2748.58634884
