Displacement,FX,FY,FZ,MX,MY,MZ,L
15.0,2360.96038,0.000337600708,-0.29996109,-943.842708,-3251.67219,2584.13465,1706.8568701
