Displacement,FX,FY,FZ,MX,MY,MZ,L
0.0628,0.0,1.24232572,0.0,-0.00133449116,-13622.4505,-0.0012384194,2869.12423616
