Displacement,FX,FY,FZ,MX,MY,MZ,L
15.0,6.91434252e-08,54913.4259,-9.06537025e-07,-0.00434741809,480254.31,0.00153883224,2628.50503805
