Displacement,FX,FY,FZ,MX,MY,MZ,L
0.0628,-7.62939453e-06,39.4280394,3.81469727e-06,0.0108888998,-106575.074,0.018799339,2305.78316462
