Displacement,FX,FY,FZ,MX,MY,MZ,L
15.0,-1.6107515e-07,69205.2355,-2.23475217e-06,-0.00755296752,618199.816,0.00136502704,2516.82685754
