Displacement,FX,FY,FZ,MX,MY,MZ,L
15.0,108.983819,1.01923943e-05,-0.0103832483,-69.6052819,-204.896955,70.8219056,2872.7662376
