Displacement,FX,FY,FZ,MX,MY,MZ,L
15.0,3.0001429e-06,64430.2353,-2.22156814e-06,0.0228419455,563645.272,0.00750835644,2629.10242261
