Displacement,FX,FY,FZ,MX,MY,MZ,L
15.0,2.60674823,3.39001417e-07,-0.000334645156,-2.83075066,-5.53640881,0.965263735,5122.97110851
