Displacement,FX,FY,FZ,MX,MY,MZ,L
0.0628,0.0,-13.3577456,0.0,-0.00172787335,-336567.376,0.000997300631,2280.84320573
