Displacement,FX,FY,FZ,MX,MY,MZ,L
15.0,-1.59482443e-06,-429646.773,6.31077728e-05,0.141964492,-4520364.42,-0.00477072038,2205.2846591
