Displacement,FX,FY,FZ,MX,MY,MZ,L
15.0,1.11872808,7.86501914e-07,-0.000122471713,-1.35653184,-2.30849277,0.358073246,5836.02054988
