Displacement,FX,FY,FZ,MX,MY,MZ,L
15.0,2.51471647e-07,70752.9769,-5.2479736e-06,-0.0284723999,638626.154,0.00785016577,2325.12403653
