Displacement,FX,FY,FZ,MX,MY,MZ,L
15.0,8.20531568e-07,26908.2182,-2.92189361e-06,-0.0157011345,170316.436,-0.0199280725,2369.81456856
