Displacement,FX,FY,FZ,MX,MY,MZ,L
15.0,284.833736,6.98566437e-05,-0.0102393627,-160.671307,-493.522859,211.187391,2474.198961
