Displacement,FX,FY,FZ,MX,MY,MZ,L
15.0,1.08546361e-05,1761.61761,-3.85388887e-07,-0.0240529237,7875.9495,-0.0477930024,3397.547
