Displacement,FX,FY,FZ,MX,MY,MZ,L
15.0,2.89829352e-05,31672.7683,-3.08347044e-05,-0.0903993998,248835.443,-0.0849581132,2977.70351085
