Displacement,FX,FY,FZ,MX,MY,MZ,L
15.0,-2.28787167e-06,-90046.9533,1.44367505e-07,-0.0215107931,-672314.766,0.0234059822,2964.62760133
