Displacement,FX,FY,FZ,MX,MY,MZ,L
15.0,242.107068,0.000292778015,0.0359048843,-149.232624,-224.25118,163.040169,2604.42242434
