Displacement,FX,FY,FZ,MX,MY,MZ,L
0.0628,4.76837158e-07,7.14036375,0.0,-0.00240393047,-33380.4024,-0.00277017203,2901.44027159
