Displacement,FX,FY,FZ,MX,MY,MZ,L
0.0628,-1.52587891e-05,-130.080204,0.0,-0.00066105628,-734301.776,0.0306741857,1985.26358865
