Displacement,FX,FY,FZ,MX,MY,MZ,L
15.0,-7.29134172e-07,6941.15243,-8.62434447e-07,-0.00158466236,43158.379,-0.00235456457,4099.88134104
