Displacement,FX,FY,FZ,MX,MY,MZ,L
15.0,20.0838483,1.44019723e-05,0.000140473247,-16.7319496,-32.7727916,9.47036003,3812.17396758
