Displacement,FX,FY,FZ,MX,MY,MZ,L
15.0,3.68986093e-06,-157526.415,-1.26943542e-06,-0.00072304334,-1288088.4,-0.00588974194,2663.33648551
