Displacement,FX,FY,FZ,MX,MY,MZ,L
15.0,-0.000118208172,3570.74077,1.72448431e-05,0.05436993,14881.6647,0.159193876,2660.62332159
