Displacement,FX,FY,FZ,MX,MY,MZ,L
15.0,537.999325,8.20159912e-05,-0.00947952271,-258.650761,-891.806156,431.727412,2285.56323033
