Displacement,FX,FY,FZ,MX,MY,MZ,L
15.0,64.0030974,1.45435333e-05,-0.00291952491,-46.6901068,-120.192118,37.7188735,3104.33600923
