Displacement,FX,FY,FZ,MX,MY,MZ,L
0.0628,1.54972076e-06,-9.51368541,-2.62260437e-06,-0.00855307988,-52110.9061,-0.00852104654,3825.08914605
