Displacement,FX,FY,FZ,MX,MY,MZ,L
15.0,910.69474,8.63075256e-05,-0.128286362,-429.336112,-1402.06352,863.474455,1985.26358865
