Displacement,FX,FY,FZ,MX,MY,MZ,L
15.0,19.686344,4.17232513e-06,-0.00123274326,-15.6934781,-39.2523811,9.45787682,3832.81080964
