Displacement,FX,FY,FZ,MX,MY,MZ,L
15.0,-1.57363502e-06,-323197.463,-2.14243937e-06,-0.00258843903,-2969894.72,0.0026188849,2280.2387686
