Displacement,FX,FY,FZ,MX,MY,MZ,L
15.0,65.0510591,0.000639222562,-0.0555224419,-55.9869112,47.1359227,36.9711822,3052.5406879
