Displacement,FX,FY,FZ,MX,MY,MZ,L
15.0,-3.735527e-06,-63696.3437,-9.97073244e-07,-0.0258176807,-455255.095,-0.000691950729,3189.01919856
