Displacement,FX,FY,FZ,MX,MY,MZ,L
15.0,-2.87580406e-07,-350696.51,6.16525358e-06,0.00157656195,-2877745.47,-0.0158331273,2206.48523705
