Displacement,FX,FY,FZ,MX,MY,MZ,L
0.0628,9.53674316e-07,6.88746802,9.53674316e-07,0.00417472936,-83139.9198,-0.00566544426,2752.99478887
