Displacement,FX,FY,FZ,MX,MY,MZ,L
0.0628,0.0,-16.8818488,7.86781311e-06,0.0270198969,-89057.8436,0.00045103202,3401.07413612
