Displacement,FX,FY,FZ,MX,MY,MZ,L
15.0,-1.15165676e-06,-156571.327,-1.22975416e-05,-0.032153302,-893751.746,0.0061505792,2504.55828158
