Displacement,FX,FY,FZ,MX,MY,MZ,L
0.0628,0.0,18.3869221,-3.81469727e-06,-0.0094992268,-271889.332,0.000537757142,2246.00444699
