Displacement,FX,FY,FZ,MX,MY,MZ,L
15.0,12.7677655,0.000311564654,-0.0163465142,-13.421478,19.8142466,5.7335746,3904.8500008
