Displacement,FX,FY,FZ,MX,MY,MZ,L
15.0,121.83742,0.000675007701,-0.0521712303,-93.9593402,27.0430018,75.4311191,2802.08031443
