Displacement,FX,FY,FZ,MX,MY,MZ,L
15.0,-1.96760266e-06,58021.8505,-3.54203803e-06,-0.00718993932,458518.187,0.00319623444,2345.91088161
