Displacement,FX,FY,FZ,MX,MY,MZ,L
15.0,407.900517,0.00052344799,0.0768136978,-250.044003,-364.194164,303.886253,2345.24508804
