Displacement,FX,FY,FZ,MX,MY,MZ,L
15.0,338.49651,0.00156766176,-0.133942604,-228.936928,48.1704798,242.827875,2405.08109218
