Displacement,FX,FY,FZ,MX,MY,MZ,L
0.0628,0.0,-89.4488329,-3.81469727e-06,-0.00857047133,-631100.268,0.000420581029,2055.78702445
