Displacement,FX,FY,FZ,MX,MY,MZ,L
15.0,6.7208166e-06,36927.7943,-2.54288898e-06,-0.00925370038,248256.821,-0.0145812323,2263.4439439
