Displacement,FX,FY,FZ,MX,MY,MZ,L
15.0,1395.67593,0.000281333923,-0.0247612,-619.053633,-2058.69278,1338.70379,1906.76388514
