Displacement,FX,FY,FZ,MX,MY,MZ,L
0.0628,7.62939453e-06,40.196294,-3.81469727e-06,-0.00720254503,-257724.372,-0.0157782671,2141.13088838
