Displacement,FX,FY,FZ,MX,MY,MZ,L
15.0,-0.00422272351,5911.79396,-0.00302780278,-6.11358558,22092.4977,6.10004721,2452.73077549
