Displacement,FX,FY,FZ,MX,MY,MZ,L
15.0,9.94668511,6.19962811e-05,-0.00177711248,-9.80087775,-0.196185255,4.2040123,4188.64749429
