Displacement,FX,FY,FZ,MX,MY,MZ,L
0.0628,-6.19888306e-06,1.83757587,2.38418579e-07,0.000308249881,-19766.7208,0.0196183105,3236.80751939
