Displacement,FX,FY,FZ,MX,MY,MZ,L
15.0,42.1876046,3.11881304e-05,0.00151515007,-33.0613627,-66.4210564,22.4937632,3355.88707193
