Displacement,FX,FY,FZ,MX,MY,MZ,L
15.0,258.519445,1.21593475e-05,-0.0249990225,-134.994665,-461.068177,190.044021,2554.18650878
