Displacement,FX,FY,FZ,MX,MY,MZ,L
15.0,2.32379534e-06,-621077.694,-4.80665858e-06,-0.00941174803,-6621995.56,-0.0033994324,2014.51432034
