Displacement,FX,FY,FZ,MX,MY,MZ,L
15.0,25.4047379,0.000933749601,-0.0601748228,-25.3670856,52.7501808,12.6476861,3483.7772291
