Displacement,FX,FY,FZ,MX,MY,MZ,L
15.0,3.54256554e-06,28491.6086,2.2121967e-06,0.00527139561,218792.078,-0.0113436963,3104.92353876
