Displacement,FX,FY,FZ,MX,MY,MZ,L
0.0628,0.0,36.8820002,0.0,0.000931398528,-345409.772,-0.00161322871,2086.77945321
