Displacement,FX,FY,FZ,MX,MY,MZ,L
15.0,14.7888093,0.00020175986,-0.0107741356,-14.6166133,13.8151373,6.69317933,3881.00845727
