Displacement,FX,FY,FZ,MX,MY,MZ,L
15.0,-3.60115519e-06,18333.9595,1.84998498e-07,0.003148633,98615.408,0.0064358127,2504.55828158
