Displacement,FX,FY,FZ,MX,MY,MZ,L
15.0,108.349109,0.00152241439,-0.16936779,-90.0756253,125.536255,66.3847412,2806.29558772
