Displacement,FX,FY,FZ,MX,MY,MZ,L
15.0,637.978032,5.62667847e-05,-0.0714817047,-315.642965,-1032.9026,560.392336,2130.00080349
