Displacement,FX,FY,FZ,MX,MY,MZ,L
15.0,1.25163933e-06,-203735.485,1.55655198e-06,-0.00223198836,-1757504.86,-0.000520231726,2571.43631056
