Displacement,FX,FY,FZ,MX,MY,MZ,L
15.0,6.54764563e-07,-78821.6365,-1.82423219e-06,-0.00592630764,-563318.751,-0.00248528499,3189.56193439
