Displacement,FX,FY,FZ,MX,MY,MZ,L
15.0,106.60201,0.000195756555,0.00720226765,-75.0969793,-77.4030608,63.5487385,2942.40569483
