Displacement,FX,FY,FZ,MX,MY,MZ,L
15.0,-0.0308251216,28436.3342,0.0191546305,12.9224287,201702.905,30.3583471,2603.75678371
