Displacement,FX,FY,FZ,MX,MY,MZ,L
15.0,670.342556,0.000255800784,0.0868144035,-322.405857,-943.220007,532.542902,2246.64206705
