Displacement,FX,FY,FZ,MX,MY,MZ,L
0.0628,4.17232513e-06,-9.15831287,-2.38418579e-07,-0.000766570921,-47940.7663,-0.016345709,3685.34185807
