Displacement,FX,FY,FZ,MX,MY,MZ,L
0.0628,0.0,-3.96935535,0.0,0.000934862557,-6829.85161,-0.000580890893,2562.57045804
