Displacement,FX,FY,FZ,MX,MY,MZ,L
15.0,498.631445,0.000442504883,0.0967206955,-268.94177,-529.21767,373.896005,2343.70321626
