Displacement,FX,FY,FZ,MX,MY,MZ,L
15.0,9.08444781e-06,22233.6026,2.25521217e-06,0.00472237155,127372.659,-0.0205466717,2405.08109218
