Displacement,FX,FY,FZ,MX,MY,MZ,L
0.0628,-1.52587891e-05,38.2808013,0.0,7.4323907e-09,-144542.138,0.0364116891,2345.91088161
