Displacement,FX,FY,FZ,MX,MY,MZ,L
15.0,0.000244809693,229806.048,4.94223605e-06,0.0130227919,2594044.67,-0.520869464,2130.00080349
