Displacement,FX,FY,FZ,MX,MY,MZ,L
15.0,6.67659661e-05,2388.8238,-2.83680989e-05,-0.108671127,15371.1839,-0.246849654,3760.3580985
