Displacement,FX,FY,FZ,MX,MY,MZ,L
15.0,-2.2521034e-06,56302.9839,-2.34509207e-06,-0.00271329453,496117.554,0.00726483914,2469.78960626
