Displacement,FX,FY,FZ,MX,MY,MZ,L
15.0,-7.54389475e-07,44950.4744,-3.19922401e-06,-0.0105036664,371623.117,0.56463313,2479.52576486
