Displacement,FX,FY,FZ,MX,MY,MZ,L
15.0,158.020822,0.0012383312,-0.137643814,-120.369048,96.8434077,101.527145,2685.22914337
