Displacement,FX,FY,FZ,MX,MY,MZ,L
15.0,259.911788,0.000134944916,0.0312356055,-147.812113,-366.845313,177.972612,2597.14092973
