Displacement,FX,FY,FZ,MX,MY,MZ,L
15.0,1371.60511,0.000385761261,0.0885906219,-623.761334,-1938.1001,1279.78034,1932.17294568
