Displacement,FX,FY,FZ,MX,MY,MZ,L
15.0,2.75060484e-06,-162002.105,8.84576366e-07,0.00101810263,-1287660.55,-0.00702114648,2628.50503805
