Displacement,FX,FY,FZ,MX,MY,MZ,L
15.0,-5.8964315e-07,-231274.184,-6.24514541e-07,-0.00520771299,-1913548.28,0.00210553722,2404.5207214
