Displacement,FX,FY,FZ,MX,MY,MZ,L
0.0628,-4.76837158e-07,0.163558961,4.76837158e-07,0.00144854209,-29492.0172,0.00191783315,3335.00970225
