Displacement,FX,FY,FZ,MX,MY,MZ,L
15.0,11.2802298,4.7577545e-05,-0.000836759806,-10.6979831,-4.75034458,4.83442883,4136.95828629
