Displacement,FX,FY,FZ,MX,MY,MZ,L
15.0,-1.85053068e-07,-325397.876,-2.63714446e-06,-0.00636345008,-3253591.19,0.0267292968,2259.63231717
