Displacement,FX,FY,FZ,MX,MY,MZ,L
0.0628,0.0,-23.5019966,-4.76837158e-07,-0.00128519078,-122583.632,0.00299870709,3076.8283994
