Displacement,FX,FY,FZ,MX,MY,MZ,L
15.0,51.0986804,0.000234656036,-0.00920236111,-42.5782876,-4.97840762,27.7236803,3225.08654182
