Displacement,FX,FY,FZ,MX,MY,MZ,L
15.0,-1.07986853e-06,488515.587,5.72524004e-06,0.0110686575,6027161.49,0.00642206497,1784.47589681
