Displacement,FX,FY,FZ,MX,MY,MZ,L
0.0628,0.0,-4.83024371,8.58306885e-06,0.0216884036,-101741.584,-0.00185205499,2900.62636043
