Displacement,FX,FY,FZ,MX,MY,MZ,L
15.0,-1.84535747e-06,398353.772,1.27248177e-06,0.00214923476,4953386.1,0.00457332772,1918.52555246
