Displacement,FX,FY,FZ,MX,MY,MZ,L
15.0,7.87456884e-07,41754.1486,3.11797486e-05,0.0865601592,345483.287,-0.00233952198,2803.12822254
