Displacement,FX,FY,FZ,MX,MY,MZ,L
15.0,25.0190045,5.99119812e-06,-0.13695848,-29.6921579,52.1782531,12.0840773,3183.6472281
