Displacement,FX,FY,FZ,MX,MY,MZ,L
15.0,-6.09704557e-05,-241071.052,-3.28856913e-06,-0.00523212575,-1954270.93,0.152380322,2517.44650481
