Displacement,FX,FY,FZ,MX,MY,MZ,L
0.0628,0.0,-126.575688,0.0,-5.84150257e-08,-828297.685,9.49148671e-09,1918.52555246
