Displacement,FX,FY,FZ,MX,MY,MZ,L
15.0,0.00684253856,5519.44389,0.00117325708,3.66387869,38808.7899,-22.088318,3335.00970225
