Displacement,FX,FY,FZ,MX,MY,MZ,L
15.0,1.82010172e-06,7485.49771,-1.3612138e-06,-0.0115215871,49298.9999,0.00270737147,3660.30984716
