Displacement,FX,FY,FZ,MX,MY,MZ,L
15.0,12.7734094,1883.59898,17.8693531,70241.188,11180.7777,20903.6998,3498.62312407
