Displacement,FX,FY,FZ,MX,MY,MZ,L
15.0,-3.94739618e-06,-407230.182,-1.81421456e-06,-0.00461047934,-3975201.99,0.00689651188,2195.78140361
