Displacement,FX,FY,FZ,MX,MY,MZ,L
15.0,125.211391,2.06232071e-05,-0.0148637295,-80.6656854,-231.253145,85.0490124,2765.30710082
