Displacement,FX,FY,FZ,MX,MY,MZ,L
15.0,2.72435136e-06,144468.274,3.00581451e-06,0.00718261686,1411790.55,-0.00962696294,2141.75882721
