Displacement,FX,FY,FZ,MX,MY,MZ,L
15.0,7.54211214e-07,-398473.714,-2.63055881e-06,-0.00842940947,-3736401.0,-0.00294793514,2183.52241761
