Displacement,FX,FY,FZ,MX,MY,MZ,L
15.0,34.3341663,1.47270039e-05,-0.000400591642,-25.9130606,-62.649798,17.6924024,3518.42501424
