Displacement,FX,FY,FZ,MX,MY,MZ,L
0.0628,-8.34465027e-07,-6.1491102,2.38418579e-07,0.00074097615,-30416.6723,0.00340859699,4196.61244226
