Displacement,FX,FY,FZ,MX,MY,MZ,L
15.0,137.924755,0.000247955322,0.0112566948,-94.6472874,-99.3334153,85.6517547,2820.47302788
