Displacement,FX,FY,FZ,MX,MY,MZ,L
0.0628,9.53674316e-07,7.51746481,-6.67572021e-06,-0.0120840427,-94815.6834,-0.00685874391,2753.64654222
