Displacement,FX,FY,FZ,MX,MY,MZ,L
15.0,1.06687366e-06,-535665.139,-2.13567546e-08,0.00195280323,-5450317.07,-0.00342358882,2016.72263315
