Displacement,FX,FY,FZ,MX,MY,MZ,L
15.0,1.37174311e-07,-129516.931,8.32813384e-07,-0.0882461665,-876314.209,-0.0503196496,2758.31531994
