Displacement,FX,FY,FZ,MX,MY,MZ,L
0.0628,0.0,-121.965908,0.0,0.000495653486,-637257.954,9.53514827e-05,2205.2846591
