Displacement,FX,FY,FZ,MX,MY,MZ,L
15.0,9.84617145e-07,294637.407,5.76713592e-06,0.0110684475,3076035.19,-0.00439802022,1932.17294568
