Displacement,FX,FY,FZ,MX,MY,MZ,L
15.0,-1.93352753e-06,100279.317,-8.99830775e-06,-0.0174036918,937451.028,0.0236249556,2293.41772872
