Displacement,FX,FY,FZ,MX,MY,MZ,L
0.0628,2.38418579e-06,-8.58653788,-2.38418579e-07,-0.000490156113,-50721.8539,-0.00819207432,3520.62654455
