Displacement,FX,FY,FZ,MX,MY,MZ,L
15.0,-4.89546619e-06,-533274.119,2.02194574e-05,0.0379421306,-6248648.42,0.0078545846,1985.26358865
