Displacement,FX,FY,FZ,MX,MY,MZ,L
15.0,2.12654231e-06,71875.6303,-1.0507938e-06,0.00281024381,587378.624,0.00114581635,2216.23227289
