Displacement,FX,FY,FZ,MX,MY,MZ,L
15.0,306.827562,1.76429749e-05,-0.0383133888,-163.953142,-530.394899,238.981751,2424.09108741
