Displacement,FX,FY,FZ,MX,MY,MZ,L
0.0628,-1.37090683e-06,-5.84836822,0.0,0.000935680311,-29764.305,0.00777864456,3914.26205093
