Displacement,FX,FY,FZ,MX,MY,MZ,L
15.0,-3.79875437e-05,36637.011,-5.0436272e-06,-0.0145166736,297760.029,0.116168014,3082.14243809
