Displacement,FX,FY,FZ,MX,MY,MZ,L
15.0,239.917264,0.000164806843,0.0336822271,-142.547717,-307.019368,162.338844,2614.40298551
