Displacement,FX,FY,FZ,MX,MY,MZ,L
15.0,-7.41420081e-09,84055.5936,4.73777618e-06,0.0137356489,780129.144,0.000507942546,2454.40985558
