Displacement,FX,FY,FZ,MX,MY,MZ,L
0.0628,-3.81469727e-06,-20.1622056,3.81469727e-06,0.0115048053,-112936.95,0.0115468066,3041.99872505
