Displacement,FX,FY,FZ,MX,MY,MZ,L
15.0,146.201417,0.000155091286,0.0189511776,-101.057471,-167.434365,93.5516183,2752.99478887
