Displacement,FX,FY,FZ,MX,MY,MZ,L
15.0,28.8307748,6.5267086e-06,-0.0033467114,-23.2982172,-57.7181792,15.5059596,3485.91885417
