Displacement,FX,FY,FZ,MX,MY,MZ,L
0.0628,2.86102295e-06,0.442135707,1.90734863e-06,0.00688747248,-51275.6208,-0.00946975963,3121.61026691
