Displacement,FX,FY,FZ,MX,MY,MZ,L
0.0628,1.14440918e-05,31.5275938,0.0,-0.00695509722,-95170.3134,-0.0253467469,2420.36249254
