Displacement,FX,FY,FZ,MX,MY,MZ,L
15.0,-1.55784201e-05,15125.6252,7.09312189e-07,0.000286336232,114362.158,0.0535553011,3026.94694933
