Displacement,FX,FY,FZ,MX,MY,MZ,L
15.0,982.384395,0.000142097473,-0.00566482544,-416.011892,-1543.47202,859.092435,2096.8253285
