Displacement,FX,FY,FZ,MX,MY,MZ,L
15.0,2.02857154e-06,11638.5384,1.40840339e-05,0.0763044755,86101.7345,-0.0256656577,3121.61026691
