Displacement,FX,FY,FZ,MX,MY,MZ,L
15.0,-6.70008285e-06,-114581.751,7.01593763e-07,0.00235792017,-835795.61,0.0205283255,2922.86187178
