Displacement,FX,FY,FZ,MX,MY,MZ,L
15.0,2269.82952,0.00022315979,-0.291782379,-824.319235,-3201.05496,2420.45978,1767.18490656
