Displacement,FX,FY,FZ,MX,MY,MZ,L
15.0,1.02269769e-06,54130.3064,-5.45175862e-06,-0.0153444614,461872.881,-0.00106666377,2597.14092973
