Displacement,FX,FY,FZ,MX,MY,MZ,L
0.0628,0.0,-109.075794,0.0,-0.000347274588,-637188.078,0.000200468414,2130.54533019
