Displacement,FX,FY,FZ,MX,MY,MZ,L
15.0,-8.85493864e-06,-460142.646,-1.92068546e-06,-0.00328545971,-4246373.58,0.0162789596,2036.83294834
