Displacement,FX,FY,FZ,MX,MY,MZ,L
0.0628,3.81469727e-06,-6.36551724,1.43051147e-06,0.00649377704,-29870.5336,-0.0141267819,4186.58334662
