Displacement,FX,FY,FZ,MX,MY,MZ,L
15.0,-8.21692811e-06,30314.4795,7.93140498e-06,0.0157920841,191855.876,0.0188797497,2370.50957446
