Displacement,FX,FY,FZ,MX,MY,MZ,L
15.0,-3.6059937e-06,103310.592,9.84597136e-07,0.00977465394,977739.237,0.00417498359,2350.21740851
