Displacement,FX,FY,FZ,MX,MY,MZ,L
15.0,6.74322365e-07,644.75558,-9.61186478e-07,-0.00640457359,2866.25451,-0.00362363075,6146.3561703
