Displacement,FX,FY,FZ,MX,MY,MZ,L
15.0,3.27377966,5.48362732e-06,-0.000130131841,-3.36829313,-4.96746732,1.16866183,5071.07536175
