Displacement,FX,FY,FZ,MX,MY,MZ,L
15.0,181.811442,7.17788935e-05,0.0137580186,-109.46579,-283.862667,119.468203,2723.80787559
