Displacement,FX,FY,FZ,MX,MY,MZ,L
15.0,4.0070933,1.24424696e-06,-0.000445244135,-4.24520304,-8.37900368,1.57476726,4748.09996613
