Displacement,FX,FY,FZ,MX,MY,MZ,L
15.0,7.25502832e-06,-843318.501,2.20911807e-06,0.00938761514,-11144997.1,-0.016960958,1766.13228367
