Displacement,FX,FY,FZ,MX,MY,MZ,L
15.0,34.6211905,9.59634781e-06,-0.00269892812,-27.1020906,-68.2648056,18.6953162,3421.05137017
