Displacement,FX,FY,FZ,MX,MY,MZ,L
15.0,5.46777301e-07,-900701.133,8.36962499e-08,0.0446058824,-11037629.4,0.0274846766,1852.34493783
