Displacement,FX,FY,FZ,MX,MY,MZ,L
15.0,-1.29819725e-05,1335.53241,1.49452938e-05,0.098331317,8259.26943,0.114305769,3996.15709214
