Displacement,FX,FY,FZ,MX,MY,MZ,L
15.0,-2.39320798e-07,-556847.755,6.86583007e-06,0.0191090018,-5546060.07,0.00194398803,2107.18730949
