Displacement,FX,FY,FZ,MX,MY,MZ,L
15.0,5.777355e-06,5269.92938,-2.13337904e-06,-0.00631380816,32392.4666,-0.025199129,4024.4314914
