Displacement,FX,FY,FZ,MX,MY,MZ,L
15.0,125.212503,0.000260025263,-0.799619019,-121.485308,390.276193,78.5269916,2563.24197834
