Displacement,FX,FY,FZ,MX,MY,MZ,L
15.0,651.721194,0.000555515289,0.139943361,-356.2156,-672.892451,517.924311,2206.48523705
