Displacement,FX,FY,FZ,MX,MY,MZ,L
15.0,5.02186206,2.54679471e-05,-0.000424399972,-5.15359946,-2.02340769,1.90206992,4710.06750626
