Displacement,FX,FY,FZ,MX,MY,MZ,L
0.0628,-2.50339508e-06,-6.68252679,1.90734863e-06,0.00604684939,-35126.6628,0.00993674678,3812.17396758
