Displacement,FX,FY,FZ,MX,MY,MZ,L
0.0628,0.0,26.8477417,3.81469727e-06,0.0104636174,-94338.3077,-1.93722371e-09,2454.46666945
