Displacement,FX,FY,FZ,MX,MY,MZ,L
15.0,5.0850781e-07,-104695.18,1.68919087e-07,0.000238628709,-733129.456,-0.00215347239,2977.70351085
