Displacement,FX,FY,FZ,MX,MY,MZ,L
0.0628,0.0,-145.00983,0.0,-0.00277740462,-934172.065,0.0016033938,1919.07020426
