Displacement,FX,FY,FZ,MX,MY,MZ,L
0.0628,2.38418579e-06,2.87612768,2.86102295e-06,0.0101201227,-19707.1478,-0.00738695728,3059.87758231
