Displacement,FX,FY,FZ,MX,MY,MZ,L
15.0,1.00112629e-06,-117856.962,2.31248123e-06,0.00504130335,-771507.778,-0.0052936509,2752.99478887
