Displacement,FX,FY,FZ,MX,MY,MZ,L
0.0628,5.00679016e-06,-7.6381287,0.0,0.000392691203,-38286.4518,-0.0186071714,3852.2385805
