Displacement,FX,FY,FZ,MX,MY,MZ,L
0.0628,0.0,65.5690671,0.0,-6.68151188e-08,-269163.291,-0.000143997317,2036.83294834
