Displacement,FX,FY,FZ,MX,MY,MZ,L
15.0,-1.63087316e-05,18740.8389,-1.51594586e-05,-0.082791155,147949.009,0.106542949,2862.74974401
