Displacement,FX,FY,FZ,MX,MY,MZ,L
15.0,4.4790886e-07,-284905.326,1.12465568e-06,0.00195299671,-2075339.05,0.00417760701,2191.15694061
