Displacement,FX,FY,FZ,MX,MY,MZ,L
15.0,3.40775387e-07,-116465.808,-2.58160617e-06,-0.00594288763,-773068.818,0.00146018906,2900.62636043
