Displacement,FX,FY,FZ,MX,MY,MZ,L
15.0,223.663463,0.000218212605,0.0338492393,-140.090838,-250.270472,150.467087,2616.60827017
