Displacement,FX,FY,FZ,MX,MY,MZ,L
0.0628,-3.05175781e-05,-109.937153,0.0,0.00145707793,-914441.609,0.0556705761,1851.78451113
