Displacement,FX,FY,FZ,MX,MY,MZ,L
15.0,2.73002126,2.21654773e-06,-0.000201392919,-2.84960547,-5.2706595,0.966889503,5189.30919142
