Displacement,FX,FY,FZ,MX,MY,MZ,L
0.0628,1.90734863e-06,5.18487968,-9.05990601e-06,-0.0268859014,-29266.974,-0.00517256843,3000.77952139
