Displacement,FX,FY,FZ,MX,MY,MZ,L
15.0,116.989557,9.30726528e-05,0.0121222138,-78.2021146,-156.989339,71.468127,2902.8300796
