Displacement,FX,FY,FZ,MX,MY,MZ,L
0.0628,9.53674316e-06,10.9914262,0.0,-0.00476392736,-47764.9526,-0.0249769705,2797.66974511
