Displacement,FX,FY,FZ,MX,MY,MZ,L
0.0628,2.38418579e-07,-5.68842632,1.90734863e-06,0.0041250708,-53011.649,0.0023062323,3336.16952569
