Displacement,FX,FY,FZ,MX,MY,MZ,L
15.0,4.80365743,3.14274803e-06,-0.000323563814,-4.87299459,-9.23855181,1.87572318,4687.69144435
