Displacement,FX,FY,FZ,MX,MY,MZ,L
0.0628,0.0,21.1211905,0.0,0.0115640665,-123557.805,-2.89819582e-08,2479.52576486
