Displacement,FX,FY,FZ,MX,MY,MZ,L
15.0,1.64489029e-06,201331.283,1.98793678e-05,0.0441263233,2092988.15,-0.00144310953,2196.38412646
