Displacement,FX,FY,FZ,MX,MY,MZ,L
15.0,-7.57877569e-06,77793.265,-2.29269444e-05,-0.0597682107,707604.498,0.019696688,2668.65464942
