Displacement,FX,FY,FZ,MX,MY,MZ,L
15.0,-3.61599177e-07,-157048.028,-2.78727384e-07,0.00167647877,-876756.855,0.00159523007,2409.49771779
