Displacement,FX,FY,FZ,MX,MY,MZ,L
15.0,-1.76479807e-06,33801.281,3.66623863e-06,-0.00955610833,224348.805,-0.00814026332,2420.36249254
