Displacement,FX,FY,FZ,MX,MY,MZ,L
15.0,5.68144605e-06,123608.39,-1.84142118e-06,-0.00460333168,1191541.57,-0.012842265,2246.00444699
