Displacement,FX,FY,FZ,MX,MY,MZ,L
15.0,107.256377,4.91738319e-06,-0.886805534,-111.60481,370.167252,64.6352586,2529.81659986
