Displacement,FX,FY,FZ,MX,MY,MZ,L
15.0,462.144326,0.000571370125,0.0872921944,-264.277364,-411.173283,344.597932,2345.91088161
