Displacement,FX,FY,FZ,MX,MY,MZ,L
0.0628,9.53674316e-07,17.1179441,2.86102295e-06,0.00757807017,-67442.0724,-0.00252606659,2648.69152046
