Displacement,FX,FY,FZ,MX,MY,MZ,L
15.0,3.93425724,4.74574044e-05,-0.00124084949,-4.41166277,2.02096578,1.46147122,4793.07832966
