Displacement,FX,FY,FZ,MX,MY,MZ,L
15.0,8.55177914e-05,8813.01707,3.48001267e-05,0.535085977,39582.0246,-0.223442564,2802.08031443
