Displacement,FX,FY,FZ,MX,MY,MZ,L
15.0,1.43533898e-05,-111790.315,3.84475698e-07,0.00109033997,-902315.114,-0.0427073175,2862.50379229
