Displacement,FX,FY,FZ,MX,MY,MZ,L
15.0,114.833888,0.00286809355,-0.303878069,-101.457361,197.921473,72.05552,2713.53235481
