Displacement,FX,FY,FZ,MX,MY,MZ,L
0.0628,-6.43730164e-06,-2.36368579,-4.76837158e-07,-0.00164535119,-37159.0503,0.0222416312,3380.36826604
