Displacement,FX,FY,FZ,MX,MY,MZ,L
15.0,1.0715371e-06,-172945.343,1.22273832e-06,0.00197051093,-1284915.61,-0.00431749027,2596.50166638
