Displacement,FX,FY,FZ,MX,MY,MZ,L
15.0,250.979598,0.000594079494,0.008685112,-168.088149,-114.682674,172.280176,2534.20259846
