Displacement,FX,FY,FZ,MX,MY,MZ,L
0.0628,6.10351562e-05,-68.1032905,0.0,-0.00152447222,-887681.77,-0.109795868,1784.47589681
