Displacement,FX,FY,FZ,MX,MY,MZ,L
15.0,229.621821,0.000401318073,0.0262680054,-152.208703,-162.480163,155.59515,2576.50703212
