Displacement,FX,FY,FZ,MX,MY,MZ,L
15.0,346.293774,0.00115698576,-0.0352096558,-236.631539,-64.9199,252.677547,2369.81456856
