Displacement,FX,FY,FZ,MX,MY,MZ,L
0.0628,-2.86102295e-06,-0.657755931,-9.53674316e-07,-0.00364253004,-85773.1468,0.00823299548,2902.8300796
