Displacement,FX,FY,FZ,MX,MY,MZ,L
15.0,-2.80667882e-06,-206040.436,1.12308771e-06,0.00500125671,-1398565.08,0.00554781908,2455.14039915
