Displacement,FX,FY,FZ,MX,MY,MZ,L
0.0628,-6.67572021e-06,9.47864319,9.53674316e-07,0.00237145852,-37880.0575,0.0178388261,2802.08031443
