Displacement,FX,FY,FZ,MX,MY,MZ,L
15.0,26.186463,4.94718552e-06,-0.00263255835,-21.370305,-52.6164926,13.7159506,3555.7374057
