Displacement,FX,FY,FZ,MX,MY,MZ,L
15.0,7.51370862e-07,19692.5242,-1.30609294e-06,-0.00453679655,147285.36,-0.00222343562,3151.63945386
