Displacement,FX,FY,FZ,MX,MY,MZ,L
15.0,42.2316542,3.9935112e-06,-0.00474965572,-32.3745587,-83.1256664,24.0901742,3281.39183606
