Displacement,FX,FY,FZ,MX,MY,MZ,L
15.0,1.21834819e-06,-134105.373,-1.30588796e-06,0.0106772194,-977295.554,0.00300882704,2723.18897206
