Displacement,FX,FY,FZ,MX,MY,MZ,L
15.0,-0.000285163275,9003.86821,-0.00140723026,-7.2321994,65514.1672,0.398221318,3186.18797152
