Displacement,FX,FY,FZ,MX,MY,MZ,L
0.0628,0.0,-125.703625,0.0,9.51604306e-08,-725398.79,0.00160397911,2131.11008715
