Displacement,FX,FY,FZ,MX,MY,MZ,L
15.0,1042.90965,0.000102519989,-0.133049011,-451.872328,-1605.32914,989.510586,1985.78983487
