Displacement,FX,FY,FZ,MX,MY,MZ,L
15.0,2.07351174,9.20146704e-07,-0.000218586996,-2.35499467,-4.2844983,0.729492475,5289.43922965
