Displacement,FX,FY,FZ,MX,MY,MZ,L
15.0,44.6364238,1.96397305e-05,0.000804126263,-33.3662805,-75.9062842,23.89756,3361.20206571
