Displacement,FX,FY,FZ,MX,MY,MZ,L
15.0,8.87477654e-07,-663669.152,2.52006657e-06,0.0429367698,-7956813.09,-0.0147395835,1918.52555246
