Displacement,FX,FY,FZ,MX,MY,MZ,L
15.0,-1.72000146e-05,535816.691,-2.55514351e-06,-0.00553840073,6770071.91,0.0271024574,1852.34493783
