Displacement,FX,FY,FZ,MX,MY,MZ,L
15.0,-5.77983883e-08,-244284.541,-1.65164965e-06,-0.00157231325,-1688521.22,-0.00116210047,2305.78316462
