Displacement,FX,FY,FZ,MX,MY,MZ,L
15.0,1.39174517e-07,623080.407,-2.2865006e-06,-0.0042814794,8446504.55,-0.000367520377,1766.65024502
