Displacement,FX,FY,FZ,MX,MY,MZ,L
15.0,-1.80668121e-06,-142257.746,-1.74990237e-06,-0.00880279148,-997375.467,0.00811826473,2748.58634884
