Displacement,FX,FY,FZ,MX,MY,MZ,L
15.0,-1.16290539e-06,-259361.078,0.000119669017,0.27688574,-2089293.24,0.0016361255,2325.12403653
