Displacement,FX,FY,FZ,MX,MY,MZ,L
15.0,61.5811626,1.29938126e-05,-0.00684380531,-45.293985,-118.743246,37.4020403,3076.8283994
