Displacement,FX,FY,FZ,MX,MY,MZ,L
15.0,41.671089,1.89244747e-05,-0.00139376521,-32.4845425,-77.9017311,22.8090496,3326.13272863
