Displacement,FX,FY,FZ,MX,MY,MZ,L
15.0,717.463476,0.000529527664,0.143323064,-375.173113,-836.555364,579.466013,2181.66075516
