Displacement,FX,FY,FZ,MX,MY,MZ,L
15.0,2.25827499,2.97650695e-06,-0.000130996108,-2.45251336,-3.80977181,0.771276147,5333.26915524
