Displacement,FX,FY,FZ,MX,MY,MZ,L
15.0,56.6076787,4.61116433e-05,-0.229179502,-55.0477961,144.754482,31.4316657,3008.3124522
