Displacement,FX,FY,FZ,MX,MY,MZ,L
15.0,32.3672943,1.5899539e-05,0.000181794167,-25.4827196,-55.8554402,16.5671801,3520.62654455
