Displacement,FX,FY,FZ,MX,MY,MZ,L
15.0,1.4506677e-06,159160.295,-1.82544682e-06,-0.00374534528,1449956.25,0.00294188166,2142.40701215
