Displacement,FX,FY,FZ,MX,MY,MZ,L
0.0628,9.53674316e-07,-14.4832703,-3.81469727e-06,-0.0125362361,-79833.0388,-0.00265483174,3286.35335332
