Displacement,FX,FY,FZ,MX,MY,MZ,L
15.0,4.23109017,8.34465027e-07,-0.000498499721,-4.35893877,-8.9192459,1.67769634,4738.39139112
