Displacement,FX,FY,FZ,MX,MY,MZ,L
15.0,0.00238960933,4854.40781,0.00790344712,19.9359759,19421.6783,-8.90696639,3225.08654182
