Displacement,FX,FY,FZ,MX,MY,MZ,L
15.0,-3.61268982e-06,785.559307,1.01690539e-05,0.0413265201,3047.02969,0.0115904648,3904.8500008
