Displacement,FX,FY,FZ,MX,MY,MZ,L
0.0628,0.0,14.1606307,1.90734863e-06,0.00391315856,-43790.161,0.00535328019,2384.48087565
