Displacement,FX,FY,FZ,MX,MY,MZ,L
15.0,-1.34935703e-06,-130592.153,3.24162102e-08,0.0010202619,-972274.313,0.00211543252,2803.12822254
