Displacement,FX,FY,FZ,MX,MY,MZ,L
15.0,1334.57471,0.000185966492,-0.0488376617,-533.707718,-2045.8926,1243.20096,1982.15111542
