Displacement,FX,FY,FZ,MX,MY,MZ,L
15.0,385.431561,5.62667847e-05,-0.0212054253,-199.762702,-661.022275,299.877461,2374.73504673
