Displacement,FX,FY,FZ,MX,MY,MZ,L
0.0628,0.0,9.65130276,0.0,-3.83333827e-08,-364144.262,0.00207286079,2184.1422996
