Displacement,FX,FY,FZ,MX,MY,MZ,L
15.0,-1.26725041e-06,1346.88381,1.30675718e-06,0.00777757633,6713.83365,0.00973066345,5317.27239615
