Displacement,FX,FY,FZ,MX,MY,MZ,L
15.0,102.146537,0.00089237839,-0.0885486603,-81.9621885,68.3814821,61.6056725,2868.92325289
