Displacement,FX,FY,FZ,MX,MY,MZ,L
15.0,25.3363993,6.32181764e-05,0.000148594379,-21.329787,-19.0855151,12.1946402,3674.1792708
