Displacement,FX,FY,FZ,MX,MY,MZ,L
15.0,-1.87746809e-05,14807.1917,2.03077616e-06,-0.00212565951,113017.679,0.0506233474,2992.19469147
