Displacement,FX,FY,FZ,MX,MY,MZ,L
15.0,-0.000244414405,-292852.397,5.22885421e-06,0.0125057255,-2357999.52,0.571174563,2325.7622628
