Displacement,FX,FY,FZ,MX,MY,MZ,L
15.0,374.98309,3.64780426e-05,-0.0405669212,-198.00104,-640.760187,300.011103,2341.86975262
