Displacement,FX,FY,FZ,MX,MY,MZ,L
0.0628,0.0,-7.99528349,1.71661377e-05,0.0445505631,-190925.136,-0.000777277425,2516.82685754
