Displacement,FX,FY,FZ,MX,MY,MZ,L
15.0,32.0691371,1.57952309e-06,-0.00424945354,-25.8461905,-63.5217125,17.7911413,3401.07413612
