Displacement,FX,FY,FZ,MX,MY,MZ,L
15.0,9.36271944,9.35047865e-06,-0.000192075968,-8.68628673,-15.6142061,3.95955425,4268.30423949
