Displacement,FX,FY,FZ,MX,MY,MZ,L
15.0,6.82451173e-07,-91023.523,6.8470024e-07,0.00184463005,-624549.581,-0.00417132117,3104.92353876
