Displacement,FX,FY,FZ,MX,MY,MZ,L
15.0,-4.0514351e-08,-244580.49,1.59353403e-05,0.0368314409,-1637784.21,0.00452797208,2263.4439439
