Displacement,FX,FY,FZ,MX,MY,MZ,L
0.0628,2.2649765e-06,-7.29558948,-2.62260437e-06,-0.0100533805,-43501.7472,-0.00932015663,4179.74947543
