Displacement,FX,FY,FZ,MX,MY,MZ,L
15.0,0.757788411,2.10478902e-07,-0.000103893224,-0.985978121,-1.61476595,0.23536101,6146.3561703
