Displacement,FX,FY,FZ,MX,MY,MZ,L
15.0,3.55987868e-06,-695540.047,2.58094587e-07,-0.00043900311,-8005124.09,-0.00915909908,1906.76388514
