Displacement,FX,FY,FZ,MX,MY,MZ,L
15.0,10.7074157,0.000161699951,-0.00744861364,-11.069651,10.4057676,4.63910487,4065.08776539
