Displacement,FX,FY,FZ,MX,MY,MZ,L
15.0,0.00253769985,2248.96288,-0.0280142665,-162.677311,13680.8524,-27.155256,4040.18333739
