Displacement,FX,FY,FZ,MX,MY,MZ,L
15.0,8.53695201e-06,9475.40765,-1.77741786e-05,-0.0481735916,44279.331,-0.0262688378,2904.55732041
