Displacement,FX,FY,FZ,MX,MY,MZ,L
15.0,5.39952734,9.38773155e-07,-0.000790894032,-5.67592287,-11.2832688,2.30134382,4461.46945859
