Displacement,FX,FY,FZ,MX,MY,MZ,L
15.0,98.5320993,3.28123569e-05,-0.000292360783,-63.9611455,-176.809713,60.1019162,2977.70351085
