Displacement,FX,FY,FZ,MX,MY,MZ,L
15.0,488.208248,0.000151872635,0.020049572,-260.388577,-768.473412,386.64106,2280.2387686
