Displacement,FX,FY,FZ,MX,MY,MZ,L
15.0,-3.92488801e-07,-229247.413,-5.85365342e-07,-0.000463237055,-2020503.05,0.000761841657,2474.198961
