Displacement,FX,FY,FZ,MX,MY,MZ,L
15.0,-6.41826773e-06,247232.408,-2.05485048e-06,-0.00884471182,2721254.55,0.010773806,2096.23022797
