Displacement,FX,FY,FZ,MX,MY,MZ,L
15.0,559.014992,0.000102043152,0.0276174545,-275.16656,-878.693193,443.060495,2280.84320573
