Displacement,FX,FY,FZ,MX,MY,MZ,L
15.0,-0.0177753265,8799.21544,0.0104546916,35.3135486,58623.6291,100.943075,3825.08914605
