Displacement,FX,FY,FZ,MX,MY,MZ,L
15.0,-9.12763171e-05,11176.3653,-0.000295571452,1.163142,51730.9774,-0.228424693,2593.34669069
