Displacement,FX,FY,FZ,MX,MY,MZ,L
15.0,348.282734,9.44137573e-05,-0.00169491768,-198.269051,-579.156114,266.554388,2376.93978858
