Displacement,FX,FY,FZ,MX,MY,MZ,L
0.0628,-9.53674316e-07,6.08174696,9.53674316e-07,0.0044658792,-26431.0586,0.00379845182,2559.90216823
