Displacement,FX,FY,FZ,MX,MY,MZ,L
0.0628,-3.33786011e-06,-1.26837937,4.76837158e-07,0.00287361716,-43841.64,0.00947125963,3251.00021082
