Displacement,FX,FY,FZ,MX,MY,MZ,L
0.0628,0.0,48.3580675,0.0,0.000285138016,-119179.205,-0.00180106965,2191.15694061
