Displacement,FX,FY,FZ,MX,MY,MZ,L
15.0,-1.74391389e-05,86116.3578,-5.66187446e-05,-0.15832383,800873.293,0.0267120451,2571.43631056
