Displacement,FX,FY,FZ,MX,MY,MZ,L
15.0,0.000135126702,7147.5478,-0.000208169069,0.382319392,30385.7003,-1.76149807,2901.44027159
