Displacement,FX,FY,FZ,MX,MY,MZ,L
15.0,-4.70772648e-07,-265935.393,1.66225618e-07,0.00035119825,-2265909.19,0.000241819187,2455.01413566
