Displacement,FX,FY,FZ,MX,MY,MZ,L
15.0,2.86476279e-07,36346.7218,3.93318987e-05,0.115205268,306570.374,0.0271318074,2616.60827017
