Displacement,FX,FY,FZ,MX,MY,MZ,L
15.0,-3.43399734e-07,-210532.784,4.42123564e-08,0.0385749494,-1344478.76,-0.0218300744,2370.50957446
