Displacement,FX,FY,FZ,MX,MY,MZ,L
15.0,-8.15685354e-07,1011.04272,5.41236769e-07,0.00268080279,5063.23029,-0.00349050199,5276.3071253
