Displacement,FX,FY,FZ,MX,MY,MZ,L
0.0628,-5.7220459e-06,-35.374982,9.53674316e-07,-0.00364661986,-226792.524,0.018758115,2663.9165254
