Displacement,FX,FY,FZ,MX,MY,MZ,L
15.0,4.54344263e-06,80111.9839,9.60215402e-07,0.00197371223,715865.754,-0.0115646188,2517.44650481
