Displacement,FX,FY,FZ,MX,MY,MZ,L
0.0628,-2.62260437e-06,2.07073795,-2.38418579e-07,0.0015683886,-17325.6554,0.00866782912,3144.12982983
