Displacement,FX,FY,FZ,MX,MY,MZ,L
15.0,11.4546368,1.79521739e-05,6.10947609e-05,-10.6490391,-14.7974867,4.96578187,4123.08902659
