Displacement,FX,FY,FZ,MX,MY,MZ,L
15.0,527.978579,9.29832458e-05,-0.0400395393,-254.463185,-885.304185,434.610407,2260.18864268
