Displacement,FX,FY,FZ,MX,MY,MZ,L
15.0,3.05422873e-06,553338.282,3.25391466e-06,0.00817918754,7498793.78,0.00181302428,1766.13228367
