Displacement,FX,FY,FZ,MX,MY,MZ,L
15.0,14.1298865,8.19694251e-05,-0.00256294012,-13.3149564,-0.490773714,6.27854617,3974.5213632
