Displacement,FX,FY,FZ,MX,MY,MZ,L
0.0628,-2.38418579e-07,-3.98507398,-2.38418579e-07,-0.000200662439,-31020.8694,0.00119487105,3639.70773972
