Displacement,FX,FY,FZ,MX,MY,MZ,L
15.0,-3.24123357e-06,-684044.906,5.33795583e-06,0.0106518879,-8008214.54,0.00313775614,1986.33491686
