Displacement,FX,FY,FZ,MX,MY,MZ,L
15.0,529.211684,0.000266313553,0.0817830116,-281.537656,-700.09963,409.140759,2293.41772872
