Displacement,FX,FY,FZ,MX,MY,MZ,L
0.0628,3.81469727e-06,52.3327917,0.0,6.88085529e-05,-146906.772,-0.0112561066,2211.57097315
