Displacement,FX,FY,FZ,MX,MY,MZ,L
0.0628,0.0,-23.3551036,3.81469727e-06,-0.00058044357,-166136.195,-0.000202666348,2740.75375727
