Displacement,FX,FY,FZ,MX,MY,MZ,L
0.0628,-6.67572021e-06,2.46935622,-3.81469727e-06,-0.0107906077,-16690.971,0.021833822,2944.58732998
