Displacement,FX,FY,FZ,MX,MY,MZ,L
15.0,4.6286732e-07,-197820.101,1.40667362e-06,0.00179764011,-1770799.2,0.00651452795,2553.63036145
