Displacement,FX,FY,FZ,MX,MY,MZ,L
15.0,121.277695,2.75969505e-05,-0.00598978996,-76.2903238,-224.398249,78.2099767,2852.98055884
