Displacement,FX,FY,FZ,MX,MY,MZ,L
15.0,3.03582302,6.61797822e-06,-0.000116303563,-3.25197416,-3.96971481,1.07727021,5082.98499274
