Displacement,FX,FY,FZ,MX,MY,MZ,L
15.0,54.9644658,5.01051545e-06,-0.326661378,-57.1036451,170.985737,30.3028682,2935.0714979
