Displacement,FX,FY,FZ,MX,MY,MZ,L
15.0,-1.33324647e-06,423183.314,5.97854523e-07,0.0036768578,5331988.24,0.00333991274,1851.24158941
