Displacement,FX,FY,FZ,MX,MY,MZ,L
0.0628,0.0,-198.605992,0.0,1.22381607e-08,-1205738.62,-2.84984708e-07,1766.65024502
