Displacement,FX,FY,FZ,MX,MY,MZ,L
15.0,65.8884847,0.00100613013,-0.100217819,-56.4910418,83.0158003,37.2024019,3059.87758231
