Displacement,FX,FY,FZ,MX,MY,MZ,L
0.0628,0.0,25.0013889,0.0,-0.00120218716,-66803.5389,0.000867751692,2405.08109218
