Displacement,FX,FY,FZ,MX,MY,MZ,L
15.0,6.76579984,5.31971455e-06,-0.000300347805,-6.51179124,-12.2555774,2.74594663,4478.00511239
