Displacement,FX,FY,FZ,MX,MY,MZ,L
0.0628,1.43051147e-06,1.03706062,2.86102295e-06,0.00944494024,-17137.8198,-0.00445772478,3328.56281673
