Displacement,FX,FY,FZ,MX,MY,MZ,L
0.0628,0.0,12.3902562,1.90734863e-06,0.0065939108,-177403.002,4.41255906e-07,2444.99282734
