Displacement,FX,FY,FZ,MX,MY,MZ,L
15.0,8.4711246e-08,-123910.589,-9.18907972e-08,0.000318014296,-786316.213,0.00292417489,2733.27168652
