Displacement,FX,FY,FZ,MX,MY,MZ,L
15.0,1.45257218e-06,-719475.225,4.12755071e-07,0.00249442412,-8095479.1,-0.00317835459,1982.15111542
