Displacement,FX,FY,FZ,MX,MY,MZ,L
0.0628,4.76837158e-06,-6.89654553,0.0,0.000678702304,-52527.0459,-0.0158715022,3355.88707193
