Displacement,FX,FY,FZ,MX,MY,MZ,L
0.0628,-4.76837158e-07,-18.9270185,0.0,-0.000364205403,-98359.4845,0.00135442076,3281.39183606
