Displacement,FX,FY,FZ,MX,MY,MZ,L
0.0628,-3.81469727e-06,18.9284678,-1.14440918e-05,-0.0266475991,-51997.3524,0.0100834292,2409.49771779
