Displacement,FX,FY,FZ,MX,MY,MZ,L
15.0,137.092866,2.46763229e-05,-0.0100617409,-85.9235832,-253.127976,91.7084977,2768.05957203
