Displacement,FX,FY,FZ,MX,MY,MZ,L
15.0,31.8163844,1.02519989e-05,-0.00193570554,-25.4377562,-61.9178798,16.8343797,3468.33826677
