Displacement,FX,FY,FZ,MX,MY,MZ,L
15.0,-7.63735443e-07,-469142.634,2.12309533e-06,0.0037111796,-4792366.25,0.00177871808,2178.51035792
