Displacement,FX,FY,FZ,MX,MY,MZ,L
15.0,464.679327,0.000304937363,0.0694825277,-266.490141,-616.015357,358.954067,2292.7883783
