Displacement,FX,FY,FZ,MX,MY,MZ,L
15.0,-8.69877113e-07,80483.9997,8.22605216e-07,0.00381986174,726366.696,0.00239076919,2325.7622628
