Displacement,FX,FY,FZ,MX,MY,MZ,L
0.0628,0.0,-17.1863172,0.0,-0.00323012974,-92231.4823,0.00140517207,3231.54284001
