Displacement,FX,FY,FZ,MX,MY,MZ,L
15.0,26.5783403,2.80886889e-05,0.000866025686,-22.0073688,-38.5788021,13.0937054,3624.93353248
