Displacement,FX,FY,FZ,MX,MY,MZ,L
15.0,23.297244,1.26995146e-05,-0.000169679523,-19.4875915,-40.7131955,11.4232977,3680.02872362
