Displacement,FX,FY,FZ,MX,MY,MZ,L
15.0,2.05269316e-07,172037.61,2.20766378e-06,0.0059976764,1731149.13,-0.00176107552,2184.1422996
