Displacement,FX,FY,FZ,MX,MY,MZ,L
0.0628,0.0,25.180272,0.0,-0.000965261377,-227433.563,0.00167175432,2293.41772872
