Displacement,FX,FY,FZ,MX,MY,MZ,L
15.0,-5.55805855e-07,-216667.796,-4.59828152e-06,-0.00628069765,-1640719.39,0.00105041359,2469.78960626
