Displacement,FX,FY,FZ,MX,MY,MZ,L
0.0628,-7.15255737e-07,-0.540442997,1.90734863e-06,0.00624082377,-36127.3348,0.00312068944,3308.04463041
