Displacement,FX,FY,FZ,MX,MY,MZ,L
15.0,346.920632,0.000198066235,0.0467255116,-197.346388,-475.409016,251.841966,2444.99282734
