Displacement,FX,FY,FZ,MX,MY,MZ,L
15.0,6.02787622e-07,-723012.016,-4.40045824e-06,-0.0118352985,-8870391.49,0.010429051,1851.24158941
