Displacement,FX,FY,FZ,MX,MY,MZ,L
0.0628,0.0,-57.0052332,0.0,0.00017383911,-300137.185,0.0127119964,2553.63036145
