Displacement,FX,FY,FZ,MX,MY,MZ,L
0.0628,-9.53674316e-07,-6.67632306,6.19888306e-06,0.0196836258,-62911.1516,0.00285729667,3203.95301887
