Displacement,FX,FY,FZ,MX,MY,MZ,L
15.0,217.537225,0.000722557306,-0.0295085907,-151.413244,-35.6648707,146.105189,2583.80930238
