Displacement,FX,FY,FZ,MX,MY,MZ,L
15.0,2.1873584e-06,45464.1542,-1.43417037e-06,-0.00408833518,384643.483,-0.00443924747,2683.37004636
