Displacement,FX,FY,FZ,MX,MY,MZ,L
15.0,6.74775947e-07,-218847.903,2.69640168e-07,0.0131187611,-2091531.47,-0.00929693133,2423.563267
