Displacement,FX,FY,FZ,MX,MY,MZ,L
15.0,83.4472961,0.000226296484,-0.515391946,-83.2632999,260.407236,48.998825,2749.20929259
