Displacement,FX,FY,FZ,MX,MY,MZ,L
0.0628,0.0,2.37263662,-2.38418579e-06,-0.007390889,-19098.7761,0.00113534137,2591.34236793
