Displacement,FX,FY,FZ,MX,MY,MZ,L
15.0,1.625609e-06,133424.057,3.02261105e-06,0.00890507095,1332416.97,-0.00304684206,2374.73504673
