Displacement,FX,FY,FZ,MX,MY,MZ,L
15.0,6.11500168e-05,-239142.426,-6.5493623e-08,-0.00162802194,-1889058.89,-0.14930228,2444.99282734
