Displacement,FX,FY,FZ,MX,MY,MZ,L
15.0,-1.26697341e-06,-335982.437,5.36948369e-06,0.0129222856,-3283666.58,0.00316737348,2342.42417483
