Displacement,FX,FY,FZ,MX,MY,MZ,L
15.0,-5.44956129e-06,154672.368,-4.73446562e-06,-0.00989659841,1608092.33,0.0114057939,2195.19950837
