Displacement,FX,FY,FZ,MX,MY,MZ,L
0.0628,-1.90734863e-06,-12.560696,0.0,-0.0168049617,-164758.496,0.00861238858,2683.97990018
