Displacement,FX,FY,FZ,MX,MY,MZ,L
0.0628,3.93390656e-06,-8.86681795,-7.15255737e-07,-0.00270704839,-44269.8623,-0.0175870606,3850.03777833
