Displacement,FX,FY,FZ,MX,MY,MZ,L
0.0628,4.05311584e-06,1.36061116,2.38418579e-07,-0.000264922864,-21966.3238,-0.0134591495,3299.388889
