Displacement,FX,FY,FZ,MX,MY,MZ,L
0.0628,-1.52587891e-05,-30.0489989,3.43322754e-05,0.0729171514,-449583.702,0.0339932796,2196.38412646
