Displacement,FX,FY,FZ,MX,MY,MZ,L
15.0,86.0233805,1.39474869e-05,-0.00451689959,-55.3528189,-163.159068,52.1066038,3042.57445657
