Displacement,FX,FY,FZ,MX,MY,MZ,L
15.0,-1.33208232e-06,84583.4773,-1.91148138e-06,-0.00530409918,771921.718,0.00327250734,2405.13542809
