Displacement,FX,FY,FZ,MX,MY,MZ,L
15.0,635.928007,0.000498056412,0.125189781,-356.334972,-743.422176,513.156644,2181.02111754
