Displacement,FX,FY,FZ,MX,MY,MZ,L
15.0,1.17666787e-06,260403.993,-4.90855746e-06,-0.0107532728,2905351.07,-0.00227251998,2013.92368812
