Displacement,FX,FY,FZ,MX,MY,MZ,L
15.0,139.933837,0.00328716636,-0.372029305,-120.610927,235.741933,90.1903095,2636.72641875
