Displacement,FX,FY,FZ,MX,MY,MZ,L
0.0628,-4.76837158e-07,-24.2577415,2.86102295e-06,0.0122544177,-128998.049,0.00376783736,3301.73355081
