Displacement,FX,FY,FZ,MX,MY,MZ,L
15.0,-3.6011852e-07,518.201973,1.16920136e-06,0.00629480517,2412.93644,0.00227518662,5789.75366937
