Displacement,FX,FY,FZ,MX,MY,MZ,L
15.0,11.5407098,6.10947609e-07,-0.00132872164,-10.0697526,-23.9169542,5.30284202,4099.88134104
