Displacement,FX,FY,FZ,MX,MY,MZ,L
15.0,259.35155,2.74181366e-05,-0.0364663601,-153.021004,-448.315037,201.880517,2423.563267
