Displacement,FX,FY,FZ,MX,MY,MZ,L
15.0,-0.000241390985,-222832.504,2.03791024e-06,0.00665671402,-1622218.13,0.604522924,2480.18302824
