Displacement,FX,FY,FZ,MX,MY,MZ,L
15.0,31.5857433,3.77297401e-05,0.00153297186,-24.9624083,-39.5300211,15.7090269,3575.16852955
