Displacement,FX,FY,FZ,MX,MY,MZ,L
0.0628,0.0,-15.5301504,7.62939453e-06,0.0187256602,-224977.501,0.000498617201,2454.40985558
