Displacement,FX,FY,FZ,MX,MY,MZ,L
15.0,-2.52773464e-06,23442.7624,1.39903296e-05,0.0438882373,179922.709,0.0121586528,3104.33600923
