Displacement,FX,FY,FZ,MX,MY,MZ,L
15.0,150.725819,2.30073929e-05,-0.015544951,-87.2687484,-278.32802,102.44083,2765.85679151
