Displacement,FX,FY,FZ,MX,MY,MZ,L
0.0628,-4.94718552e-06,-6.82188831,7.15255737e-07,0.00186363536,-32829.8457,0.0211006234,3999.38876682
