Displacement,FX,FY,FZ,MX,MY,MZ,L
15.0,-2.31456943e-06,-359141.944,1.65291112e-06,0.00847824058,-3185763.99,0.00313921343,2246.00444699
