Displacement,FX,FY,FZ,MX,MY,MZ,L
15.0,-1.99796159e-06,6467.69527,3.63929082e-06,0.0144184811,40128.8813,0.014745738,4179.74947543
