Displacement,FX,FY,FZ,MX,MY,MZ,L
15.0,7.16049899,9.08970833e-07,-0.000828668475,-6.98583127,-14.9518886,3.08804326,4344.0568686
