Displacement,FX,FY,FZ,MX,MY,MZ,L
0.0628,7.62939453e-06,8.77346206,-4.76837158e-06,-0.0157681799,-52325.3325,-0.0207725465,2877.56823917
