Displacement,FX,FY,FZ,MX,MY,MZ,L
0.0628,0.0,-46.4516328,1.90734863e-06,0.00634959431,-406862.03,0.000229812235,2285.56323033
