Displacement,FX,FY,FZ,MX,MY,MZ,L
15.0,10.1728,0.000482632779,-0.0213118792,-11.1472075,23.1704253,4.44151212,4023.29843358
