Displacement,FX,FY,FZ,MX,MY,MZ,L
0.0628,-4.76837158e-07,7.98079839,9.53674316e-07,-0.000211288905,-42045.8683,-0.000336192176,2904.55732041
