Displacement,FX,FY,FZ,MX,MY,MZ,L
15.0,-4.35375273e-06,3049.41999,2.97305874e-06,0.0141419203,16788.0965,0.0219968611,4713.66486414
