Displacement,FX,FY,FZ,MX,MY,MZ,L
15.0,1182.40341,0.00022315979,-0.0542449951,-509.8853,-1814.57287,1100.59926,1981.56997172
