Displacement,FX,FY,FZ,MX,MY,MZ,L
0.0628,0.0,20.6133992,0.0,0.00141762377,-59866.3887,-0.00139289859,2504.55828158
