Displacement,FX,FY,FZ,MX,MY,MZ,L
0.0628,0.0,-94.1059756,1.90734863e-06,0.00371527134,-556660.266,0.000200498979,2130.00080349
