Displacement,FX,FY,FZ,MX,MY,MZ,L
15.0,4.65959147e-07,-137752.231,-3.57598083e-07,-5.73470024e-05,-1102599.37,-0.00165742589,2768.05957203
