Displacement,FX,FY,FZ,MX,MY,MZ,L
15.0,989.112955,0.000267505646,0.0652561188,-431.173873,-1478.57401,848.463067,2107.18730949
