Displacement,FX,FY,FZ,MX,MY,MZ,L
15.0,-2.39523433e-06,-173475.221,3.85903013e-06,0.0104969277,-1496816.77,0.00572287553,2570.87640727
