Displacement,FX,FY,FZ,MX,MY,MZ,L
15.0,367.784355,0.00263983011,-0.309785843,-265.835431,184.456426,271.853982,2317.52589578
