Displacement,FX,FY,FZ,MX,MY,MZ,L
15.0,24.4270866,0.000194579363,-0.00994879007,-22.6002428,8.96989175,11.9080282,3597.86859661
