Displacement,FX,FY,FZ,MX,MY,MZ,L
15.0,7.41309123e-07,-201764.852,-6.39878635e-07,-0.000199728413,-1416789.76,-0.00316575856,2474.85715512
