Displacement,FX,FY,FZ,MX,MY,MZ,L
0.0628,0.0,-35.9241389,0.0,-0.000198994065,-265746.45,0.000229801364,2474.198961
