Displacement,FX,FY,FZ,MX,MY,MZ,L
15.0,83.5816412,4.08515334e-05,0.0035603717,-57.7487166,-137.06068,49.2927856,3042.26776738
