Displacement,FX,FY,FZ,MX,MY,MZ,L
15.0,1.48104391e-06,33257.7414,-5.97427061e-07,-0.00260870242,272386.246,-0.00463358512,2964.62760133
