Displacement,FX,FY,FZ,MX,MY,MZ,L
15.0,199.572306,6.47902489e-05,0.0098451376,-116.702325,-327.833699,133.875504,2683.97990018
