Displacement,FX,FY,FZ,MX,MY,MZ,L
15.0,1.11195861e-05,4156.63751,3.64758583e-06,0.0157727481,24349.6198,-0.0458251248,4344.0568686
