Displacement,FX,FY,FZ,MX,MY,MZ,L
15.0,35.7203599,2.22381204e-05,-0.140156329,-36.7529884,94.5836695,18.6038148,3216.6410675
