Displacement,FX,FY,FZ,MX,MY,MZ,L
15.0,8.36369873e-06,214331.722,-1.80735642e-05,-0.0362978616,2147991.14,-0.0152233696,2016.72263315
