Displacement,FX,FY,FZ,MX,MY,MZ,L
15.0,-1.95539214e-05,51364.0631,2.34035542e-06,-0.0159505389,423433.555,0.0790526621,2480.18302824
