Displacement,FX,FY,FZ,MX,MY,MZ,L
15.0,709.071943,0.000417172909,0.120085001,-384.537926,-903.460507,585.812127,2141.13088838
