Displacement,FX,FY,FZ,MX,MY,MZ,L
15.0,1.27472595e-06,-643206.517,-3.80643087e-06,-0.0120802536,-7241018.08,-0.00552412984,1981.56997172
