Displacement,FX,FY,FZ,MX,MY,MZ,L
15.0,12.7630797,1.437217e-05,3.24547291e-05,-11.5838075,-19.0111752,5.63949944,4058.58275616
