Displacement,FX,FY,FZ,MX,MY,MZ,L
15.0,1162.15618,0.000249862671,0.0310029984,-508.013081,-1741.82537,1048.92577,2014.51432034
