Displacement,FX,FY,FZ,MX,MY,MZ,L
15.0,-1.13609349e-06,-242406.893,1.61560383e-05,0.0380427015,-1733705.38,0.00472765975,2333.04552145
