Displacement,FX,FY,FZ,MX,MY,MZ,L
0.0628,0.0,-73.3338504,0.0,2.4203473e-08,-698855.005,0.00176023515,1981.56997172
