Displacement,FX,FY,FZ,MX,MY,MZ,L
15.0,178.074304,0.000297307968,0.0172848701,-119.743766,-127.154599,115.400433,2698.50797975
