Displacement,FX,FY,FZ,MX,MY,MZ,L
15.0,1.2836681e-06,24145.5433,3.76913522e-06,0.0170911638,150658.24,-0.00263063108,2534.20259846
