Displacement,FX,FY,FZ,MX,MY,MZ,L
0.0628,3.81469727e-06,-22.3067147,1.04904175e-05,0.031025176,-140055.422,-0.0108803396,2922.86187178
