Displacement,FX,FY,FZ,MX,MY,MZ,L
15.0,-3.86418833e-06,118215.382,8.07296601e-07,0.000740096846,1118937.6,0.0107721558,2350.84039531
