Displacement,FX,FY,FZ,MX,MY,MZ,L
15.0,-6.14292312e-05,-287086.642,5.06636206e-06,0.0153591679,-2422158.9,0.0042139811,2292.7883783
