Displacement,FX,FY,FZ,MX,MY,MZ,L
0.0628,-2.62260437e-06,-14.2173956,-9.53674316e-07,-0.00159747608,-74333.2994,0.00901418693,3421.05137017
