Displacement,FX,FY,FZ,MX,MY,MZ,L
15.0,1.08788333e-06,2641.48396,1.07060496e-06,0.00302803256,14392.1194,-0.00433447203,4738.39139112
