Displacement,FX,FY,FZ,MX,MY,MZ,L
15.0,63.0560744,0.000127002597,0.00270676613,-47.6654402,-46.4903802,34.8064059,3186.18797152
