Displacement,FX,FY,FZ,MX,MY,MZ,L
15.0,4.10536074e-07,34735.2095,-8.09291123e-07,-0.00227430247,279526.333,0.0014987702,2850.45988133
