Displacement,FX,FY,FZ,MX,MY,MZ,L
15.0,490.352049,0.00153142214,-0.0415325165,-315.01844,-95.6347298,374.250456,2263.4439439
