Displacement,FX,FY,FZ,MX,MY,MZ,L
15.0,2.77904473e-06,-834390.26,-5.63024605e-05,-0.105891868,-9993403.76,-0.00367255858,1919.63301839
