Displacement,FX,FY,FZ,MX,MY,MZ,L
15.0,-0.00012301587,-366948.568,2.41184262e-06,0.016866453,-3370564.32,0.280219259,2280.84320573
