Displacement,FX,FY,FZ,MX,MY,MZ,L
15.0,-3.4464174e-06,197064.47,-2.24854739e-06,0.0117797673,1951311.53,-0.00775628036,2087.41099911
