Displacement,FX,FY,FZ,MX,MY,MZ,L
15.0,212.483055,5.38825989e-05,-0.00380849838,-131.969237,-367.307218,151.246739,2558.59394712
