Displacement,FX,FY,FZ,MX,MY,MZ,L
15.0,11.0671841,5.40353358e-06,-0.000488325953,-9.70773178,-20.9981404,4.81998023,4186.58334662
