Displacement,FX,FY,FZ,MX,MY,MZ,L
15.0,5.46335286e-07,-291907.504,-1.6538097e-06,-0.00512612425,-2538566.65,-0.00230801804,2350.21740851
