Displacement,FX,FY,FZ,MX,MY,MZ,L
15.0,94.288258,0.00013422966,0.00914096832,-67.0937039,-91.6966482,55.4742117,2992.19469147
