Displacement,FX,FY,FZ,MX,MY,MZ,L
15.0,4.51991218e-06,477135.319,-7.80883784e-06,-0.0166952997,6019526.74,-0.00977508281,1851.78451113
