Displacement,FX,FY,FZ,MX,MY,MZ,L
0.0628,0.0,-172.020359,7.62939453e-06,0.0151546922,-946177.98,1.38767064e-07,1986.33491686
