Displacement,FX,FY,FZ,MX,MY,MZ,L
15.0,2.47368508,6.55651093e-07,-0.000304558605,-2.75160816,-5.24219919,0.907938005,5132.67858892
