Displacement,FX,FY,FZ,MX,MY,MZ,L
15.0,1460.30587,0.00018787384,-0.136379242,-649.416124,-2149.06628,1463.11519,1851.24158941
