Displacement,FX,FY,FZ,MX,MY,MZ,L
0.0628,-7.62939453e-06,36.500955,1.14440918e-05,0.0157739227,-175455.206,0.01150275,2343.70321626
