Displacement,FX,FY,FZ,MX,MY,MZ,L
15.0,876.040608,0.00023317337,0.00835514069,-410.843634,-1389.31176,751.247551,2106.56950662
