Displacement,FX,FY,FZ,MX,MY,MZ,L
0.0628,0.0,54.1425028,-3.05175781e-05,-0.0699393023,-219167.589,0.000894611076,2207.15301088
