Displacement,FX,FY,FZ,MX,MY,MZ,L
15.0,-3.85575049e-06,5612.98022,-3.82767669e-06,-0.0120805272,35827.8752,0.00829796029,3812.17396758
