Displacement,FX,FY,FZ,MX,MY,MZ,L
15.0,-1.05101935e-06,-160922.865,2.64128175e-06,0.0257772186,-982730.119,0.0121051101,2476.83026319
