Displacement,FX,FY,FZ,MX,MY,MZ,L
15.0,2.49104778e-06,21968.6866,-4.39149153e-06,0.00172778041,130741.406,-0.0205728363,2476.83026319
