Displacement,FX,FY,FZ,MX,MY,MZ,L
0.0628,2.38418579e-06,-9.34758816,-2.38418579e-06,-0.0071841046,-61559.6285,-0.00855985801,3361.20206571
