Displacement,FX,FY,FZ,MX,MY,MZ,L
15.0,4.65095127e-07,9171.04867,2.218478e-06,0.00771262044,61013.5187,-0.00672694307,3752.71141955
