Displacement,FX,FY,FZ,MX,MY,MZ,L
15.0,491.816982,0.000171542168,0.0404512882,-245.161433,-753.037035,375.956289,2350.84039531
