Displacement,FX,FY,FZ,MX,MY,MZ,L
15.0,71.7000792,0.00199152157,-0.185496092,-65.2505741,131.547664,41.7010212,2944.58732998
