Displacement,FX,FY,FZ,MX,MY,MZ,L
15.0,57.5284522,3.58521938e-05,0.00285726786,-43.0725992,-89.1074562,32.0808866,3203.95301887
