Displacement,FX,FY,FZ,MX,MY,MZ,L
0.0628,0.0,-12.8207563,0.0,0.00214466526,-68888.92,-0.000100397428,3613.09540944
