Displacement,FX,FY,FZ,MX,MY,MZ,L
15.0,1568.70084,0.000334739685,-0.0139484406,-647.251462,-2310.63204,1505.88427,1907.34095088
