Displacement,FX,FY,FZ,MX,MY,MZ,L
0.0628,9.53674316e-07,7.0125429,0.0,0.000814737123,-29379.3087,-0.00437446667,2483.05737886
