Displacement,FX,FY,FZ,MX,MY,MZ,L
15.0,4.64923967,8.64639878e-06,-0.00011458993,-4.6149498,-6.08138831,1.73968189,4808.86341233
