Displacement,FX,FY,FZ,MX,MY,MZ,L
15.0,195.716469,0.00149492919,-0.17005682,-146.211418,114.378024,129.999758,2593.34669069
