Displacement,FX,FY,FZ,MX,MY,MZ,L
15.0,4.25512553e-07,66380.8534,1.55784437e-06,0.0101197889,603519.369,0.0109185012,2558.59394712
