Displacement,FX,FY,FZ,MX,MY,MZ,L
15.0,26.5977539,6.33299351e-07,-0.144362077,-29.3364619,80.860825,13.0944983,3307.31811839
