Displacement,FX,FY,FZ,MX,MY,MZ,L
15.0,-1.72952423e-06,279913.893,1.45450977e-05,0.0299378298,3080635.24,0.00167421927,2096.8253285
