Displacement,FX,FY,FZ,MX,MY,MZ,L
15.0,1.00570015e-05,17764.9204,4.14647354e-06,0.023087686,130320.147,-0.0397726295,3358.73589327
