Displacement,FX,FY,FZ,MX,MY,MZ,L
15.0,1.21217909e-07,3316.75085,-3.8755787e-06,-0.0181587407,20164.8024,-0.00196313514,4058.58275616
