Displacement,FX,FY,FZ,MX,MY,MZ,L
15.0,-4.40885924e-06,-264632.076,-8.1476901e-07,-0.0108835704,-2042053.89,0.0177616517,2343.03804925
