Displacement,FX,FY,FZ,MX,MY,MZ,L
0.0628,2.38418579e-06,-6.07129879,5.96046448e-07,0.00297527615,-33567.5014,-0.0095125876,4304.30752695
