Displacement,FX,FY,FZ,MX,MY,MZ,L
0.0628,3.05175781e-05,-15.8971285,-6.10351562e-05,-0.100874054,-511776.108,-0.0232766153,2013.92368812
