Displacement,FX,FY,FZ,MX,MY,MZ,L
15.0,3.57763738e-05,37871.056,-7.33707202e-06,-0.0230801275,306533.389,-0.0885987188,2922.86187178
