Displacement,FX,FY,FZ,MX,MY,MZ,L
15.0,-0.000244449751,-255758.302,2.38428265e-06,0.0054136063,-2302410.46,0.584945132,2376.93978858
