Displacement,FX,FY,FZ,MX,MY,MZ,L
15.0,-1.29016735e-06,-253515.771,2.3677635e-06,0.00616696069,-2372271.19,0.0170259896,2374.17297695
