Displacement,FX,FY,FZ,MX,MY,MZ,L
15.0,81.6914852,0.000748485327,-0.0703537464,-67.7291063,56.9604037,47.8041756,2960.74022474
