Displacement,FX,FY,FZ,MX,MY,MZ,L
15.0,54.4233375,8.55624676e-05,0.00376152992,-41.7833668,-54.2855923,29.5517074,3251.00021082
