Displacement,FX,FY,FZ,MX,MY,MZ,L
0.0628,-7.62939453e-06,-47.4263285,0.0,0.000330330935,-242131.469,0.0186373261,2642.81127917
