Displacement,FX,FY,FZ,MX,MY,MZ,L
0.0628,3.33786011e-06,-4.94187373,-7.15255737e-07,-0.00226618428,-37222.7613,-0.0110931084,3575.16852955
