Displacement,FX,FY,FZ,MX,MY,MZ,L
15.0,23.1821515,8.41803849e-05,-0.00140762329,-20.5479543,-10.0276914,11.1148389,3678.58312278
