Displacement,FX,FY,FZ,MX,MY,MZ,L
15.0,48.8280952,4.298985e-05,0.00295582414,-36.2914845,-69.0513276,26.0687373,3336.16952569
