Displacement,FX,FY,FZ,MX,MY,MZ,L
15.0,-9.43307532e-05,232015.015,-2.58736472e-05,-0.0293889618,2501714.63,0.0938808656,2178.51035792
