Displacement,FX,FY,FZ,MX,MY,MZ,L
15.0,7.75245462e-06,11332.3417,-1.75482342e-07,-0.000489382248,77135.8287,-0.0260020639,3518.42501424
