Displacement,FX,FY,FZ,MX,MY,MZ,L
15.0,-0.000122509469,-156487.406,1.07047526e-08,0.00187472347,-1291815.31,0.33996787,2765.85679151
