Displacement,FX,FY,FZ,MX,MY,MZ,L
15.0,6.74272087e-08,24832.5975,-2.51155939e-07,-0.000331676289,194266.231,-0.000834273982,3189.01919856
