Displacement,FX,FY,FZ,MX,MY,MZ,L
15.0,1.29983593,4.63798642e-07,-0.000158842653,-1.52865454,-2.76099069,0.429451124,5724.32020853
