Displacement,FX,FY,FZ,MX,MY,MZ,L
15.0,1.48883725e-05,-19967.2642,-7.24895455e-06,-0.0296124818,-103588.491,-0.0649318021,4179.39051287
