Displacement,FX,FY,FZ,MX,MY,MZ,L
15.0,2.86640716e-06,176920.518,-6.28045564e-05,-0.136587535,1839329.4,-0.0068376321,2195.78140361
