Displacement,FX,FY,FZ,MX,MY,MZ,L
15.0,-2.1823721e-06,64208.9713,1.12212729e-06,0.00291209714,543128.327,0.0425303183,2343.03804925
