Displacement,FX,FY,FZ,MX,MY,MZ,L
0.0628,4.76837158e-07,-7.57309351,9.53674316e-07,0.00368448146,-41231.349,-0.000360035224,3680.02872362
