Displacement,FX,FY,FZ,MX,MY,MZ,L
0.0628,-1.90734863e-06,-1.55233657,-9.05990601e-06,-0.0317966259,-30662.473,0.00584699056,3429.8830061
