Displacement,FX,FY,FZ,MX,MY,MZ,L
15.0,-3.28054739e-09,20950.7674,-2.07186304e-07,-0.000937700257,160075.601,-0.000472580548,3301.20325155
