Displacement,FX,FY,FZ,MX,MY,MZ,L
0.0628,0.0,-0.484897167,-3.81469727e-06,-0.00976109608,-384173.011,0.00299205682,2105.97164059
