Displacement,FX,FY,FZ,MX,MY,MZ,L
0.0628,-1.23977661e-05,3.23643647,0.0,0.00573689671,-99310.572,0.0341968932,2758.31531994
