Displacement,FX,FY,FZ,MX,MY,MZ,L
0.0628,-4.41074371e-06,-5.72213006,3.09944153e-06,0.00814831202,-36668.6798,0.0157001888,3624.93353248
