Displacement,FX,FY,FZ,MX,MY,MZ,L
15.0,-1.44590886e-05,-481316.798,-1.43497709e-06,0.0035230224,-4351494.71,0.0229903329,2142.40701215
