Displacement,FX,FY,FZ,MX,MY,MZ,L
0.0628,0.0,-53.6968122,0.0,0.000382003411,-358694.824,0.000439682171,2374.73504673
