Displacement,FX,FY,FZ,MX,MY,MZ,L
0.0628,0.0,17.2969102,-3.81469727e-06,-0.00856542263,-241288.313,0.00107552991,2245.38810753
