Displacement,FX,FY,FZ,MX,MY,MZ,L
15.0,670.615995,0.000277042389,0.0600447655,-341.258019,-984.843934,550.665695,2183.52241761
