Displacement,FX,FY,FZ,MX,MY,MZ,L
15.0,188.830144,4.97102737e-05,0.00217211246,-118.646375,-320.908691,130.014083,2628.50503805
