Displacement,FX,FY,FZ,MX,MY,MZ,L
15.0,-3.47577043e-07,-125537.459,-4.10551843e-06,-0.011384671,-957273.071,0.00135736866,2852.98055884
