Displacement,FX,FY,FZ,MX,MY,MZ,L
15.0,5.23228664e-07,293745.81,3.89511843e-06,0.0088251431,3281404.85,-0.00154981192,2014.51432034
