Displacement,FX,FY,FZ,MX,MY,MZ,L
0.0628,1.43051147e-06,-21.7179599,9.53674316e-07,0.000723455753,-112986.012,-0.00610107645,3189.01919856
