Displacement,FX,FY,FZ,MX,MY,MZ,L
15.0,672.582787,0.000788450241,0.142070293,-364.070104,-583.509939,530.175302,2216.90299658
