Displacement,FX,FY,FZ,MX,MY,MZ,L
0.0628,-4.76837158e-07,3.09010506,-4.76837158e-07,-0.00206000746,-18783.4693,3.3962818e-05,2867.8311526
