Displacement,FX,FY,FZ,MX,MY,MZ,L
15.0,2.15408963,7.74860382e-07,-0.000235450454,-2.35639912,-4.5290897,0.759037015,5317.27239615
