Displacement,FX,FY,FZ,MX,MY,MZ,L
15.0,47.9634993,0.000487942249,-0.0399593115,-41.5071325,37.2637969,25.7858693,3236.80751939
