Displacement,FX,FY,FZ,MX,MY,MZ,L
15.0,-2.29150828e-06,-872177.484,4.17246883e-06,0.00831080182,-10940116.9,0.00425668387,1784.47589681
