Displacement,FX,FY,FZ,MX,MY,MZ,L
0.0628,3.81469727e-06,-0.0171545133,1.43051147e-06,0.00433005014,-61842.3139,-0.0135141988,3026.94694933
