Displacement,FX,FY,FZ,MX,MY,MZ,L
15.0,293.78533,0.000293970108,0.0498402119,-182.852195,-321.410663,208.178432,2479.52576486
