Displacement,FX,FY,FZ,MX,MY,MZ,L
15.0,2.04186108e-07,-239063.832,-7.0674505e-06,0.122506584,-1773813.66,0.0797614442,2345.24508804
