Displacement,FX,FY,FZ,MX,MY,MZ,L
15.0,7.69533817,4.03542072e-06,-0.000441677868,-7.3940254,-14.6892114,3.22664581,4353.43062753
