Displacement,FX,FY,FZ,MX,MY,MZ,L
15.0,866.488959,0.000183582306,-0.0125861168,-396.236771,-1363.00049,757.152588,2096.23022797
