Displacement,FX,FY,FZ,MX,MY,MZ,L
15.0,27.6598246,2.10106373e-05,0.000556871295,-21.6001303,-44.6515127,13.5677759,3660.30984716
