Displacement,FX,FY,FZ,MX,MY,MZ,L
0.0628,-9.53674316e-07,6.28869996,0.0,-1.22440724e-08,-68663.0104,0.00272986514,2862.74974401
