Displacement,FX,FY,FZ,MX,MY,MZ,L
0.0628,0.0,-70.7479277,-3.81469727e-06,-0.0083104166,-541821.395,-0.000880310202,2178.51035792
