Displacement,FX,FY,FZ,MX,MY,MZ,L
15.0,2.00401428e-06,-209812.429,-2.33003175e-06,-0.00391210942,-1701424.44,-0.00374840817,2516.82685754
