Displacement,FX,FY,FZ,MX,MY,MZ,L
15.0,7.71313535e-06,-171658.417,1.92935295e-06,0.0151600116,-1303739.64,-0.0275955117,2683.97990018
