Displacement,FX,FY,FZ,MX,MY,MZ,L
15.0,70.7535993,1.54972076e-05,-0.00474226475,-50.8427682,-134.297134,42.831167,3041.99872505
