Displacement,FX,FY,FZ,MX,MY,MZ,L
15.0,0.000191223444,113316.767,7.52563647e-05,-0.0375986174,1143288.92,-0.391990275,2423.563267
