Displacement,FX,FY,FZ,MX,MY,MZ,L
0.0628,0.0,-25.3972581,1.52587891e-05,0.0318451842,-397253.209,-0.000958281813,2195.78140361
