Displacement,FX,FY,FZ,MX,MY,MZ,L
15.0,3.08364179e-09,4899.29074,8.39179015e-06,0.0286388038,30207.6269,0.000851895775,3999.38876682
