Displacement,FX,FY,FZ,MX,MY,MZ,L
0.0628,1.14440918e-05,54.3344614,0.0,4.44069883e-07,-179928.601,-0.0258322754,2216.90299658
