Displacement,FX,FY,FZ,MX,MY,MZ,L
15.0,-7.26686267e-08,-290408.49,6.85506166e-07,0.000934590353,-2839067.18,-3.99251003e-05,2341.86975262
