Displacement,FX,FY,FZ,MX,MY,MZ,L
0.0628,-9.53674316e-07,-24.5793039,-1.90734863e-06,-0.00833732425,-135893.517,-0.00171741197,3042.57445657
