Displacement,FX,FY,FZ,MX,MY,MZ,L
15.0,170.014482,6.249547e-05,0.00678986311,-108.998471,-279.680019,113.963993,2683.37004636
