Displacement,FX,FY,FZ,MX,MY,MZ,L
15.0,5.94885023e-07,4163.01397,-2.73725298e-06,-0.0107714926,25778.6054,-0.002388536,3964.02415268
