Displacement,FX,FY,FZ,MX,MY,MZ,L
0.0628,1.90734863e-06,-31.0675561,9.53674316e-06,0.0297239277,-161269.578,-0.00568794177,3082.14243809
