Displacement,FX,FY,FZ,MX,MY,MZ,L
15.0,-4.96547727e-07,-188753.184,2.86746899e-06,0.00751554465,-1499888.57,0.000432467088,2629.10242261
