Displacement,FX,FY,FZ,MX,MY,MZ,L
7.5,27.1618711,-1777126.51,103.797151,17781.5272,107267269.0,118958.849,754.899252625
