Displacement,FX,FY,FZ,MX,MY,MZ,L
0.0628,-1.14889499e-08,-4.15259003e-09,-2.64711036e-08,6.03922699e-06,2.35283994e-06,-2.48502781e-05,720.087781795
