Displacement,FX,FY,FZ,MX,MY,MZ,L
7.5,434358.262,-0.196061648,-1192.32717,82666.0627,3977041.16,1970302.69,749.993895848
