Displacement,FX,FY,FZ,MX,MY,MZ,L
7.5,774.658002,0.0470145433,-44.0584601,177.676065,-26707.1407,2422.75581,720.087781795
