Displacement,FX,FY,FZ,MX,MY,MZ,L
7.5,7378.15314,0.00797586524,63.8138427,301.116945,-412964.789,24683.7384,755.87774796
