Displacement,FX,FY,FZ,MX,MY,MZ,L
7.5,0.04084136,-123622.428,0.792603395,147.359481,6792631.01,761.473172,755.87774796
