Displacement,FX,FY,FZ,MX,MY,MZ,L
7.5,576.264895,4331727.49,-92.4792059,123490.434,-714150783.0,-263461.588,647.699757876
