Displacement,FX,FY,FZ,MX,MY,MZ,L
7.5,80.4595485,576618.386,-718.835865,28982.7176,-12128297.3,-2451979.46,728.145235797
