Displacement,FX,FY,FZ,MX,MY,MZ,L
7.5,0.79031592,497612.034,-1.09345641,-431.001846,-41090214.2,252.142072,746.053942533
