Displacement,FX,FY,FZ,MX,MY,MZ,L
7.5,4.69061179,-727378.937,22.3126097,4787.06051,44101620.7,22734.3861,754.899252625
