Displacement,FX,FY,FZ,MX,MY,MZ,L
0.0628,-1.11662314e-09,1.39346206e-08,-3.10508831e-09,-1.03125603e-06,-2.26348115e-07,1.35540956e-07,689.289297696
