Displacement,FX,FY,FZ,MX,MY,MZ,L
0.0628,2.5068182e-09,2.07138397e-08,-3.0411051e-10,1.05194284e-06,-2.54674935e-06,2.07980808e-07,689.289297696
