Displacement,FX,FY,FZ,MX,MY,MZ,L
7.5,2789.69696,0.000719413012,57.2400109,-199.89561,-151748.626,9019.21439,755.87774796
