Displacement,FX,FY,FZ,MX,MY,MZ,L
7.5,-12.8175573,-635734.295,-6.15770232,-6351.97125,1326716.36,12165.878,676.691880227
