Displacement,FX,FY,FZ,MX,MY,MZ,L
0.0628,2.40667634e-09,-6.51480805e-10,-8.35699792e-10,6.54096151e-07,-1.57992177e-06,-6.08381512e-09,741.109036776
