Displacement,FX,FY,FZ,MX,MY,MZ,L
0.0628,-4.46353977e-09,5.24432782e-08,1.04569272e-08,9.72827117e-07,-3.26222824e-06,-1.1773786e-06,741.109036776
