Displacement,FX,FY,FZ,MX,MY,MZ,L
0.0628,-4.46072681e-11,1.90828874e-09,-3.87967114e-10,2.12668954e-09,-2.69340639e-07,-8.80051201e-08,710.947335464
