Displacement,FX,FY,FZ,MX,MY,MZ,L
7.5,538680.158,13.2045176,-2190.12885,86589.2634,5006997.72,2364865.73,754.899252625
