Displacement,FX,FY,FZ,MX,MY,MZ,L
7.5,374.79143,-9365299.95,1078.50519,44085.6152,500923923.0,1669079.17,755.87774796
