Displacement,FX,FY,FZ,MX,MY,MZ,L
7.5,-9.64201658,527964.396,1.00540058,708.069683,-33711382.4,-2273.62077,754.899252625
