Displacement,FX,FY,FZ,MX,MY,MZ,L
7.5,0.721159168,331666.29,2.72315877,2218.86729,-2937285.77,2739.49893,735.145254406
