Displacement,FX,FY,FZ,MX,MY,MZ,L
0.0628,-3.12569836e-10,-6.93828323e-11,-8.83223648e-10,-2.95731764e-07,1.53493081e-08,-1.85279683e-07,700.693320677
