Displacement,FX,FY,FZ,MX,MY,MZ,L
7.5,-2.65928751e-09,-5.25937833e-09,-3.0444873e-11,-7.32295564e-07,1.01456421e-06,5.35175638e-07,662.849335846
