Displacement,FX,FY,FZ,MX,MY,MZ,L
7.5,-1340.93461,-7785568.06,-1697.73447,-349000.651,5372695.68,825728.675,662.849335846
