Displacement,FX,FY,FZ,MX,MY,MZ,L
0.0628,8.26854923e-10,-1.23884755e-08,-4.55131785e-10,3.54743719e-07,1.45548649e-06,1.23545533e-07,700.693320677
