Displacement,FX,FY,FZ,MX,MY,MZ,L
0.0628,-3.17012474e-08,3.73030821e-07,7.72550272e-08,4.9480608e-06,-4.72359994e-05,2.01437744e-05,710.947335464
