Displacement,FX,FY,FZ,MX,MY,MZ,L
7.5,128499.193,0.00664733559,143.114374,-786.209401,-415988.495,602655.477,662.849335846
