Displacement,FX,FY,FZ,MX,MY,MZ,L
0.0628,4.91226348e-09,3.98684388e-08,4.98386436e-09,6.83599834e-06,3.26342547e-06,-4.48503558e-06,710.947335464
