Displacement,FX,FY,FZ,MX,MY,MZ,L
0.0628,3.07548234e-09,3.38484694e-08,2.51598462e-09,2.29697747e-07,-1.20293844e-06,2.7805238e-06,728.145235797
