Displacement,FX,FY,FZ,MX,MY,MZ,L
7.5,8.0479974,344534.351,0.496792044,1658.92726,-47317450.9,-3002.12502,689.289297696
