Displacement,FX,FY,FZ,MX,MY,MZ,L
0.0628,-9.21675554e-11,1.20914746e-09,-2.67388807e-11,-4.28142333e-07,-2.81093358e-07,-2.67742775e-07,662.849335846
