Displacement,FX,FY,FZ,MX,MY,MZ,L
0.0628,-1.14839969e-09,2.87617163e-08,4.25221136e-09,-2.45687759e-07,-4.26968738e-07,-8.93264686e-07,710.947335464
