Displacement,FX,FY,FZ,MX,MY,MZ,L
7.5,-1472.2569,-8998225.49,64.8700893,-605996.531,587681190.0,1049129.23,752.93969641
