Displacement,FX,FY,FZ,MX,MY,MZ,L
0.0628,-7.3467069e-10,6.29506096e-09,-5.42886078e-10,-4.61618933e-07,-6.1298349e-07,5.11235005e-08,689.289297696
