Displacement,FX,FY,FZ,MX,MY,MZ,L
7.5,666277.41,23.2014003,-14.422497,21.9989672,3594.15932,3152940.16,647.699757876
