Displacement,FX,FY,FZ,MX,MY,MZ,L
7.5,42.9140575,681989.588,16.1809555,8486.93507,-1483.00157,-12191.5658,647.699757876
