Displacement,FX,FY,FZ,MX,MY,MZ,L
7.5,0.0105126522,114149.393,0.0527117123,89.5736403,-755952.552,149.570269,728.145235797
