Displacement,FX,FY,FZ,MX,MY,MZ,L
7.5,-0.43424846,-101754.408,-0.477807913,-89.4802517,77782.016,302.384367,662.849335846
