Displacement,FX,FY,FZ,MX,MY,MZ,L
7.5,0.680922366,-399604.735,7.3437511,1255.03624,21922580.5,7541.9778,755.87774796
