Displacement,FX,FY,FZ,MX,MY,MZ,L
7.5,22815.4647,0.42714427,1363.08294,-5149.33559,-738771.356,89171.4024,754.899252625
