Displacement,FX,FY,FZ,MX,MY,MZ,L
7.5,-9.51134162,-731527.085,-16.8443673,-2840.37646,11656034.2,13665.4198,728.145235797
