Displacement,FX,FY,FZ,MX,MY,MZ,L
0.0628,6.18625621e-10,-5.80475441e-10,6.17081293e-10,7.63618909e-08,1.0534771e-07,5.64409154e-07,754.899252625
