Displacement,FX,FY,FZ,MX,MY,MZ,L
7.5,2.34062707,327423.545,1.40965502,832.513035,-22821030.4,-152.195271,749.993895848
