Displacement,FX,FY,FZ,MX,MY,MZ,L
7.5,-0.00357794621,61866.6288,0.0274974755,20.8100627,-625043.435,-13.6455946,735.145254406
