Displacement,FX,FY,FZ,MX,MY,MZ,L
0.0628,4.85736418e-11,4.51335492e-09,-3.14080045e-12,3.00705403e-08,-5.55999349e-07,-6.17625558e-07,710.947335464
