Displacement,FX,FY,FZ,MX,MY,MZ,L
7.5,-0.265152549,-124755.923,-0.132190813,-74.47385,-2748707.25,445.674755,720.087781795
