Displacement,FX,FY,FZ,MX,MY,MZ,L
7.5,3948.57516,0.0005350757,-160.065071,1223.79053,-184798.087,16634.7023,676.691880227
