Displacement,FX,FY,FZ,MX,MY,MZ,L
7.5,-0.674115417,-241050.986,-0.697626211,-552.19114,4140119.4,1141.30945,741.109036776
