Displacement,FX,FY,FZ,MX,MY,MZ,L
7.5,122.010559,9668080.31,425.976628,144159.421,-406879046.0,-1073206.77,754.899252625
