Displacement,FX,FY,FZ,MX,MY,MZ,L
7.5,-24.6925,-584303.346,-7.40599972,-5511.61189,-354.436927,6964.35977,647.699757876
