Displacement,FX,FY,FZ,MX,MY,MZ,L
7.5,-10.4387186,-335597.969,-1.60417858,-3633.42306,47895637.0,2993.17587,662.849335846
