Displacement,FX,FY,FZ,MX,MY,MZ,L
7.5,-8.24394068,-1849623.33,-23.0430356,-6550.88891,80248154.1,83487.0779,754.899252625
