Displacement,FX,FY,FZ,MX,MY,MZ,L
7.5,1123.71809,0.00054579488,71.5106367,-227.829723,-65652.8912,3403.64294,741.109036776
