Displacement,FX,FY,FZ,MX,MY,MZ,L
7.5,366175.728,-0.0724943993,-729.956843,66302.2534,3074802.24,1726705.41,735.145254406
