Displacement,FX,FY,FZ,MX,MY,MZ,L
0.0628,-4.06533083e-10,7.4667861e-09,9.46273695e-10,-7.15771979e-07,1.97118814e-07,-1.72685761e-06,754.899252625
