Displacement,FX,FY,FZ,MX,MY,MZ,L
7.5,12772.1441,1.09523763,71.8140695,818.16619,-872596.965,52775.7318,700.693320677
