Displacement,FX,FY,FZ,MX,MY,MZ,L
7.5,-9.11568676,-423649.307,3.27446905,-2509.77091,53914970.7,5347.32506,689.289297696
