Displacement,FX,FY,FZ,MX,MY,MZ,L
0.0628,-4.98519082e-08,-6.58154212e-08,3.38133287e-08,1.43436585e-05,-2.05087669e-05,2.14461181e-05,741.109036776
