Displacement,FX,FY,FZ,MX,MY,MZ,L
0.0628,7.91511324e-09,-1.40005993e-09,-1.77695036e-08,2.65756458e-06,4.17968359e-07,9.4332619e-07,700.693320677
