Displacement,FX,FY,FZ,MX,MY,MZ,L
7.5,320518.116,-0.0284007178,-481.569988,52439.3447,2467521.92,1560996.65,720.087781795
