Displacement,FX,FY,FZ,MX,MY,MZ,L
7.5,-51.1855761,-1788231.79,-101.599365,-18222.1004,28253385.1,73553.9915,728.145235797
