Displacement,FX,FY,FZ,MX,MY,MZ,L
0.0628,-3.53242162e-09,-1.78325842e-08,-7.3817783e-10,1.92567378e-07,7.18100982e-07,3.99080329e-06,755.87774796
