Displacement,FX,FY,FZ,MX,MY,MZ,L
7.5,26151.9739,1.61160555,508.689457,-2702.21997,-1163484.97,102560.395,728.145235797
