Displacement,FX,FY,FZ,MX,MY,MZ,L
0.0628,1.33853818e-09,-2.52743798e-08,-1.05092984e-09,7.80073483e-07,7.38661513e-07,-3.29846138e-07,647.699757876
