Displacement,FX,FY,FZ,MX,MY,MZ,L
0.0628,7.41131659e-10,9.30294666e-09,5.39401501e-10,6.84502512e-08,-1.31975599e-06,-4.0158321e-07,689.289297696
