Displacement,FX,FY,FZ,MX,MY,MZ,L
7.5,1.72980482,191186.39,-0.844263702,76.1912676,-24215859.4,-746.917746,710.947335464
