Displacement,FX,FY,FZ,MX,MY,MZ,L
7.5,-0.448635357,-250857.444,0.367696476,-1287.77447,8850808.6,1444.39018,752.93969641
