Displacement,FX,FY,FZ,MX,MY,MZ,L
7.5,2751.67517,0.0154502585,-48.0484143,140.763531,-31118.0323,9262.63262,755.87774796
