Displacement,FX,FY,FZ,MX,MY,MZ,L
7.5,781.478433,0.000420570524,122.614889,-71.0095921,-63883.2656,2539.90066,741.109036776
