Displacement,FX,FY,FZ,MX,MY,MZ,L
7.5,0.552655824,136719.947,0.0307403226,-32.0841277,-2709162.04,-219.503917,749.993895848
