Displacement,FX,FY,FZ,MX,MY,MZ,L
7.5,106051.578,0.21829077,143.711057,9533.42091,673735.035,467349.451,754.899252625
