Displacement,FX,FY,FZ,MX,MY,MZ,L
0.0628,1.15873085e-09,1.04042281e-08,-2.06356321e-09,-1.40036471e-07,-6.17476485e-07,-1.35366537e-06,728.145235797
