Displacement,FX,FY,FZ,MX,MY,MZ,L
0.0628,1.80056246e-10,-2.34782253e-09,2.40276017e-10,-1.41190744e-07,1.89463197e-07,1.01627367e-07,647.699757876
