Displacement,FX,FY,FZ,MX,MY,MZ,L
7.5,23868.0144,1.35141945,1203.88488,-4476.90694,-795265.337,93133.9867,755.87774796
