Displacement,FX,FY,FZ,MX,MY,MZ,L
7.5,-45.2335559,-822237.723,4.9338283,-8693.2341,133548081.0,20475.9316,647.699757876
