Displacement,FX,FY,FZ,MX,MY,MZ,L
7.5,129288.877,0.108884188,238.349781,1318.10825,475582.484,589029.126,710.947335464
