Displacement,FX,FY,FZ,MX,MY,MZ,L
7.5,-3.56875738,452715.832,-2.71345482,646.397473,-16443057.0,-755.631775,755.87774796
