Displacement,FX,FY,FZ,MX,MY,MZ,L
7.5,-0.0173861143,98964.6409,0.0154674814,0.516155766,-2886086.94,-183.336437,741.109036776
