Displacement,FX,FY,FZ,MX,MY,MZ,L
7.5,25528.1057,0.109021237,41.3920804,543.464449,-716180.312,100128.27,741.109036776
