Displacement,FX,FY,FZ,MX,MY,MZ,L
7.5,-0.235064035,259245.205,-0.211035906,-258.79799,-392359.161,-363.364657,662.849335846
