Displacement,FX,FY,FZ,MX,MY,MZ,L
0.0628,2.19252622e-10,-3.00074095e-09,3.90015155e-11,2.64593486e-07,6.06680789e-07,-9.71944408e-08,647.699757876
