Displacement,FX,FY,FZ,MX,MY,MZ,L
7.5,-960.076992,-5757736.28,121.815564,-257111.101,755500836.0,495057.098,689.289297696
