Displacement,FX,FY,FZ,MX,MY,MZ,L
7.5,-1.75642293,-205372.079,-1.95439321,-369.126908,156518.288,1216.91978,662.849335846
