Displacement,FX,FY,FZ,MX,MY,MZ,L
7.5,-81.5830514,-1665079.95,-38.151389,-40190.9507,10396697.7,71023.3106,700.693320677
