Displacement,FX,FY,FZ,MX,MY,MZ,L
0.0628,4.49473408e-09,4.85114367e-09,-4.71728225e-09,9.57641278e-07,-8.93670636e-07,-2.73149468e-06,728.145235797
