Displacement,FX,FY,FZ,MX,MY,MZ,L
7.5,3176.97608,0.0405346663,-211.903752,572.384315,-187627.089,10453.6025,720.087781795
