Displacement,FX,FY,FZ,MX,MY,MZ,L
0.0628,5.77390099e-09,-2.767542e-08,-2.75889544e-09,1.42226988e-06,9.97998921e-07,-4.17917494e-07,752.93969641
