Displacement,FX,FY,FZ,MX,MY,MZ,L
0.0628,-9.94546768e-09,-4.76324816e-08,-5.06575739e-09,-2.81006529e-07,4.92448354e-06,-5.62513554e-07,749.993895848
