Displacement,FX,FY,FZ,MX,MY,MZ,L
7.5,-19.6777098,-679023.319,-4.3311618,-9196.52938,4165152.83,16606.5689,700.693320677
