Displacement,FX,FY,FZ,MX,MY,MZ,L
7.5,3180.52518,0.122023194,257.313822,-711.625469,-277864.185,10569.0344,746.053942533
