Displacement,FX,FY,FZ,MX,MY,MZ,L
7.5,130910.477,0.00516238247,82.6265831,1020.01667,423650.568,601863.568,700.693320677
