Displacement,FX,FY,FZ,MX,MY,MZ,L
7.5,9923.58981,0.0598903988,207.464035,137.627008,-743276.017,42650.138,676.691880227
