Displacement,FX,FY,FZ,MX,MY,MZ,L
0.0628,-3.47711148e-10,-2.39620653e-08,-1.7839086e-09,-1.26236234e-07,3.41235769e-06,-3.53392836e-07,676.691880227
