Displacement,FX,FY,FZ,MX,MY,MZ,L
7.5,-1360.67823,-8484951.44,-1.41281554,-536176.504,661861943.0,898381.019,746.053942533
