Displacement,FX,FY,FZ,MX,MY,MZ,L
0.0628,-1.18454739e-09,-8.7795539e-09,2.44509882e-10,-4.84439109e-07,2.8295653e-07,6.24989841e-08,754.899252625
