Displacement,FX,FY,FZ,MX,MY,MZ,L
7.5,664874.572,22.768522,-332.942178,2516.4701,832695.121,3119026.57,662.849335846
