Displacement,FX,FY,FZ,MX,MY,MZ,L
0.0628,-4.73646e-10,-1.50564887e-09,-2.1359711e-10,-1.81952234e-07,2.61957664e-07,1.43077858e-07,662.849335846
