Displacement,FX,FY,FZ,MX,MY,MZ,L
7.5,1323.81458,9708217.31,-994.479939,845259.58,-357042338.0,-1433511.77,752.93969641
