Displacement,FX,FY,FZ,MX,MY,MZ,L
7.5,-4.6044175,-367050.52,-1.83306737,-1981.67298,2332662.47,3939.77876,700.693320677
