Displacement,FX,FY,FZ,MX,MY,MZ,L
7.5,3135.15724,0.0283441751,17.5818933,47.8949414,-167565.957,10252.1478,735.145254406
