Displacement,FX,FY,FZ,MX,MY,MZ,L
7.5,-1331.7271,-9610084.61,-236.184561,-676850.351,311605797.0,1144516.45,749.993895848
