Displacement,FX,FY,FZ,MX,MY,MZ,L
0.0628,8.29975232e-10,-1.59991718e-09,3.76562968e-11,2.46592953e-07,2.93093887e-07,-2.33220288e-07,647.699757876
