Displacement,FX,FY,FZ,MX,MY,MZ,L
0.0628,2.10642836e-09,5.76924893e-09,-1.54234558e-10,1.57119249e-07,1.81032536e-07,-8.65713923e-07,720.087781795
