Displacement,FX,FY,FZ,MX,MY,MZ,L
7.5,-30.133368,342350.535,62.2884406,27835.1096,-19163390.5,1659.62055,754.899252625
