Displacement,FX,FY,FZ,MX,MY,MZ,L
0.0628,6.54643251e-10,-1.4822624e-09,-8.19839841e-09,-6.2090356e-06,-4.28789492e-06,-3.9457397e-06,754.899252625
