Displacement,FX,FY,FZ,MX,MY,MZ,L
7.5,45981.0292,0.0720927025,-83.647202,2984.80583,42708.115,234333.179,689.289297696
