Displacement,FX,FY,FZ,MX,MY,MZ,L
0.0628,2.92818145e-10,-6.53985922e-09,-1.21893901e-09,8.05716463e-07,-1.10779838e-06,-7.37693526e-08,700.693320677
