Displacement,FX,FY,FZ,MX,MY,MZ,L
7.5,-134.622933,-1436042.98,95.3879946,-28016.2312,144071092.0,94165.7612,728.145235797
