Displacement,FX,FY,FZ,MX,MY,MZ,L
0.0628,-2.07264476e-08,-2.11605789e-07,8.37506143e-08,4.11602121e-06,9.14749845e-06,5.54606858e-05,755.87774796
