Displacement,FX,FY,FZ,MX,MY,MZ,L
0.0628,2.18282854e-10,2.22696924e-09,-7.97818005e-11,2.43550706e-07,-1.4781746e-07,1.36965594e-07,746.053942533
