Displacement,FX,FY,FZ,MX,MY,MZ,L
7.5,-89.0039139,-1753181.5,-29.3072106,-44695.8283,21445222.5,77034.8697,720.087781795
