Displacement,FX,FY,FZ,MX,MY,MZ,L
7.5,-111.979306,-1690287.26,7.36160542,-42296.0293,122943885.0,72673.3647,749.993895848
