Displacement,FX,FY,FZ,MX,MY,MZ,L
7.5,-0.294537364,-83933.9979,0.170900363,-100.428291,9424895.93,214.714288,689.289297696
