Displacement,FX,FY,FZ,MX,MY,MZ,L
7.5,456592.987,-0.23635861,-1519.54436,86814.1651,4263674.21,2050467.27,752.93969641
