Displacement,FX,FY,FZ,MX,MY,MZ,L
0.0628,-1.58336659e-08,-1.02405831e-07,4.10443819e-08,1.72930377e-05,-3.30503029e-06,2.79042671e-05,754.899252625
