Displacement,FX,FY,FZ,MX,MY,MZ,L
7.5,-333.330893,9307370.69,-1210.93231,-131945.826,-552848456.0,-1519746.67,754.899252625
