Displacement,FX,FY,FZ,MX,MY,MZ,L
7.5,92716.7587,0.202786351,142.639894,9492.79802,547789.965,413798.968,754.899252625
