Displacement,FX,FY,FZ,MX,MY,MZ,L
7.5,-0.611911142,-171746.758,1.72798255,445.790767,16600748.5,626.198224,720.087781795
