Displacement,FX,FY,FZ,MX,MY,MZ,L
0.0628,-5.53540062e-09,-9.12468274e-09,-1.20741345e-08,-2.06875118e-06,2.49333591e-06,-1.69107035e-06,647.699757876
