Displacement,FX,FY,FZ,MX,MY,MZ,L
7.5,-0.0525393693,-153653.966,0.440061134,-67.3865744,7142618.41,1100.64083,754.899252625
