Displacement,FX,FY,FZ,MX,MY,MZ,L
7.5,-3.88473404,-342757.585,-1.73981216,-1844.56922,718980.592,3672.66486,676.691880227
