Displacement,FX,FY,FZ,MX,MY,MZ,L
7.5,-0.0454348556,55412.5985,-0.0232137154,-4.74165611,-176964.867,21.9057608,689.289297696
