Displacement,FX,FY,FZ,MX,MY,MZ,L
7.5,454.690037,0.00525468891,-7.36682755,11.2176295,-29351.0247,1352.80352,735.145254406
