Displacement,FX,FY,FZ,MX,MY,MZ,L
7.5,2073.51676,0.00219977676,148.422027,-460.165385,36791.5372,6309.74559,662.849335846
