Displacement,FX,FY,FZ,MX,MY,MZ,L
7.5,-0.835896487,-248231.028,-0.0184412111,-632.704993,11526249.6,1206.4276,755.87774796
