Displacement,FX,FY,FZ,MX,MY,MZ,L
0.0628,1.41713965e-08,-2.02183543e-08,-1.26396873e-08,7.09577794e-06,-4.02205457e-06,-1.33674131e-05,754.899252625
