Displacement,FX,FY,FZ,MX,MY,MZ,L
7.5,1.37291382,-743385.177,-27.3277912,2356.58723,14763314.7,13272.6986,735.145254406
