Displacement,FX,FY,FZ,MX,MY,MZ,L
7.5,980.617988,6257726.79,-155.644152,268383.223,-783018588.0,-517425.017,700.693320677
