Displacement,FX,FY,FZ,MX,MY,MZ,L
7.5,54817.1563,0.0193253239,56.4350997,3673.30512,163122.379,270291.374,710.947335464
