Displacement,FX,FY,FZ,MX,MY,MZ,L
7.5,-1.6667935,-102988.704,0.269873891,-532.217434,9637697.83,648.135596,735.145254406
