Displacement,FX,FY,FZ,MX,MY,MZ,L
7.5,411714.291,-0.152816191,-1026.64663,78051.0877,3690009.76,1889454.51,746.053942533
