Displacement,FX,FY,FZ,MX,MY,MZ,L
7.5,0.208321621,165110.442,0.0399805989,-10.20411,5225.50757,-84.3942734,647.699757876
