Displacement,FX,FY,FZ,MX,MY,MZ,L
7.5,-0.195489532,-63942.5598,0.104689177,-43.0295467,8738187.34,131.674167,676.691880227
