Displacement,FX,FY,FZ,MX,MY,MZ,L
7.5,214594.355,-0.032767093,-145.405436,20076.0919,1183911.97,1152604.15,662.849335846
