Displacement,FX,FY,FZ,MX,MY,MZ,L
0.0628,-2.2929585e-09,2.84332544e-09,-6.14050292e-10,-4.26933887e-07,-6.53290792e-07,-6.07966294e-08,741.109036776
