Displacement,FX,FY,FZ,MX,MY,MZ,L
7.5,0.0112099702,12299.2788,0.00780877063,3.904108,-2073691.51,-2.29244663,647.699757876
