Displacement,FX,FY,FZ,MX,MY,MZ,L
0.0628,-1.3908244e-09,-6.54605304e-09,-9.09459831e-10,-6.65877019e-07,1.07017518e-06,-3.71331467e-07,647.699757876
