Displacement,FX,FY,FZ,MX,MY,MZ,L
7.5,-0.986755134,-225292.764,0.289749515,-615.189966,15377048.2,1018.22819,749.993895848
