Displacement,FX,FY,FZ,MX,MY,MZ,L
7.5,-2.88291581,-196433.27,-0.814539882,-627.489883,-54.2093472,812.226632,647.699757876
