Displacement,FX,FY,FZ,MX,MY,MZ,L
7.5,3190.49126,7928400.93,-587.483538,1176684.33,-737091340.0,-1208472.15,735.145254406
