Displacement,FX,FY,FZ,MX,MY,MZ,L
7.5,-0.0729192599,132477.125,-0.220541224,8.28056685,-1177605.05,87.5792466,710.947335464
