Displacement,FX,FY,FZ,MX,MY,MZ,L
7.5,-17.8369028,-758136.087,-3.891283,-8495.87017,21682792.6,15189.1694,746.053942533
