Displacement,FX,FY,FZ,MX,MY,MZ,L
0.0628,6.47854161e-10,9.53595043e-09,-6.83965413e-10,-9.51447059e-07,-1.95581909e-07,-5.46966901e-07,689.289297696
