Displacement,FX,FY,FZ,MX,MY,MZ,L
7.5,-0.0490423469,72036.9511,-0.0344832488,-12.3175874,-148823.549,23.5575415,662.849335846
