Displacement,FX,FY,FZ,MX,MY,MZ,L
0.0628,-4.80351428e-11,4.52254376e-09,6.79443458e-10,-1.00549883e-06,-2.64857333e-07,1.50177186e-07,710.947335464
