Displacement,FX,FY,FZ,MX,MY,MZ,L
0.0628,9.99647136e-10,9.72739026e-09,6.10921468e-11,-1.33894103e-07,-3.62364734e-08,5.94872172e-07,710.947335464
