Displacement,FX,FY,FZ,MX,MY,MZ,L
7.5,-0.525557648,-168137.448,-0.853415381,-136.818073,2695258.09,757.301547,728.145235797
