Displacement,FX,FY,FZ,MX,MY,MZ,L
0.0628,-3.02070334e-10,2.54143047e-09,-6.11173743e-10,-1.44064463e-07,-3.52556435e-07,-2.78542488e-07,689.289297696
