Displacement,FX,FY,FZ,MX,MY,MZ,L
7.5,7201.63475,0.0458744466,100.278212,165.063199,-359689.245,24327.4092,755.87774796
