Displacement,FX,FY,FZ,MX,MY,MZ,L
0.0628,-9.01411722e-10,-6.50095992e-09,-7.16223156e-11,-5.21427585e-07,9.15271425e-07,5.06344836e-08,676.691880227
