Displacement,FX,FY,FZ,MX,MY,MZ,L
7.5,120612.89,0.796812125,145.207393,6436.92813,728585.22,535336.093,741.109036776
