Displacement,FX,FY,FZ,MX,MY,MZ,L
0.0628,-1.33592811e-09,-1.12199076e-08,4.13737079e-10,2.79248843e-07,4.90476374e-07,1.78177354e-07,752.93969641
