Displacement,FX,FY,FZ,MX,MY,MZ,L
7.5,-21.5000976,-669545.224,3.0415014,-6924.32244,53267254.1,13540.243,746.053942533
