Displacement,FX,FY,FZ,MX,MY,MZ,L
7.5,1768.6432,0.00352839046,-0.161584349,0.0884402063,18.5182354,4238.55446,647.699757876
