Displacement,FX,FY,FZ,MX,MY,MZ,L
0.0628,-3.82416685e-11,-2.52471985e-08,3.66113471e-10,7.54496285e-07,3.54836567e-06,3.8720779e-07,676.691880227
