Displacement,FX,FY,FZ,MX,MY,MZ,L
7.5,737.517332,5308292.87,-91.169239,184581.916,-763191999.0,-360649.176,676.691880227
