Displacement,FX,FY,FZ,MX,MY,MZ,L
7.5,-0.155804303,-61964.54,-0.0302308622,-65.0618179,8071988.28,42.3222599,662.849335846
