Displacement,FX,FY,FZ,MX,MY,MZ,L
7.5,8407.81212,0.044458162,414.294572,-1693.96119,-560641.781,29493.9417,735.145254406
