Displacement,FX,FY,FZ,MX,MY,MZ,L
0.0628,-4.65836385e-09,-4.35039019e-09,4.05847188e-09,3.0455894e-07,4.79055055e-07,2.50411807e-06,700.693320677
