Displacement,FX,FY,FZ,MX,MY,MZ,L
7.5,-1448.46811,-8757506.21,-39.2906843,-587597.534,626523158.0,958312.336,749.993895848
