Displacement,FX,FY,FZ,MX,MY,MZ,L
7.5,143.610019,0.000188946619,-10.327619,495.730088,-4101.61581,511.480142,720.087781795
