Displacement,FX,FY,FZ,MX,MY,MZ,L
7.5,0.0983128498,-159062.143,0.0175303632,-547.411028,3354593.02,484.680609,752.93969641
