Displacement,FX,FY,FZ,MX,MY,MZ,L
7.5,101763.829,0.201410815,152.662186,9714.56073,635579.698,449542.005,755.87774796
