Displacement,FX,FY,FZ,MX,MY,MZ,L
7.5,-1.30049565,-317342.958,-2.40760077,-771.991029,-3688912.46,1916.11593,720.087781795
