Displacement,FX,FY,FZ,MX,MY,MZ,L
0.0628,1.87993609e-10,1.23021415e-09,1.02223158e-09,4.29773285e-07,-1.19283924e-07,3.11929818e-07,700.693320677
