Displacement,FX,FY,FZ,MX,MY,MZ,L
7.5,1477.86254,0.000556761857,192.137021,-548.688897,-147422.184,4662.74888,749.993895848
