Displacement,FX,FY,FZ,MX,MY,MZ,L
7.5,0.427702284,-401018.577,-7.89775066,776.029054,7990517.53,3941.68583,735.145254406
