Displacement,FX,FY,FZ,MX,MY,MZ,L
7.5,-85.9948576,-1613065.08,-108.344918,-18929.8186,6295456.28,60549.6643,689.289297696
