Displacement,FX,FY,FZ,MX,MY,MZ,L
7.5,22583.0455,0.419050831,0.0681727827,-4.9814143,-0.701201523,88281.3577,647.699757876
