Displacement,FX,FY,FZ,MX,MY,MZ,L
7.5,59417.8209,0.100886149,69.7308235,4419.38465,223087.197,288413.512,720.087781795
