Displacement,FX,FY,FZ,MX,MY,MZ,L
0.0628,-1.15760275e-11,-2.67223347e-08,8.31791355e-10,-8.96433869e-08,6.39098285e-07,-8.10202135e-07,676.691880227
