Displacement,FX,FY,FZ,MX,MY,MZ,L
0.0628,1.13307926e-08,-4.51413223e-08,7.53744771e-10,-2.14808576e-06,2.43762547e-06,-3.30083187e-06,647.699757876
