Displacement,FX,FY,FZ,MX,MY,MZ,L
0.0628,-8.65683845e-10,6.64968608e-09,3.67693134e-10,-2.24147885e-07,-3.04145525e-07,-3.49374384e-07,710.947335464
