Displacement,FX,FY,FZ,MX,MY,MZ,L
7.5,2.03601275,337661.31,1.02460459,741.025217,-21406667.3,-224.273111,752.93969641
