Displacement,FX,FY,FZ,MX,MY,MZ,L
0.0628,5.95876833e-10,-8.68028564e-09,5.61344272e-09,3.00542843e-06,-4.39075348e-07,-3.38847107e-07,700.693320677
