Displacement,FX,FY,FZ,MX,MY,MZ,L
7.5,-106.465094,-1636278.52,7.65968505,-38626.8312,129688055.0,67607.6646,746.053942533
