Displacement,FX,FY,FZ,MX,MY,MZ,L
0.0628,4.18340679e-10,8.25181487e-09,4.39028361e-10,3.43786903e-07,-9.96871794e-07,1.7258545e-07,689.289297696
