Displacement,FX,FY,FZ,MX,MY,MZ,L
7.5,9.97171433,540875.293,-9.75171613,363.096662,-22597234.4,-7915.39086,752.93969641
