Displacement,FX,FY,FZ,MX,MY,MZ,L
7.5,0.00824452715,126461.459,0.0637673584,89.7436204,-78059.5848,122.411004,728.145235797
