Displacement,FX,FY,FZ,MX,MY,MZ,L
0.0628,7.04185619e-08,3.90060592e-07,3.90948509e-09,2.85375031e-05,9.05583915e-06,-5.43180797e-06,710.947335464
