Displacement,FX,FY,FZ,MX,MY,MZ,L
7.5,-1.82417678,-229019.748,-0.707989105,-769.420003,1456609.62,1556.54404,700.693320677
