Displacement,FX,FY,FZ,MX,MY,MZ,L
0.0628,8.09871143e-09,6.19703767e-08,2.34538951e-10,7.85659972e-06,-5.27568515e-06,1.07709304e-06,689.289297696
