Displacement,FX,FY,FZ,MX,MY,MZ,L
7.5,4200.72582,0.00615752701,-306.139756,1881.83567,-328284.858,15224.8037,710.947335464
