Displacement,FX,FY,FZ,MX,MY,MZ,L
7.5,24554.8441,0.851430461,478.757823,-1471.57154,-790819.432,95445.4468,755.87774796
