Displacement,FX,FY,FZ,MX,MY,MZ,L
0.0628,-3.02730088e-08,-9.97836085e-08,3.62006713e-08,-1.64462326e-05,6.48847091e-06,4.03882486e-06,749.993895848
