Displacement,FX,FY,FZ,MX,MY,MZ,L
7.5,-0.370761291,-91140.144,0.186491325,-94.7965193,13050547.8,211.331808,647.699757876
