Displacement,FX,FY,FZ,MX,MY,MZ,L
7.5,-0.0521901681,-48318.5314,0.00186400925,-13.9171409,6845938.71,17.8272026,647.699757876
