Displacement,FX,FY,FZ,MX,MY,MZ,L
0.0628,-1.98320408e-09,-8.5057484e-09,5.06269862e-10,-2.10989781e-07,4.46562104e-07,1.20467317e-07,676.691880227
