Displacement,FX,FY,FZ,MX,MY,MZ,L
7.5,26965.0675,0.0250751544,1316.60582,-5346.74857,-1144030.73,107883.587,720.087781795
