Displacement,FX,FY,FZ,MX,MY,MZ,L
7.5,20426.9869,0.822227735,286.686783,-968.982631,-574766.543,80734.5862,749.993895848
