Displacement,FX,FY,FZ,MX,MY,MZ,L
7.5,0.0562445113,69936.8159,0.0436970414,9.97797435,-5816400.44,-10.2448399,746.053942533
