Displacement,FX,FY,FZ,MX,MY,MZ,L
7.5,451.588853,539577.022,813.178327,1933164.7,-7157489.13,2756979.65,710.947335464
