Displacement,FX,FY,FZ,MX,MY,MZ,L
7.5,-1.3489986,-134101.401,-0.376266466,-292.607811,-26.9326762,379.419315,647.699757876
