Displacement,FX,FY,FZ,MX,MY,MZ,L
0.0628,-3.64418004e-10,1.35955762e-08,7.16311476e-10,-2.52722395e-07,-1.23098624e-06,3.7145166e-07,735.145254406
