Displacement,FX,FY,FZ,MX,MY,MZ,L
7.5,-16.0902854,-553246.01,4.11846667,-4426.89684,59665113.8,9494.0807,720.087781795
