Displacement,FX,FY,FZ,MX,MY,MZ,L
0.0628,4.81373437e-10,-9.4941396e-09,5.45084791e-10,-3.38561882e-07,1.50083801e-07,6.28231883e-07,755.87774796
