Displacement,FX,FY,FZ,MX,MY,MZ,L
7.5,-1281.73755,-9080387.13,-491.775264,-649918.974,107695510.0,1090995.67,720.087781795
