Displacement,FX,FY,FZ,MX,MY,MZ,L
0.0628,-9.24888015e-11,-5.90185625e-08,1.02976338e-08,-6.0169718e-06,2.24692387e-06,-1.02124948e-07,755.87774796
