Displacement,FX,FY,FZ,MX,MY,MZ,L
7.5,113885.939,0.3299201,165.45987,8272.95961,721786.797,501997.009,749.993895848
