Displacement,FX,FY,FZ,MX,MY,MZ,L
7.5,388896.642,-0.10375786,-954.871513,72873.301,3392601.18,1808091.74,741.109036776
