Displacement,FX,FY,FZ,MX,MY,MZ,L
7.5,-0.595993647,78048.4791,-0.244191664,237.928765,-12036543.7,316.070702,662.849335846
