Displacement,FX,FY,FZ,MX,MY,MZ,L
7.5,343355.876,-0.0422810791,-479.59499,59000.2705,2761435.31,1644529.05,728.145235797
