Displacement,FX,FY,FZ,MX,MY,MZ,L
7.5,1849.35829,0.00149880907,-83.3355834,754.666462,-194190.526,5911.26751,728.145235797
