Displacement,FX,FY,FZ,MX,MY,MZ,L
7.5,-95.815757,-1838405.43,-27.6826095,-49135.899,43971444.0,82288.0885,741.109036776
