Displacement,FX,FY,FZ,MX,MY,MZ,L
0.0628,9.8603184e-09,-7.04632868e-08,-4.4166853e-08,1.80436099e-05,-2.56788282e-06,-1.46885667e-05,754.899252625
