Displacement,FX,FY,FZ,MX,MY,MZ,L
7.5,559.760558,0.00144108884,-0.732527733,545.223224,-20839.5027,2112.03405,710.947335464
