Displacement,FX,FY,FZ,MX,MY,MZ,L
7.5,-0.594189778,-127017.408,0.056735544,-242.138478,4259045.27,498.097693,749.993895848
