Displacement,FX,FY,FZ,MX,MY,MZ,L
7.5,-731.122453,-9256494.61,-1619.29901,-313983.265,142106195.0,1041774.37,728.145235797
