Displacement,FX,FY,FZ,MX,MY,MZ,L
7.5,-94.3731277,-1357674.49,15.6983234,-26356.1947,146514208.0,52449.7609,720.087781795
