Displacement,FX,FY,FZ,MX,MY,MZ,L
7.5,255133.977,-0.0386097394,-243.114149,31866.0978,1639399.18,1313882.99,689.289297696
