Displacement,FX,FY,FZ,MX,MY,MZ,L
7.5,1060.02951,0.0019681084,-5.64515245,569.431512,-37923.0186,4064.84237,710.947335464
