Displacement,FX,FY,FZ,MX,MY,MZ,L
7.5,689.054636,0.000128120177,44.3207667,-140.379999,-48379.4545,2122.82518,755.87774796
