Displacement,FX,FY,FZ,MX,MY,MZ,L
7.5,0.168935132,123722.202,0.22038055,235.5296,101995.658,224.81294,720.087781795
