Displacement,FX,FY,FZ,MX,MY,MZ,L
7.5,186.606269,0.000114982866,-9.82023758,30.4517705,-7765.06036,557.624484,754.899252625
