Displacement,FX,FY,FZ,MX,MY,MZ,L
7.5,-4.36661734,-355446.417,-4.9465285,-760.350887,1406520.51,3193.12621,689.289297696
