Displacement,FX,FY,FZ,MX,MY,MZ,L
7.5,-1363.50117,-9475539.29,-181.101811,-649936.271,453739420.0,1075748.56,755.87774796
