Displacement,FX,FY,FZ,MX,MY,MZ,L
7.5,234486.814,-0.039790089,-184.37946,25669.9657,1401224.1,1232639.95,676.691880227
