Displacement,FX,FY,FZ,MX,MY,MZ,L
7.5,-27.6878849,-587081.841,20.2166724,-4859.64178,59079242.1,19036.1275,728.145235797
