Displacement,FX,FY,FZ,MX,MY,MZ,L
0.0628,7.75067834e-10,6.6479847e-09,1.52458267e-09,-3.51300877e-07,-9.26478035e-07,-1.18102072e-06,728.145235797
