Displacement,FX,FY,FZ,MX,MY,MZ,L
7.5,149.84839,0.0733557512,-6.02328892,560.46209,-2495.07336,648.005378,689.289297696
