Displacement,FX,FY,FZ,MX,MY,MZ,L
0.0628,2.51501373e-10,-1.57488763e-09,-1.0855449e-09,-2.32715362e-07,1.86448656e-07,-1.32449785e-08,749.993895848
