Displacement,FX,FY,FZ,MX,MY,MZ,L
7.5,662294.025,22.2442306,-939.475834,8102.83547,1642353.27,3078329.5,676.691880227
