Displacement,FX,FY,FZ,MX,MY,MZ,L
7.5,14169.6753,0.804025251,-473.001754,3203.53274,-863251.118,57100.1919,710.947335464
