Displacement,FX,FY,FZ,MX,MY,MZ,L
7.5,13.0219589,491165.144,4.77306038,2728.47754,-7571044.05,-6259.48682,720.087781795
