Displacement,FX,FY,FZ,MX,MY,MZ,L
7.5,56.8872573,-9404763.12,-2456.60413,43134.3697,180421595.0,1065065.02,735.145254406
