Displacement,FX,FY,FZ,MX,MY,MZ,L
7.5,4.72214262,454868.099,1.03254623,-243.259447,-13922072.5,-3078.04014,755.87774796
