Displacement,FX,FY,FZ,MX,MY,MZ,L
7.5,130296.917,0.00282830541,234.403128,-1167.7621,-11732.6138,607293.721,676.691880227
