Displacement,FX,FY,FZ,MX,MY,MZ,L
7.5,7688.65856,0.0591371489,11.2245729,212.676368,-529711.39,25915.5921,752.93969641
