Displacement,FX,FY,FZ,MX,MY,MZ,L
7.5,-0.0685197397,113599.289,-0.0165082062,-24.2256445,-5751616.83,32.3974562,755.87774796
