Displacement,FX,FY,FZ,MX,MY,MZ,L
7.5,1388.81884,9104638.59,-87.3765282,581088.665,-597573357.0,-968695.868,752.93969641
