Displacement,FX,FY,FZ,MX,MY,MZ,L
7.5,169.354353,0.00203737822,8.5292735,176.128653,2404.48491,592.440647,741.109036776
