Displacement,FX,FY,FZ,MX,MY,MZ,L
0.0628,-3.16557379e-09,-2.41900802e-08,-3.66733169e-10,2.99409929e-07,1.62269742e-06,-2.09359664e-07,752.93969641
