Displacement,FX,FY,FZ,MX,MY,MZ,L
7.5,-295.484425,9475089.4,-1090.48138,-49297.3325,-506004794.0,-1593063.74,755.87774796
