Displacement,FX,FY,FZ,MX,MY,MZ,L
7.5,0.942518934,131814.714,-0.308974092,237.975729,-11950660.0,-252.921864,741.109036776
