Displacement,FX,FY,FZ,MX,MY,MZ,L
0.0628,2.00248807e-08,-5.92230467e-07,8.65148723e-10,4.04654756e-06,4.6019932e-06,-2.82164187e-06,676.691880227
