Displacement,FX,FY,FZ,MX,MY,MZ,L
7.5,-1323.72073,-9509626.53,-516.547705,-701541.676,221801921.0,1126192.87,741.109036776
