Displacement,FX,FY,FZ,MX,MY,MZ,L
7.5,9.57322743,395629.475,0.517635928,1845.12018,-47398628.9,-3370.69277,710.947335464
