Displacement,FX,FY,FZ,MX,MY,MZ,L
7.5,12.8802803,-246599.526,-0.25803306,14191.1487,5593208.52,-3369.62956,746.053942533
