Displacement,FX,FY,FZ,MX,MY,MZ,L
0.0628,6.2477011e-09,7.52347304e-08,1.33421422e-09,1.76951599e-06,-7.61417557e-06,-1.72491232e-06,710.947335464
