Displacement,FX,FY,FZ,MX,MY,MZ,L
7.5,-6.77067069,-383594.87,1.18835611,-2293.16787,25622390.1,4644.99365,752.93969641
