Displacement,FX,FY,FZ,MX,MY,MZ,L
7.5,29758.817,0.976707578,-991.464026,5008.59369,-1460515.93,116895.242,746.053942533
