Displacement,FX,FY,FZ,MX,MY,MZ,L
7.5,-0.146593653,-98157.3431,0.0632695238,-119.63875,4514505.02,190.268333,749.993895848
