Displacement,FX,FY,FZ,MX,MY,MZ,L
7.5,0.138665801,128020.474,-0.00864241463,9.8508703,-7796256.49,-35.0506344,752.93969641
