Displacement,FX,FY,FZ,MX,MY,MZ,L
0.0628,1.12804108e-08,-2.22592033e-07,-7.40627602e-09,1.14001579e-06,3.81607548e-05,-1.36061616e-05,647.699757876
