Displacement,FX,FY,FZ,MX,MY,MZ,L
0.0628,-9.07179465e-10,3.70380031e-08,-3.75666921e-09,-1.535587e-06,-4.11868764e-06,-1.67651301e-07,735.145254406
