Displacement,FX,FY,FZ,MX,MY,MZ,L
0.0628,2.95112686e-08,2.98638348e-07,3.72642893e-08,1.97815148e-05,1.73068667e-06,8.96913687e-06,746.053942533
