Displacement,FX,FY,FZ,MX,MY,MZ,L
7.5,-1497.17182,-6656939.67,691.181063,-374574.927,760866061.0,892523.06,710.947335464
