Displacement,FX,FY,FZ,MX,MY,MZ,L
0.0628,5.40073252e-09,-3.40388991e-07,-1.19741703e-08,-1.48813786e-06,5.03652217e-05,-6.60117597e-06,676.691880227
