Displacement,FX,FY,FZ,MX,MY,MZ,L
0.0628,7.22116062e-10,9.3491812e-09,-4.54022324e-10,-4.17062638e-07,8.511827e-09,-9.20377314e-07,735.145254406
