Displacement,FX,FY,FZ,MX,MY,MZ,L
7.5,1179.47131,9667513.4,416.426391,650197.832,-260276623.0,-1016711.55,746.053942533
