Displacement,FX,FY,FZ,MX,MY,MZ,L
0.0628,6.66908529e-12,-1.55171655e-09,-3.15909905e-10,2.5093922e-09,3.10562554e-07,-1.5365524e-07,647.699757876
