Displacement,FX,FY,FZ,MX,MY,MZ,L
7.5,2221.11112,0.00312905775,0.0540137626,-0.256745267,8.40342505,6197.04198,647.699757876
