Displacement,FX,FY,FZ,MX,MY,MZ,L
0.0628,-7.91122487e-10,1.46344159e-08,-2.75609089e-09,-1.2262362e-07,2.47396331e-08,4.77547988e-07,728.145235797
