Displacement,FX,FY,FZ,MX,MY,MZ,L
7.5,-9.08545769,-334125.576,1.34940265,-1546.59071,54327936.8,4148.32232,647.699757876
