Displacement,FX,FY,FZ,MX,MY,MZ,L
7.5,-1039.44385,-8089500.86,-593.726086,-577704.324,15780639.5,965290.075,676.691880227
