Displacement,FX,FY,FZ,MX,MY,MZ,L
7.5,-11.617856,-700062.501,-33.4330267,375.483564,6387834.92,11569.7681,710.947335464
