Displacement,FX,FY,FZ,MX,MY,MZ,L
0.0628,-1.46703826e-09,4.11684221e-09,-4.34730094e-10,-1.16460177e-06,4.54075517e-08,-1.79274018e-08,749.993895848
