Displacement,FX,FY,FZ,MX,MY,MZ,L
7.5,-3.29489443,-154883.985,-1.02411709,-440.298674,-58.8099907,1042.07804,647.699757876
