Displacement,FX,FY,FZ,MX,MY,MZ,L
0.0628,-1.97679512e-08,3.11054239e-07,-3.58059966e-08,-1.10663752e-05,-2.51950499e-05,-7.46696337e-06,735.145254406
