Displacement,FX,FY,FZ,MX,MY,MZ,L
0.0628,-4.04589353e-08,-2.05821756e-07,-2.73950578e-08,-4.82898302e-05,2.48765368e-05,5.83118305e-06,755.87774796
