Displacement,FX,FY,FZ,MX,MY,MZ,L
7.5,-0.67927527,-126970.539,0.58041285,-291.371859,4894326.29,711.194712,752.93969641
