Displacement,FX,FY,FZ,MX,MY,MZ,L
7.5,-118.316878,-1275297.2,53.0368724,-26104.8609,147741540.0,67108.5682,710.947335464
