Displacement,FX,FY,FZ,MX,MY,MZ,L
7.5,21551.3915,1.55943009,890.638499,-3361.68254,-637277.771,84837.0103,752.93969641
