Displacement,FX,FY,FZ,MX,MY,MZ,L
7.5,-1.56784266,-757167.346,-2.10525795,-262.023038,33028917.6,15770.4571,754.899252625
