Displacement,FX,FY,FZ,MX,MY,MZ,L
7.5,-1.85801361,-179545.442,0.277939184,-598.647087,21838528.6,1084.76675,676.691880227
