Displacement,FX,FY,FZ,MX,MY,MZ,L
7.5,-0.713537226,-97323.6379,-0.19730238,-154.266011,-14.761132,200.817776,647.699757876
