Displacement,FX,FY,FZ,MX,MY,MZ,L
7.5,478634.422,-0.279142222,-1504.0743,88206.3998,4492565.53,2131366.72,754.899252625
