Displacement,FX,FY,FZ,MX,MY,MZ,L
7.5,2114.39997,8270998.67,-429.812639,804415.938,-709155981.0,-1032146.36,741.109036776
