Displacement,FX,FY,FZ,MX,MY,MZ,L
7.5,573462.175,13.9872788,-2236.28575,76601.2293,5038891.46,2513293.32,749.993895848
