Displacement,FX,FY,FZ,MX,MY,MZ,L
7.5,0.458745488,541036.463,12.6148969,4054.15265,-25416829.4,-4086.88017,754.899252625
