Displacement,FX,FY,FZ,MX,MY,MZ,L
0.0628,1.95918023e-09,2.74012368e-08,-1.47232239e-09,-8.460815e-07,-2.54098454e-06,-4.61203492e-06,728.145235797
