Displacement,FX,FY,FZ,MX,MY,MZ,L
7.5,-1.32207437,-157786.639,0.699563892,-537.319821,16499435.4,941.08927,710.947335464
