Displacement,FX,FY,FZ,MX,MY,MZ,L
0.0628,1.3069515e-10,-1.1693391e-08,-1.84166528e-10,-1.93497576e-07,-2.54004379e-08,-1.14990334e-07,676.691880227
