Displacement,FX,FY,FZ,MX,MY,MZ,L
7.5,589031.733,-0.606512524,-2301.82479,70051.6922,4969654.95,2582988.73,746.053942533
