Displacement,FX,FY,FZ,MX,MY,MZ,L
0.0628,-1.46000368e-09,7.20297416e-09,-3.1894676e-09,-6.66074773e-07,-3.84136315e-07,-1.9134537e-06,728.145235797
