Displacement,FX,FY,FZ,MX,MY,MZ,L
7.5,1555.59826,0.00551146288,87.2891975,-108.190595,-16591.8232,5336.24949,749.993895848
