Displacement,FX,FY,FZ,MX,MY,MZ,L
7.5,6740.42766,0.182051757,348.011583,-1179.047,-436001.651,23727.1498,749.993895848
