Displacement,FX,FY,FZ,MX,MY,MZ,L
7.5,-5.85483422,-410603.414,0.2808311,-2531.43996,13737871.4,4952.97311,749.993895848
