Displacement,FX,FY,FZ,MX,MY,MZ,L
7.5,1110.46298,8679137.06,623.054859,600594.667,-44302664.9,-949219.01,700.693320677
