Displacement,FX,FY,FZ,MX,MY,MZ,L
7.5,7719.24343,0.0568624162,-75.2898619,319.207238,-283553.769,27138.4716,720.087781795
