Displacement,FX,FY,FZ,MX,MY,MZ,L
7.5,2812.9014,0.00949459377,140.690245,-529.703702,-115766.513,9006.62921,689.289297696
