Displacement,FX,FY,FZ,MX,MY,MZ,L
7.5,4460.2707,0.0332564031,-488.15333,2517.51468,-340233.022,15578.7005,720.087781795
