Displacement,FX,FY,FZ,MX,MY,MZ,L
7.5,1.18152193,174047.76,0.121069437,143.913963,-23823983.9,-105.946465,700.693320677
