Displacement,FX,FY,FZ,MX,MY,MZ,L
0.0628,1.41736139e-08,-4.76333007e-07,3.29838034e-08,2.29076246e-05,5.55216844e-06,5.53588915e-05,752.93969641
