Displacement,FX,FY,FZ,MX,MY,MZ,L
0.0628,-1.1232556e-09,-1.9405462e-11,2.90420632e-09,1.01917919e-06,-3.92146704e-07,1.72361966e-06,754.899252625
