Displacement,FX,FY,FZ,MX,MY,MZ,L
0.0628,-2.95156918e-10,-1.22882828e-08,9.55657789e-11,-5.5126836e-07,5.97200339e-07,-6.39464521e-07,752.93969641
