Displacement,FX,FY,FZ,MX,MY,MZ,L
7.5,-0.0169032645,32974.2926,0.0108816133,-2.67177935,-3181917.8,10.1536268,710.947335464
