Displacement,FX,FY,FZ,MX,MY,MZ,L
7.5,-0.259827385,242361.453,-0.158259677,65.9768071,1489.73427,132.74797,647.699757876
