Displacement,FX,FY,FZ,MX,MY,MZ,L
7.5,1.4822185,-248872.425,-0.861574879,-275.402649,7222663.48,198.012997,749.993895848
