Displacement,FX,FY,FZ,MX,MY,MZ,L
0.0628,-1.9166867e-08,7.00615327e-08,-9.51706594e-09,-1.06220988e-05,6.5334417e-08,2.10328299e-05,749.993895848
