Displacement,FX,FY,FZ,MX,MY,MZ,L
7.5,17.5429005,938300.578,-14.3446394,383.449768,-25825032.9,9230.76735,746.053942533
