Displacement,FX,FY,FZ,MX,MY,MZ,L
7.5,7356.57858,0.00242764594,26.541464,14.4013365,-371178.423,25262.129,754.899252625
