Displacement,FX,FY,FZ,MX,MY,MZ,L
7.5,7766.05788,0.0213323065,-89.9278418,1650.37248,-604568.877,34471.5045,647.699757876
