Displacement,FX,FY,FZ,MX,MY,MZ,L
7.5,1343.58247,8860542.43,-24.6554498,549877.911,-638717472.0,-893435.372,749.993895848
