Displacement,FX,FY,FZ,MX,MY,MZ,L
7.5,-1175.46903,-8637990.62,-616.657836,-610009.564,51964005.5,1016716.0,700.693320677
