Displacement,FX,FY,FZ,MX,MY,MZ,L
0.0628,-2.32759034e-10,4.81398207e-09,-3.41804834e-10,-9.82290766e-08,-4.26130992e-07,-6.35469053e-08,720.087781795
