Displacement,FX,FY,FZ,MX,MY,MZ,L
7.5,-1.80796141,-196947.838,-2.69587875,-160.184448,-1693645.45,1597.72673,710.947335464
