Displacement,FX,FY,FZ,MX,MY,MZ,L
7.5,499665.726,12.4485411,-1753.9803,89325.6633,4709681.73,2212504.6,755.87774796
