Displacement,FX,FY,FZ,MX,MY,MZ,L
7.5,-6.22503654,-404923.787,0.316353781,-2455.9659,19915775.7,4746.95285,755.87774796
