Displacement,FX,FY,FZ,MX,MY,MZ,L
7.5,1186.32237,9139393.0,516.542757,632656.034,-99035006.8,-1006367.09,720.087781795
