Displacement,FX,FY,FZ,MX,MY,MZ,L
7.5,16850.6199,0.0147860264,-53.2859422,1240.44582,-924417.006,64979.4304,735.145254406
