Displacement,FX,FY,FZ,MX,MY,MZ,L
7.5,-1.52968216,-213834.385,-0.658755511,-712.010221,450269.163,1448.57229,676.691880227
