Displacement,FX,FY,FZ,MX,MY,MZ,L
7.5,-77.624636,-1188769.83,13.4159906,-18895.8373,147594831.0,41103.9891,700.693320677
