Displacement,FX,FY,FZ,MX,MY,MZ,L
7.5,-0.490271408,481569.426,1.09661068,-1088.90996,-43052426.5,566.250905,741.109036776
