Displacement,FX,FY,FZ,MX,MY,MZ,L
7.5,7719.03561,0.072906898,39.3686299,166.259073,-474233.597,27031.8001,749.993895848
