Displacement,FX,FY,FZ,MX,MY,MZ,L
7.5,17.9102009,709448.995,23.2769994,3560.55716,-1845492.63,-13571.1512,662.849335846
