Displacement,FX,FY,FZ,MX,MY,MZ,L
7.5,-2196.94021,-8179110.3,467.748816,-810251.405,692831206.0,1114776.16,741.109036776
