Displacement,FX,FY,FZ,MX,MY,MZ,L
7.5,6793.40157,0.0442884794,111.292353,-394.497993,-96724.1746,23193.6756,662.849335846
