Displacement,FX,FY,FZ,MX,MY,MZ,L
0.0628,3.36990211e-11,-1.98165725e-09,6.53091386e-11,4.31773548e-08,2.09616088e-07,-6.51217378e-08,741.109036776
