Displacement,FX,FY,FZ,MX,MY,MZ,L
0.0628,-1.85624407e-09,-4.09967928e-08,-1.5291348e-09,9.45062519e-07,2.45795911e-06,2.66193927e-06,755.87774796
