Displacement,FX,FY,FZ,MX,MY,MZ,L
7.5,-0.0148439208,76949.4586,0.00225745308,66.4013951,123.225797,89.8555729,647.699757876
