Displacement,FX,FY,FZ,MX,MY,MZ,L
7.5,1481.97535,6711348.7,-694.411407,371730.26,-782054052.0,-855163.142,710.947335464
