Displacement,FX,FY,FZ,MX,MY,MZ,L
7.5,-0.351053641,-365221.859,-1.8385101,-1012.22315,2818485.11,2230.12749,741.109036776
