Displacement,FX,FY,FZ,MX,MY,MZ,L
0.0628,-6.77421686e-10,2.79299582e-08,1.40355755e-11,-1.2435014e-06,-7.1071833e-07,-5.16785358e-07,735.145254406
