Displacement,FX,FY,FZ,MX,MY,MZ,L
7.5,10.9436942,791003.795,-12.5641551,2116.97583,-4703897.13,5501.30817,700.693320677
