Displacement,FX,FY,FZ,MX,MY,MZ,L
7.5,720.986006,0.00181662294,68.562226,-184.86607,-59224.0262,2031.33786,749.993895848
