Displacement,FX,FY,FZ,MX,MY,MZ,L
7.5,0.0834741327,-170871.973,-1.41581956,154.435005,3412156.37,723.717891,735.145254406
