Displacement,FX,FY,FZ,MX,MY,MZ,L
7.5,-112.041403,-1737525.12,8.25034406,-44693.0467,115443055.0,76530.3894,752.93969641
