Displacement,FX,FY,FZ,MX,MY,MZ,L
7.5,-1.85983436,-221748.306,-2.05236276,-327.509025,884045.532,1316.13592,689.289297696
