Displacement,FX,FY,FZ,MX,MY,MZ,L
7.5,-982.729225,-8880538.66,-2881.25089,-94394.7133,77597936.6,942002.983,710.947335464
