Displacement,FX,FY,FZ,MX,MY,MZ,L
0.0628,8.16500011e-08,6.6558283e-07,-6.55258898e-09,7.34765366e-05,-5.63719666e-05,-1.36005233e-05,728.145235797
