Displacement,FX,FY,FZ,MX,MY,MZ,L
7.5,15.2354364,519085.905,4.64260216,4356.03511,-36291099.0,-6857.51347,752.93969641
