Displacement,FX,FY,FZ,MX,MY,MZ,L
0.0628,8.92782603e-10,-5.24974322e-09,2.30340295e-10,2.08221078e-07,4.48166364e-07,3.57322666e-07,755.87774796
