Displacement,FX,FY,FZ,MX,MY,MZ,L
7.5,7945.4941,0.00642393428,-487.507474,1630.19922,-258339.867,28182.9065,710.947335464
