Displacement,FX,FY,FZ,MX,MY,MZ,L
0.0628,7.62896908e-08,-2.5276644e-07,-2.56952822e-08,-7.30943319e-06,7.75288774e-06,-2.21963867e-05,647.699757876
