Displacement,FX,FY,FZ,MX,MY,MZ,L
7.5,-0.20106965,-78699.0032,0.104426173,-76.6935513,7436060.59,135.5296,700.693320677
