Displacement,FX,FY,FZ,MX,MY,MZ,L
7.5,-98.3129074,-1859121.25,-10.8162097,-48932.1023,61656271.7,83607.2861,749.993895848
