Displacement,FX,FY,FZ,MX,MY,MZ,L
7.5,-0.807612677,-103482.372,-0.126673039,-350.15137,14063993.6,232.665267,662.849335846
