Displacement,FX,FY,FZ,MX,MY,MZ,L
7.5,4732.02192,0.00760245065,-295.455228,1691.50321,-429427.78,15980.3643,728.145235797
