Displacement,FX,FY,FZ,MX,MY,MZ,L
0.0628,1.72360934e-09,-4.5150748e-09,-1.36818914e-09,4.02399353e-07,5.62406783e-07,-1.61460953e-06,741.109036776
