Displacement,FX,FY,FZ,MX,MY,MZ,L
0.0628,-2.82670325e-10,2.6393931e-09,-4.02411352e-10,-2.8358566e-07,-3.90791732e-07,-3.41213703e-07,735.145254406
