Displacement,FX,FY,FZ,MX,MY,MZ,L
7.5,-6.3992134,-302545.357,0.734915411,-4969.99988,24091590.0,2442.10665,735.145254406
