Displacement,FX,FY,FZ,MX,MY,MZ,L
7.5,-0.811463059,-144314.904,0.39639555,-270.580229,16111556.9,582.509444,700.693320677
