Displacement,FX,FY,FZ,MX,MY,MZ,L
0.0628,-8.42815583e-10,-2.62806938e-09,5.62470708e-10,4.1293599e-07,-1.98740978e-07,3.26354167e-08,700.693320677
