Displacement,FX,FY,FZ,MX,MY,MZ,L
7.5,125016.283,6.03190547,276.378579,-1330.51004,385967.29,575112.69,689.289297696
