Displacement,FX,FY,FZ,MX,MY,MZ,L
7.5,0.0152131405,36461.858,-0.00153170811,1.25225087,-1996587.94,-6.82653261,752.93969641
