Displacement,FX,FY,FZ,MX,MY,MZ,L
7.5,110082.723,0.25503918,166.812445,8957.02632,701298.583,484760.227,752.93969641
