Displacement,FX,FY,FZ,MX,MY,MZ,L
7.5,442.352412,0.0166698506,44.826286,1527.55362,-26480.2101,1717.97434,689.289297696
