Displacement,FX,FY,FZ,MX,MY,MZ,L
0.0628,-1.08623305e-09,8.23370189e-09,1.2303641e-09,5.49536309e-07,-5.13090651e-07,1.22428622e-07,741.109036776
