Displacement,FX,FY,FZ,MX,MY,MZ,L
7.5,519292.399,12.822998,-1879.18663,88159.4425,4860541.53,2287198.59,755.87774796
