Displacement,FX,FY,FZ,MX,MY,MZ,L
0.0628,2.63194039e-10,5.35306354e-09,-3.13888734e-10,-3.07470799e-07,-2.02864694e-07,-1.05388813e-07,728.145235797
