Displacement,FX,FY,FZ,MX,MY,MZ,L
7.5,-2.87882664,-184212.559,-0.515272027,-1087.90551,26834073.0,841.314671,662.849335846
