Displacement,FX,FY,FZ,MX,MY,MZ,L
7.5,1117.05756,0.00264637159,45.1734439,136.974776,-59937.3982,3817.90055,735.145254406
