Displacement,FX,FY,FZ,MX,MY,MZ,L
7.5,50284.6158,0.0162537606,3.57526435,3204.27033,94771.9622,251900.983,700.693320677
