Displacement,FX,FY,FZ,MX,MY,MZ,L
7.5,158.925573,0.00159616533,-31.3635239,96.6576884,-3742.35417,480.567744,755.87774796
