Displacement,FX,FY,FZ,MX,MY,MZ,L
0.0628,-7.63850423e-10,-4.34805086e-10,-4.85671452e-10,-6.20401411e-07,1.91413763e-07,2.48406615e-07,700.693320677
