Displacement,FX,FY,FZ,MX,MY,MZ,L
7.5,-0.331512671,-71012.7377,0.18227256,-104.464732,6542918.29,216.204398,710.947335464
