Displacement,FX,FY,FZ,MX,MY,MZ,L
7.5,0.178287634,46054.0095,0.00650765728,-38.4477502,-6738169.46,-56.0680735,689.289297696
