Displacement,FX,FY,FZ,MX,MY,MZ,L
0.0628,-8.70428645e-11,-2.23472687e-10,1.71228885e-10,3.69121976e-07,1.46357928e-08,-2.08589357e-07,749.993895848
