Displacement,FX,FY,FZ,MX,MY,MZ,L
7.5,1247.59035,8409524.1,1730.30583,334038.287,-24901665.6,-848011.726,689.289297696
