Displacement,FX,FY,FZ,MX,MY,MZ,L
0.0628,1.43382168e-08,-9.10494007e-08,-5.9395452e-09,3.37332139e-06,2.29240763e-06,-2.43867001e-06,755.87774796
