Displacement,FX,FY,FZ,MX,MY,MZ,L
7.5,-0.44627107,441954.817,-1.67040423,-584.999442,-2573926.34,592.329675,689.289297696
