Displacement,FX,FY,FZ,MX,MY,MZ,L
0.0628,1.41858343e-09,-1.49458782e-08,-2.48137203e-09,4.91548043e-07,2.58278283e-06,-1.21000579e-06,647.699757876
