Displacement,FX,FY,FZ,MX,MY,MZ,L
0.0628,1.27803182e-09,5.66465823e-09,2.82558784e-09,1.27901068e-06,-5.78284439e-07,6.76575262e-07,662.849335846
