Displacement,FX,FY,FZ,MX,MY,MZ,L
7.5,1128.41692,7139751.81,-187.490997,339259.288,-773399311.0,-653642.201,720.087781795
