Displacement,FX,FY,FZ,MX,MY,MZ,L
0.0628,3.9840483e-09,2.55501476e-08,6.73050953e-10,4.46232617e-07,-2.51562448e-07,-2.12026229e-06,746.053942533
