Displacement,FX,FY,FZ,MX,MY,MZ,L
0.0628,-3.76973204e-09,-4.36781351e-09,-3.99150486e-09,-2.16762136e-06,7.05552799e-07,-4.41400207e-07,700.693320677
