Displacement,FX,FY,FZ,MX,MY,MZ,L
7.5,-110.889849,-1858282.96,84.0676942,-64624.5296,70912943.5,118348.978,752.93969641
