Displacement,FX,FY,FZ,MX,MY,MZ,L
0.0628,-4.70147727e-10,6.27502069e-10,-1.97650601e-10,3.00288577e-07,2.05493911e-07,3.38004245e-07,746.053942533
