Displacement,FX,FY,FZ,MX,MY,MZ,L
0.0628,-5.08629163e-08,3.02801321e-07,-2.57328646e-08,2.82219427e-05,-2.64427664e-05,1.03475853e-05,720.087781795
