Displacement,FX,FY,FZ,MX,MY,MZ,L
0.0628,-1.68154414e-09,-5.35750434e-09,-3.56491537e-09,-9.21943777e-07,7.92231113e-08,-5.09123858e-07,754.899252625
