Displacement,FX,FY,FZ,MX,MY,MZ,L
7.5,26097.1129,0.00490160367,259.032776,-1167.7367,-971488.012,100948.887,735.145254406
