Displacement,FX,FY,FZ,MX,MY,MZ,L
7.5,1633.88884,0.00258217467,-150.051841,1134.23669,-138446.69,5640.14845,710.947335464
