Displacement,FX,FY,FZ,MX,MY,MZ,L
7.5,-9.70869019,-467992.352,3.55575826,-2808.29759,56354821.8,6083.38794,700.693320677
