Displacement,FX,FY,FZ,MX,MY,MZ,L
0.0628,-6.32095595e-11,-4.06402797e-09,-4.2366018e-11,4.03184224e-07,5.76842989e-07,-2.30710544e-07,752.93969641
