Displacement,FX,FY,FZ,MX,MY,MZ,L
7.5,19280.9027,0.219473753,88.7922577,17.9040347,-642390.891,75965.1773,746.053942533
