Displacement,FX,FY,FZ,MX,MY,MZ,L
0.0628,5.58570169e-09,1.01673645e-07,-3.99600576e-09,7.36315083e-07,-1.26537088e-05,-4.94512904e-06,689.289297696
