Displacement,FX,FY,FZ,MX,MY,MZ,L
7.5,-632.360813,-4334800.66,32.4055169,-150192.535,695791664.0,286188.254,647.699757876
