Displacement,FX,FY,FZ,MX,MY,MZ,L
7.5,556501.366,13.6015664,-2058.58698,81467.4407,5026909.31,2438912.04,752.93969641
