Displacement,FX,FY,FZ,MX,MY,MZ,L
7.5,-0.171577282,-139506.22,0.115828352,-221.473302,5450238.26,367.260809,752.93969641
