Displacement,FX,FY,FZ,MX,MY,MZ,L
7.5,37966.3459,0.0449167877,-6.38674992,1581.31078,-26365.5849,201361.068,662.849335846
