Displacement,FX,FY,FZ,MX,MY,MZ,L
7.5,682.557468,0.00262761032,-40.9369822,149.557593,-38998.4275,2080.75758,752.93969641
