Displacement,FX,FY,FZ,MX,MY,MZ,L
0.0628,-2.5665347e-09,-3.5635691e-08,6.35354612e-09,9.36779738e-07,5.68169426e-09,2.34098495e-07,676.691880227
