Displacement,FX,FY,FZ,MX,MY,MZ,L
7.5,3293.83924,0.00473515561,201.76696,-842.930154,-284910.844,10816.7423,741.109036776
