Displacement,FX,FY,FZ,MX,MY,MZ,L
7.5,13.2383484,535819.566,5.39288824,1066.39112,-68681929.1,-1781.99668,700.693320677
