Displacement,FX,FY,FZ,MX,MY,MZ,L
0.0628,-4.11950596e-10,-8.70975205e-10,1.2432448e-10,3.14230576e-07,1.47885045e-07,6.70249908e-09,749.993895848
