Displacement,FX,FY,FZ,MX,MY,MZ,L
0.0628,6.75198762e-08,1.99588464e-07,-1.34909493e-09,1.49144545e-05,-2.1201951e-05,-2.4372763e-05,689.289297696
