Displacement,FX,FY,FZ,MX,MY,MZ,L
7.5,-10.5392714,-121045.941,1.84365668,-2915.71938,2278744.27,4921.32684,741.109036776
