Displacement,FX,FY,FZ,MX,MY,MZ,L
7.5,-3.44235253,-377569.445,-9.86480408,192.166931,3463233.43,3432.30784,710.947335464
