Displacement,FX,FY,FZ,MX,MY,MZ,L
0.0628,5.22089703e-09,1.43622283e-07,-3.82422724e-09,-3.09173556e-06,-2.53757227e-06,1.8575106e-06,735.145254406
