Displacement,FX,FY,FZ,MX,MY,MZ,L
7.5,83182.7383,0.226821643,112.281319,8533.35892,450732.861,377582.233,749.993895848
