Displacement,FX,FY,FZ,MX,MY,MZ,L
7.5,28.4084458,712937.675,-22.4502303,-3704.73249,-75012725.4,-14687.8423,728.145235797
