Displacement,FX,FY,FZ,MX,MY,MZ,L
7.5,678.320764,0.00201596816,78.2554483,1159.02986,-62936.7731,2497.52413,689.289297696
