Displacement,FX,FY,FZ,MX,MY,MZ,L
7.5,603181.325,18.5819676,-2676.10089,64327.6753,4885179.37,2657987.04,741.109036776
