Displacement,FX,FY,FZ,MX,MY,MZ,L
7.5,24770.3255,0.452954743,781.465068,-4077.08404,-770642.084,95947.4224,700.693320677
