Displacement,FX,FY,FZ,MX,MY,MZ,L
7.5,27477.7154,0.0438148179,-731.558583,4359.08864,-1443270.47,102725.02,752.93969641
