Displacement,FX,FY,FZ,MX,MY,MZ,L
0.0628,-1.02072245e-09,2.25438494e-09,1.23503091e-09,1.17465865e-06,-1.78052529e-07,-8.38940293e-07,746.053942533
