Displacement,FX,FY,FZ,MX,MY,MZ,L
0.0628,6.35037764e-10,-4.12609779e-09,1.79542558e-09,2.74053713e-07,7.30670586e-09,6.02591475e-07,662.849335846
