Displacement,FX,FY,FZ,MX,MY,MZ,L
7.5,8090.16967,0.0206887953,297.645821,-670.377882,-506888.146,27976.4187,754.899252625
