Displacement,FX,FY,FZ,MX,MY,MZ,L
7.5,-1.06169933,-188809.219,0.349648704,-963.018678,12272634.9,794.807506,741.109036776
