Displacement,FX,FY,FZ,MX,MY,MZ,L
0.0628,3.44475767e-08,-7.02528786e-08,-1.88086752e-08,9.53552134e-07,2.49637769e-06,-5.27654582e-05,700.693320677
