Displacement,FX,FY,FZ,MX,MY,MZ,L
7.5,-20.2054469,-750384.152,0.418145207,-8393.8579,36827908.0,15475.5616,755.87774796
