Displacement,FX,FY,FZ,MX,MY,MZ,L
7.5,-2162.70134,-7462170.18,-762.724138,-522861.491,-16101.3689,604210.688,647.699757876
