Displacement,FX,FY,FZ,MX,MY,MZ,L
7.5,637180.251,20.0440756,-2089.36039,37424.4292,3957867.57,2858529.1,720.087781795
