Displacement,FX,FY,FZ,MX,MY,MZ,L
7.5,-0.954617683,-205354.327,0.359653819,-518.910327,13391249.0,953.496821,746.053942533
