Displacement,FX,FY,FZ,MX,MY,MZ,L
7.5,2650.56686,0.0109541533,-163.691699,487.457659,-112016.501,8748.11296,752.93969641
