Displacement,FX,FY,FZ,MX,MY,MZ,L
7.5,-0.382166115,542732.008,-1.35288848,-762.935057,-19800238.5,614.303904,749.993895848
