Displacement,FX,FY,FZ,MX,MY,MZ,L
7.5,1231.3457,9707170.92,254.883553,647938.204,-307902270.0,-1041060.38,749.993895848
