Displacement,FX,FY,FZ,MX,MY,MZ,L
7.5,-0.0596468067,-126032.405,-0.138578859,-34.3397487,5458411.77,461.910246,754.899252625
