Displacement,FX,FY,FZ,MX,MY,MZ,L
7.5,-0.243595022,-92186.7497,-0.250041171,-51.1044498,-1042712.45,195.657064,700.693320677
