Displacement,FX,FY,FZ,MX,MY,MZ,L
7.5,627109.327,19.5190356,-2341.6321,46581.4167,4351059.9,2793664.02,728.145235797
