Displacement,FX,FY,FZ,MX,MY,MZ,L
7.5,-0.751507228,-122719.219,0.3180267,-227.822814,13794690.4,482.64999,689.289297696
