Displacement,FX,FY,FZ,MX,MY,MZ,L
7.5,-260.312197,-1508898.74,45.4424352,-91204.6159,140380883.0,100219.628,735.145254406
