Displacement,FX,FY,FZ,MX,MY,MZ,L
0.0628,-2.6551421e-10,-3.09264971e-09,-7.95875107e-10,-7.7274747e-07,3.20475071e-07,-9.03884058e-07,754.899252625
