Displacement,FX,FY,FZ,MX,MY,MZ,L
0.0628,5.33721136e-10,-5.22630061e-09,7.0948178e-10,2.05275723e-07,8.71687042e-07,2.1147397e-07,676.691880227
