Displacement,FX,FY,FZ,MX,MY,MZ,L
7.5,24252.6141,0.639694124,96.4531153,-524.421116,-120224.241,94366.0787,676.691880227
