Displacement,FX,FY,FZ,MX,MY,MZ,L
7.5,-2.84844876,-237972.866,1.04283653,-769.902207,27237522.7,1782.27715,700.693320677
