Displacement,FX,FY,FZ,MX,MY,MZ,L
7.5,-63.1708415,-1712476.02,-187.72918,-1300.43878,15474766.4,63291.9085,710.947335464
