Displacement,FX,FY,FZ,MX,MY,MZ,L
0.0628,-2.00409167e-10,-2.47313588e-09,7.70746296e-10,-4.24537013e-07,-1.68193323e-07,4.25320383e-07,754.899252625
