Displacement,FX,FY,FZ,MX,MY,MZ,L
7.5,-1054.42473,-6214916.69,91.291779,-301052.825,761581098.0,556892.851,700.693320677
