Displacement,FX,FY,FZ,MX,MY,MZ,L
0.0628,1.60113214e-09,-5.84742466e-10,9.84948362e-10,1.15814262e-06,-3.5715512e-08,-1.99502144e-07,749.993895848
