Displacement,FX,FY,FZ,MX,MY,MZ,L
7.5,41962.8641,0.0341665167,-138.355069,2701.99682,18176.115,218064.874,676.691880227
