Displacement,FX,FY,FZ,MX,MY,MZ,L
7.5,-0.542913592,-126531.415,-0.0861839269,-236.716399,3637828.59,455.549508,746.053942533
