Displacement,FX,FY,FZ,MX,MY,MZ,L
0.0628,-6.20781361e-10,2.07233625e-08,4.30543396e-10,4.40420743e-07,-1.36228876e-06,2.35562757e-07,746.053942533
