Displacement,FX,FY,FZ,MX,MY,MZ,L
7.5,0.0613769003,-116972.927,0.228981901,-78.5784693,14879614.9,198.8002,676.691880227
