Displacement,FX,FY,FZ,MX,MY,MZ,L
7.5,1763.0387,0.000878423443,-97.8818493,835.583172,-99231.4741,6724.22823,700.693320677
