Displacement,FX,FY,FZ,MX,MY,MZ,L
0.0628,3.24717027e-10,7.4342737e-09,-4.61966645e-10,1.6814461e-07,-1.3089815e-07,-5.778493e-07,720.087781795
