Displacement,FX,FY,FZ,MX,MY,MZ,L
7.5,299.125846,0.00448303684,-29.5902122,663.553734,-30894.5153,929.487519,720.087781795
