Displacement,FX,FY,FZ,MX,MY,MZ,L
7.5,2455.204,0.00122399379,362.52382,-1123.5368,-108126.659,8023.35494,752.93969641
