Displacement,FX,FY,FZ,MX,MY,MZ,L
7.5,-0.857464361,-156353.692,-0.325903175,-358.478956,995193.133,730.97121,700.693320677
