Displacement,FX,FY,FZ,MX,MY,MZ,L
7.5,-1266.54929,-9576329.16,-438.02718,-672387.003,265664733.0,1106622.5,746.053942533
