Displacement,FX,FY,FZ,MX,MY,MZ,L
0.0628,-1.29699619e-09,-1.52160062e-08,2.21494825e-10,-7.93842775e-07,4.38228133e-07,-6.87657034e-07,755.87774796
