Displacement,FX,FY,FZ,MX,MY,MZ,L
0.0628,6.58517003e-08,-2.51410886e-07,-3.98405169e-08,-1.7896736e-05,3.14671761e-05,-2.76940004e-05,752.93969641
