Displacement,FX,FY,FZ,MX,MY,MZ,L
7.5,1496.97546,0.00548418192,58.1498414,-269.568291,-122946.637,4665.87394,741.109036776
