Displacement,FX,FY,FZ,MX,MY,MZ,L
7.5,991.596057,8114040.79,611.906862,575327.546,-11060225.0,-906487.294,676.691880227
