Displacement,FX,FY,FZ,MX,MY,MZ,L
7.5,-33.8908067,-644582.606,8.65815074,-10975.5471,55643717.8,17214.3914,741.109036776
