Displacement,FX,FY,FZ,MX,MY,MZ,L
7.5,33647.039,0.00172943584,324.432002,-456.133739,-156881.039,181515.065,647.699757876
