Displacement,FX,FY,FZ,MX,MY,MZ,L
7.5,-0.951968387,-233047.403,0.309551314,-628.73863,14628162.1,1135.05442,752.93969641
