Displacement,FX,FY,FZ,MX,MY,MZ,L
7.5,652687.042,21.142529,-1668.84376,21316.6353,2970161.65,2977735.59,700.693320677
