Displacement,FX,FY,FZ,MX,MY,MZ,L
7.5,2108.28245,7474118.9,768.187199,519556.137,17880.2129,-576938.094,647.699757876
