Displacement,FX,FY,FZ,MX,MY,MZ,L
7.5,276441.207,-0.0307985619,-303.292697,38457.6353,1898514.36,1396007.22,700.693320677
