Displacement,FX,FY,FZ,MX,MY,MZ,L
7.5,-1.14293364,463611.172,1.16324143,-1497.64017,-44742940.7,145.074106,735.145254406
