Displacement,FX,FY,FZ,MX,MY,MZ,L
7.5,15025.8703,1.03537525,-378.069944,2882.43369,-951341.957,59023.6239,720.087781795
