Displacement,FX,FY,FZ,MX,MY,MZ,L
7.5,-0.00666295068,37127.6558,-0.0138106827,-4.81931173,-1770952.21,0.482965693,754.899252625
