Displacement,FX,FY,FZ,MX,MY,MZ,L
7.5,0.0856393874,95644.2818,0.0831530109,-50.9823551,-6330136.87,-97.8920122,749.993895848
