Displacement,FX,FY,FZ,MX,MY,MZ,L
7.5,-795.445339,-5289102.51,30.5663581,-213029.985,742483740.0,394282.113,676.691880227
