Displacement,FX,FY,FZ,MX,MY,MZ,L
7.5,-7.37173568,-379352.208,2.80732616,-1696.44213,51089195.9,4319.55701,676.691880227
