Displacement,FX,FY,FZ,MX,MY,MZ,L
7.5,-1297.02574,-8376956.04,-1743.07121,-335831.582,31332848.1,901099.049,689.289297696
