Displacement,FX,FY,FZ,MX,MY,MZ,L
7.5,-4329.1834,453911.877,273.464644,-4948922.42,-50538548.2,1848673.51,720.087781795
