Displacement,FX,FY,FZ,MX,MY,MZ,L
7.5,-5.42647609,-409042.32,-1.03692587,-2478.99708,11730918.0,4593.976,746.053942533
