Displacement,FX,FY,FZ,MX,MY,MZ,L
7.5,2.97385085,-740604.844,22.5878464,3541.46014,40550055.2,24579.2234,755.87774796
