Displacement,FX,FY,FZ,MX,MY,MZ,L
0.0628,-6.93523815e-09,-7.76570875e-09,-3.0794283e-09,-1.01241865e-06,1.36343987e-06,5.75416383e-07,662.849335846
