Displacement,FX,FY,FZ,MX,MY,MZ,L
0.0628,2.31634843e-09,-1.11819571e-08,5.9114807e-10,5.34578071e-07,1.22020845e-06,7.73565097e-07,752.93969641
