Displacement,FX,FY,FZ,MX,MY,MZ,L
0.0628,3.63913449e-10,-1.26860203e-09,3.97590121e-10,3.81903393e-07,-3.84916642e-08,-1.52183417e-07,647.699757876
