Displacement,FX,FY,FZ,MX,MY,MZ,L
7.5,6102.64896,0.00262521508,458.661247,-1494.38223,-534281.536,21115.6873,746.053942533
