Displacement,FX,FY,FZ,MX,MY,MZ,L
7.5,831.617515,0.0100014011,66.2622101,1616.2221,-3296.47437,4157.04977,647.699757876
