Displacement,FX,FY,FZ,MX,MY,MZ,L
7.5,1708.23729,7550251.06,-1099.8799,430099.827,-758697649.0,-1169922.33,728.145235797
