Displacement,FX,FY,FZ,MX,MY,MZ,L
7.5,-0.82170665,-140202.581,-0.907856653,-170.29762,107102.639,571.211003,662.849335846
