Displacement,FX,FY,FZ,MX,MY,MZ,L
0.0628,4.43602265e-10,3.45791932e-09,-1.09797669e-09,-7.76001258e-08,-5.03906283e-07,-6.05003538e-07,689.289297696
