Displacement,FX,FY,FZ,MX,MY,MZ,L
7.5,0.0958476876,-239353.545,1.1905311,-39.6796352,13696781.0,2504.23022,754.899252625
