Displacement,FX,FY,FZ,MX,MY,MZ,L
0.0628,3.20811443e-09,1.41199137e-08,-7.53571963e-09,-3.1806248e-06,-2.23683187e-07,-1.37535398e-07,662.849335846
