Displacement,FX,FY,FZ,MX,MY,MZ,L
0.0628,-3.68256104e-10,1.74484938e-09,7.07539038e-10,4.19419958e-07,-3.52870794e-07,2.54520694e-07,662.849335846
