Displacement,FX,FY,FZ,MX,MY,MZ,L
7.5,-22.8014521,-691754.935,2.35555427,-7856.61485,50516507.1,14268.6618,749.993895848
