Displacement,FX,FY,FZ,MX,MY,MZ,L
7.5,-136.551383,-1431576.17,-44.3048272,-31686.4453,-1443.06358,38451.7633,647.699757876
