Displacement,FX,FY,FZ,MX,MY,MZ,L
0.0628,-3.99837596e-10,5.86102621e-09,3.03942461e-10,1.6922912e-07,-1.59662307e-07,2.40518849e-07,689.289297696
