Displacement,FX,FY,FZ,MX,MY,MZ,L
7.5,11278.7648,0.122462179,265.253039,-44.6238993,-816982.576,47502.3911,689.289297696
