Displacement,FX,FY,FZ,MX,MY,MZ,L
0.0628,1.44665654e-09,6.4443663e-09,8.76856286e-09,-5.14984177e-07,-7.31047684e-07,3.08863496e-06,741.109036776
