Displacement,FX,FY,FZ,MX,MY,MZ,L
7.5,5330.32479,0.0370489308,-135.20944,397.835233,44218.4851,20567.4787,735.145254406
