Displacement,FX,FY,FZ,MX,MY,MZ,L
7.5,-2.0990238,-241342.025,-0.382561765,-876.95387,2995835.23,1745.3757,720.087781795
