Displacement,FX,FY,FZ,MX,MY,MZ,L
7.5,-2.84355598,-394614.202,-4.80388826,-786.484681,6311233.3,4093.25328,728.145235797
