Displacement,FX,FY,FZ,MX,MY,MZ,L
0.0628,-1.68589704e-08,-1.09955432e-07,-6.93810618e-09,-1.84542509e-07,-3.19755598e-06,1.18538726e-06,676.691880227
