Displacement,FX,FY,FZ,MX,MY,MZ,L
7.5,1264.50444,8583157.81,-46.1611692,500822.8,-676220249.0,-824677.188,746.053942533
