Displacement,FX,FY,FZ,MX,MY,MZ,L
7.5,1343.95979,0.000956506155,162.646197,-195.375852,-9982.19587,4956.29195,741.109036776
