Displacement,FX,FY,FZ,MX,MY,MZ,L
0.0628,-9.56711467e-10,-1.29741436e-08,1.44000354e-09,-2.83406674e-07,3.12419045e-07,1.24533669e-07,676.691880227
