Displacement,FX,FY,FZ,MX,MY,MZ,L
7.5,-0.735804239,-232810.7,-5.47599564,-994.183789,2109701.08,692.740102,735.145254406
