Displacement,FX,FY,FZ,MX,MY,MZ,L
0.0628,-1.17300282e-09,-7.39518374e-09,-6.52314294e-10,-3.56359974e-07,3.51710916e-07,8.58407498e-08,752.93969641
