Displacement,FX,FY,FZ,MX,MY,MZ,L
7.5,-8.28817264,534814.814,-5.1317638,-338.943217,-31026980.8,-4178.92133,755.87774796
