Displacement,FX,FY,FZ,MX,MY,MZ,L
0.0628,-7.74230634e-10,-4.35516792e-09,-4.40387974e-10,1.1823433e-07,5.05925073e-07,4.27358895e-07,700.693320677
