Displacement,FX,FY,FZ,MX,MY,MZ,L
0.0628,3.20504122e-09,1.44800243e-08,3.36345681e-09,-1.03349483e-06,-9.42146893e-08,-5.74871588e-07,720.087781795
