Displacement,FX,FY,FZ,MX,MY,MZ,L
7.5,-172.337431,-1575601.67,39.4852054,-60541.9813,135530872.0,86550.791,741.109036776
