Displacement,FX,FY,FZ,MX,MY,MZ,L
7.5,123514.904,1.31990653,172.162005,5171.20783,708330.293,551308.486,735.145254406
