Displacement,FX,FY,FZ,MX,MY,MZ,L
0.0628,-1.07841251e-09,3.57954435e-08,9.69509064e-10,2.73511837e-06,-2.74479408e-07,-1.03346202e-06,720.087781795
