Displacement,FX,FY,FZ,MX,MY,MZ,L
7.5,-88.8659331,-915337.361,-19.2188495,-26657.8074,139080654.0,26009.71,662.849335846
