Displacement,FX,FY,FZ,MX,MY,MZ,L
0.0628,-1.41076706e-09,-2.085875e-08,4.29039279e-10,-4.60193837e-07,2.34533153e-06,2.59591115e-07,752.93969641
