Displacement,FX,FY,FZ,MX,MY,MZ,L
0.0628,5.90757714e-10,1.58123976e-08,6.32062648e-10,1.20500587e-07,-6.30555399e-07,-8.55531451e-07,735.145254406
