Displacement,FX,FY,FZ,MX,MY,MZ,L
0.0628,-1.01783459e-08,-5.11547446e-08,-4.47020264e-09,-4.89502125e-06,7.79023527e-06,2.31867233e-07,676.691880227
