Displacement,FX,FY,FZ,MX,MY,MZ,L
7.5,8.05855703,-1817110.83,-160.041684,9800.00798,35809060.9,72596.6341,735.145254406
