Displacement,FX,FY,FZ,MX,MY,MZ,L
7.5,-0.952531451,-51654.8699,0.652696401,-931.464446,7008030.85,410.035069,662.849335846
