Displacement,FX,FY,FZ,MX,MY,MZ,L
7.5,-6.56498169,-410453.886,5.49004666,-3139.99006,15792644.0,7014.29045,752.93969641
