Displacement,FX,FY,FZ,MX,MY,MZ,L
7.5,466.170545,-9198025.77,1162.88384,135751.881,545343477.0,1571897.4,754.899252625
