Displacement,FX,FY,FZ,MX,MY,MZ,L
7.5,17989.1829,0.681549471,97.5289277,330.507983,-813406.803,70094.1699,741.109036776
