Displacement,FX,FY,FZ,MX,MY,MZ,L
7.5,1228.32352,9593823.7,501.133572,677259.428,-215012502.0,-1036198.51,741.109036776
