Displacement,FX,FY,FZ,MX,MY,MZ,L
7.5,0.115962738,-121432.932,0.78488511,191.007097,7387962.72,702.81995,754.899252625
