Displacement,FX,FY,FZ,MX,MY,MZ,L
7.5,814.614479,0.00216843018,-10.0570275,-3.86165148,-57025.9231,2439.7521,735.145254406
