Displacement,FX,FY,FZ,MX,MY,MZ,L
0.0628,-8.8283083e-10,-5.13803418e-09,-7.16327852e-10,1.51062715e-06,3.18064083e-07,-5.68084993e-07,746.053942533
