Displacement,FX,FY,FZ,MX,MY,MZ,L
0.0628,-1.64945779e-09,1.90621972e-09,1.96176188e-10,-8.31993558e-07,1.54066459e-08,2.50448399e-07,754.899252625
