Displacement,FX,FY,FZ,MX,MY,MZ,L
0.0628,-5.02533698e-09,2.33805933e-10,-6.15608721e-09,5.77727632e-06,1.68775735e-06,6.33749291e-06,746.053942533
