Displacement,FX,FY,FZ,MX,MY,MZ,L
0.0628,-1.64908124e-08,-1.19343536e-07,-1.55184379e-08,-3.19936733e-06,7.48882635e-06,-1.03240302e-09,752.93969641
