Displacement,FX,FY,FZ,MX,MY,MZ,L
7.5,-22.5354279,907125.373,-22.8377717,7159.97059,-17093882.8,49852.0307,735.145254406
