Displacement,FX,FY,FZ,MX,MY,MZ,L
7.5,-8.84014448,-316519.155,6.47820745,-1429.49678,31892180.8,5998.82465,728.145235797
