Displacement,FX,FY,FZ,MX,MY,MZ,L
0.0628,-1.34235231e-10,-3.55553606e-09,-5.41182081e-10,-7.35607062e-08,5.52852334e-07,-1.21144331e-07,676.691880227
