Displacement,FX,FY,FZ,MX,MY,MZ,L
7.5,2331.92933,0.00141787498,141.7342,-720.252458,-66383.4856,7322.35101,728.145235797
