Displacement,FX,FY,FZ,MX,MY,MZ,L
7.5,-17.1687289,-717029.908,-4.12852688,-7748.02782,8851791.17,14517.2974,720.087781795
