Displacement,FX,FY,FZ,MX,MY,MZ,L
7.5,905.575471,5788733.13,-183.953501,230128.382,-776785439.0,-465480.946,689.289297696
