Displacement,FX,FY,FZ,MX,MY,MZ,L
0.0628,2.18580797e-09,2.84515719e-08,-8.56975048e-10,1.83626171e-06,-2.57858989e-06,-1.56851557e-07,735.145254406
