Displacement,FX,FY,FZ,MX,MY,MZ,L
7.5,1742.21087,2.83380334e-05,-273.691629,1527.62639,-130314.093,5801.46204,720.087781795
