Displacement,FX,FY,FZ,MX,MY,MZ,L
0.0628,-7.57564759e-10,3.97289831e-09,-1.42390742e-09,-3.95280694e-07,-4.46624172e-07,-4.58746542e-07,710.947335464
