Displacement,FX,FY,FZ,MX,MY,MZ,L
7.5,-104.52851,-1832909.92,-4.76626636,-47806.6546,89500446.2,80395.2001,755.87774796
