Displacement,FX,FY,FZ,MX,MY,MZ,L
7.5,5573.24815,0.0220463037,237.932556,-516.278533,-556878.797,18782.851,741.109036776
