Displacement,FX,FY,FZ,MX,MY,MZ,L
7.5,0.255418385,68826.4263,0.133388222,65.6138179,-257627.335,-130.864018,676.691880227
