Displacement,FX,FY,FZ,MX,MY,MZ,L
7.5,195298.74,-0.0262117181,-112.959552,15033.938,992181.959,1073157.08,647.699757876
