Displacement,FX,FY,FZ,MX,MY,MZ,L
0.0628,-6.97126095e-10,-7.05150707e-09,2.65100731e-10,1.01263236e-07,4.2545822e-07,-2.45458351e-07,755.87774796
