Displacement,FX,FY,FZ,MX,MY,MZ,L
0.0628,3.55955877e-10,1.83857097e-09,-2.51539272e-10,4.01950525e-07,-2.3089834e-07,-5.47276499e-07,746.053942533
