Displacement,FX,FY,FZ,MX,MY,MZ,L
7.5,2695.79578,0.000843057906,80.3791483,305.016384,-349736.2,10485.2117,662.849335846
