Displacement,FX,FY,FZ,MX,MY,MZ,L
0.0628,4.54031369e-10,5.05810898e-09,2.90716623e-09,7.11650273e-07,-2.75604291e-07,8.39428125e-07,746.053942533
