Displacement,FX,FY,FZ,MX,MY,MZ,L
7.5,-0.19406557,-96228.5127,-0.445964599,30.5842408,-1794094.5,426.152437,735.145254406
