Displacement,FX,FY,FZ,MX,MY,MZ,L
7.5,-0.178197978,125375.352,0.0193952574,-194.954341,-11861765.5,85.0772588,735.145254406
