Displacement,FX,FY,FZ,MX,MY,MZ,L
0.0628,-1.31085392e-09,-1.86240582e-08,-4.14608659e-09,-1.00887583e-06,6.90607641e-07,-3.20410183e-06,741.109036776
