Displacement,FX,FY,FZ,MX,MY,MZ,L
7.5,16.0710101,507539.757,2.77070088,3902.00144,-38674859.8,-7100.69184,749.993895848
