Displacement,FX,FY,FZ,MX,MY,MZ,L
7.5,574.611064,0.000798239424,84.9618943,508.171951,-78504.5389,1792.33307,720.087781795
