Displacement,FX,FY,FZ,MX,MY,MZ,L
7.5,-0.323104909,-139431.485,0.167720536,-224.516649,9005814.24,398.97685,746.053942533
