Displacement,FX,FY,FZ,MX,MY,MZ,L
7.5,943.535578,8930704.11,2773.12716,109017.058,-69182613.3,-896013.334,710.947335464
