Displacement,FX,FY,FZ,MX,MY,MZ,L
7.5,650.672863,78607.8785,-76.9549701,901185.669,-8162959.78,-342015.653,728.145235797
