Displacement,FX,FY,FZ,MX,MY,MZ,L
7.5,24387.5247,0.183911351,-62.6102605,-623.741733,-634789.866,94343.6474,689.289297696
