Displacement,FX,FY,FZ,MX,MY,MZ,L
0.0628,-4.85978676e-10,-7.00220628e-09,-5.50758084e-10,3.06223251e-07,3.45528822e-07,8.20682372e-08,647.699757876
