Displacement,FX,FY,FZ,MX,MY,MZ,L
7.5,-69.1323354,-1556237.82,-37.3174651,-37368.339,3194059.2,65545.0072,676.691880227
