Displacement,FX,FY,FZ,MX,MY,MZ,L
7.5,-0.0859188457,-157070.923,-0.156916898,-247.487829,2428575.86,418.459427,749.993895848
