Displacement,FX,FY,FZ,MX,MY,MZ,L
0.0628,6.76274344e-10,1.38473317e-09,4.19001772e-10,5.01863526e-07,-1.1239321e-07,-7.81637241e-08,746.053942533
