Displacement,FX,FY,FZ,MX,MY,MZ,L
0.0628,1.51853311e-09,1.65393361e-08,1.58853206e-09,-7.70430238e-08,-7.65321356e-08,1.89691791e-08,720.087781795
