Displacement,FX,FY,FZ,MX,MY,MZ,L
7.5,-0.528341614,-101584.034,0.287122302,-236.488828,9864823.02,390.510249,710.947335464
