Displacement,FX,FY,FZ,MX,MY,MZ,L
0.0628,-1.53249676e-10,7.83183438e-09,7.12188611e-10,5.89613794e-07,6.67015729e-08,9.43609501e-08,728.145235797
