Displacement,FX,FY,FZ,MX,MY,MZ,L
7.5,692.294682,9324577.41,1577.02291,308792.07,-133654726.0,-971396.891,728.145235797
