Displacement,FX,FY,FZ,MX,MY,MZ,L
7.5,-0.288829211,-250828.796,0.443448319,212.150995,10341431.5,2003.01369,754.899252625
