Displacement,FX,FY,FZ,MX,MY,MZ,L
0.0628,-6.89936396e-09,-5.52703188e-08,-1.62773349e-08,-1.27867069e-05,1.61923199e-05,1.69904897e-05,662.849335846
