Displacement,FX,FY,FZ,MX,MY,MZ,L
7.5,-2.50555682,-195306.295,0.241689968,-1746.74088,16680093.7,945.327638,735.145254406
