Displacement,FX,FY,FZ,MX,MY,MZ,L
7.5,-0.607141117,-92127.4592,0.228027724,-98.4933452,12936356.2,341.635698,676.691880227
