Displacement,FX,FY,FZ,MX,MY,MZ,L
0.0628,-3.79160973e-09,3.33364317e-07,3.59936335e-08,1.49821234e-05,-2.35114043e-05,3.56155111e-07,746.053942533
