Displacement,FX,FY,FZ,MX,MY,MZ,L
0.0628,1.0519197e-09,2.75322285e-09,2.12207121e-10,-3.11336942e-09,-2.11986588e-07,2.21251926e-07,710.947335464
