Displacement,FX,FY,FZ,MX,MY,MZ,L
7.5,15862.0158,0.629200569,-264.010956,2217.80828,-963741.06,61351.0625,728.145235797
