Displacement,FX,FY,FZ,MX,MY,MZ,L
7.5,-18.4062626,-752268.057,-4.21434666,-8689.22343,18122247.0,15622.3401,741.109036776
