Displacement,FX,FY,FZ,MX,MY,MZ,L
0.0628,7.31806746e-10,6.27989016e-09,-2.5352213e-09,5.05913906e-08,-6.61008555e-07,-1.19252766e-06,710.947335464
