Displacement,FX,FY,FZ,MX,MY,MZ,L
0.0628,-7.74114713e-09,-1.517666e-08,-5.89374116e-10,-2.59265051e-07,-5.13243899e-07,-4.53755501e-08,749.993895848
