Displacement,FX,FY,FZ,MX,MY,MZ,L
0.0628,-3.38506574e-08,5.9574869e-07,-2.86414974e-09,2.40170015e-05,-1.91684572e-05,-9.54003423e-06,735.145254406
