Displacement,FX,FY,FZ,MX,MY,MZ,L
7.5,-21.2790024,-760684.151,17.3311934,-10958.8456,29196553.4,22868.9833,752.93969641
