Displacement,FX,FY,FZ,MX,MY,MZ,L
7.5,6725.03822,0.0121534584,-14.3118322,-49.2762488,-273110.952,23824.1502,752.93969641
