Displacement,FX,FY,FZ,MX,MY,MZ,L
0.0628,7.36744025e-10,6.18505774e-09,-1.21256931e-09,-2.55773165e-07,-6.60150286e-07,-8.06991628e-07,720.087781795
