Displacement,FX,FY,FZ,MX,MY,MZ,L
0.0628,1.01902364e-09,-6.23565367e-09,3.27547488e-10,3.08668874e-07,-1.4551117e-07,-5.64784945e-07,754.899252625
