Displacement,FX,FY,FZ,MX,MY,MZ,L
7.5,-0.343784847,-145073.668,0.130577817,-256.500928,8494958.52,408.617423,749.993895848
