Displacement,FX,FY,FZ,MX,MY,MZ,L
7.5,298376.986,-0.0250433963,-374.818096,45354.5781,2174699.98,1478971.76,710.947335464
