Displacement,FX,FY,FZ,MX,MY,MZ,L
7.5,22665.404,0.0440174438,170.995273,-1201.95085,-79087.9193,87393.218,662.849335846
