Displacement,FX,FY,FZ,MX,MY,MZ,L
7.5,-2.86116656,-231545.234,1.01053706,-734.783951,30017306.7,1700.19311,689.289297696
