Displacement,FX,FY,FZ,MX,MY,MZ,L
7.5,25726.0166,0.112357951,-582.449659,3326.61516,-927954.147,96695.0821,749.993895848
