Displacement,FX,FY,FZ,MX,MY,MZ,L
7.5,23.4476164,-1809584.17,102.626405,12578.1556,98611078.0,127039.162,755.87774796
