Displacement,FX,FY,FZ,MX,MY,MZ,L
0.0628,3.5374254e-10,-6.11767009e-09,-1.90679497e-10,1.77745519e-07,4.89680124e-08,-1.42623121e-07,755.87774796
