Displacement,FX,FY,FZ,MX,MY,MZ,L
7.5,-19.0392378,-760986.787,0.0150595741,-8638.56787,25394389.2,16166.7983,749.993895848
