Displacement,FX,FY,FZ,MX,MY,MZ,L
0.0628,1.08101489e-08,-1.26374861e-08,1.37004238e-08,9.20570276e-06,4.17144968e-06,7.04922176e-06,746.053942533
