Displacement,FX,FY,FZ,MX,MY,MZ,L
7.5,-1.50054993,-161229.318,0.4807693,-316.743734,24947745.3,811.161154,647.699757876
