Displacement,FX,FY,FZ,MX,MY,MZ,L
7.5,7696.58367,0.199997091,152.300756,-595.136626,-231834.977,26993.1817,700.693320677
