Displacement,FX,FY,FZ,MX,MY,MZ,L
7.5,117397.277,0.48580816,170.53726,7361.30009,730511.491,518856.717,746.053942533
