Displacement,FX,FY,FZ,MX,MY,MZ,L
7.5,-0.718536004,-145984.04,-0.302004098,-330.309477,307903.042,679.702217,676.691880227
