Displacement,FX,FY,FZ,MX,MY,MZ,L
0.0628,-2.73240741e-08,4.98120208e-07,3.4375971e-09,-1.3800432e-05,1.44316927e-05,9.58541093e-06,728.145235797
