Displacement,FX,FY,FZ,MX,MY,MZ,L
7.5,-1745.13199,-7474929.06,1137.93314,-439466.663,739243122.0,1222784.1,728.145235797
