Displacement,FX,FY,FZ,MX,MY,MZ,L
7.5,-0.503275198,421017.838,-0.707265681,-522.606059,-1453875.82,374.383131,676.691880227
