Displacement,FX,FY,FZ,MX,MY,MZ,L
0.0628,-6.4445732e-11,3.39711604e-09,-5.90279876e-10,-6.64793411e-08,-2.87737426e-07,-5.71281123e-07,728.145235797
