Displacement,FX,FY,FZ,MX,MY,MZ,L
0.0628,8.73219263e-09,8.76976585e-08,-1.06179638e-08,-1.42987525e-05,1.80269239e-06,-4.5639457e-06,728.145235797
