Displacement,FX,FY,FZ,MX,MY,MZ,L
0.0628,7.84718671e-10,-1.26064484e-08,7.01311961e-10,7.77475437e-08,-2.44269499e-08,5.32335411e-07,755.87774796
