Displacement,FX,FY,FZ,MX,MY,MZ,L
7.5,0.241922973,457076.347,0.378751895,-210.642783,-663698.738,1938.67503,746.053942533
