Displacement,FX,FY,FZ,MX,MY,MZ,L
7.5,658085.308,21.6983517,-1278.50906,13899.9044,2340003.38,3030086.76,689.289297696
