Displacement,FX,FY,FZ,MX,MY,MZ,L
0.0628,4.09855996e-09,3.92693782e-08,-7.77600824e-10,1.14253971e-07,-1.10747026e-06,-5.18449184e-07,735.145254406
