Displacement,FX,FY,FZ,MX,MY,MZ,L
7.5,-1197.36704,-7074581.38,122.088866,-370610.282,752908625.0,694568.08,720.087781795
