Displacement,FX,FY,FZ,MX,MY,MZ,L
0.0628,2.09906654e-09,-2.61380033e-08,1.75610535e-10,6.19293212e-06,-8.18880742e-08,1.96396004e-06,749.993895848
