Displacement,FX,FY,FZ,MX,MY,MZ,L
7.5,2717.55057,0.00437423311,-75.5834025,221.505536,-114337.183,8848.15614,755.87774796
