Displacement,FX,FY,FZ,MX,MY,MZ,L
7.5,-53.2544938,9481339.62,2343.36686,-33339.8905,-172600096.0,-1004935.42,735.145254406
