Displacement,FX,FY,FZ,MX,MY,MZ,L
7.5,64084.8765,0.182237011,81.0465267,5243.31449,270819.524,306281.349,728.145235797
