Displacement,FX,FY,FZ,MX,MY,MZ,L
0.0628,6.57322939e-08,-6.27557058e-08,1.51609265e-08,3.43509447e-05,8.69332776e-07,-1.05112288e-05,741.109036776
