Displacement,FX,FY,FZ,MX,MY,MZ,L
0.0628,-6.34359532e-10,-2.03481057e-07,-2.84946402e-08,-8.71590143e-06,2.68978244e-05,-7.72510073e-06,662.849335846
