Displacement,FX,FY,FZ,MX,MY,MZ,L
0.0628,7.06278978e-10,6.00653727e-09,5.77637943e-10,3.36510667e-07,-6.64734579e-07,-4.09778634e-08,720.087781795
