Displacement,FX,FY,FZ,MX,MY,MZ,L
7.5,-21.9406625,-711112.707,3.11944288,-7859.00984,47446858.8,15006.4022,752.93969641
