Displacement,FX,FY,FZ,MX,MY,MZ,L
7.5,0.0723549707,63110.5163,-0.0176604299,-13.6432448,-4903783.89,-23.2579103,741.109036776
