Displacement,FX,FY,FZ,MX,MY,MZ,L
0.0628,5.93576686e-10,7.48554312e-09,-4.54746542e-13,7.96398149e-07,-7.05181676e-07,-1.39435124e-07,735.145254406
