Displacement,FX,FY,FZ,MX,MY,MZ,L
7.5,-16.2097585,-511615.329,7.99162713,-4937.44719,58332309.1,10288.4007,710.947335464
