Displacement,FX,FY,FZ,MX,MY,MZ,L
7.5,773.512214,0.0164958702,-27.327095,58.6965799,-31039.3797,2338.51153,728.145235797
