Displacement,FX,FY,FZ,MX,MY,MZ,L
0.0628,2.2482565e-09,-9.53335884e-08,-8.7040912e-09,-4.58993531e-06,2.30561322e-06,-2.35546547e-06,752.93969641
