Displacement,FX,FY,FZ,MX,MY,MZ,L
0.0628,-1.14055357e-09,-6.14572216e-10,1.10095763e-10,1.62123895e-07,-1.86733678e-08,1.6770591e-07,749.993895848
