Displacement,FX,FY,FZ,MX,MY,MZ,L
7.5,616424.868,19.049153,-2314.31982,54720.7408,4633454.61,2729234.44,735.145254406
