Displacement,FX,FY,FZ,MX,MY,MZ,L
7.5,2769.85088,0.0359357048,-152.25754,630.686999,-117363.853,9028.50965,754.899252625
