Displacement,FX,FY,FZ,MX,MY,MZ,L
0.0628,1.86462464e-09,9.34097823e-09,-1.0595555e-10,2.2102441e-06,-1.66437079e-07,3.48538257e-06,749.993895848
