Displacement,FX,FY,FZ,MX,MY,MZ,L
7.5,-3313.1574,-7844081.0,706.083554,-1163489.58,719042748.0,1290669.96,735.145254406
