Displacement,FX,FY,FZ,MX,MY,MZ,L
7.5,-60.2729572,-1007847.86,10.1705646,-12789.9682,143249555.0,29979.9724,676.691880227
