Displacement,FX,FY,FZ,MX,MY,MZ,L
0.0628,-1.57262802e-08,-4.07635464e-09,1.16635732e-09,6.32432251e-06,-2.12701398e-06,-8.44390696e-06,700.693320677
