Displacement,FX,FY,FZ,MX,MY,MZ,L
0.0628,-1.48289804e-09,5.77257828e-09,1.68325574e-09,-1.4271132e-07,1.88827897e-06,1.94209652e-06,662.849335846
