Displacement,FX,FY,FZ,MX,MY,MZ,L
7.5,1277.53337,9584135.07,148.483666,625115.691,-456446739.0,-987233.977,755.87774796
