Displacement,FX,FY,FZ,MX,MY,MZ,L
7.5,127000.753,0.000225508378,1.40417862,-37.7010342,7054.66538,598447.151,647.699757876
