Displacement,FX,FY,FZ,MX,MY,MZ,L
7.5,7867.88761,0.00194934555,99.5064572,-235.867382,-329301.62,27752.614,728.145235797
