Displacement,FX,FY,FZ,MX,MY,MZ,L
7.5,125983.074,2.38803773,158.799978,4046.95267,670169.12,566273.589,728.145235797
