Displacement,FX,FY,FZ,MX,MY,MZ,L
0.0628,1.99550809e-10,6.08148462e-09,1.32032888e-09,5.98510117e-07,-3.44441343e-07,-2.48278494e-07,749.993895848
