Displacement,FX,FY,FZ,MX,MY,MZ,L
7.5,73560.7571,0.237082722,80.5002167,7055.57829,358567.91,341744.216,741.109036776
