Displacement,FX,FY,FZ,MX,MY,MZ,L
0.0628,-1.29673271e-10,-1.85410889e-10,-3.25200142e-10,-1.40925175e-07,-9.93858144e-08,-1.47623805e-07,741.109036776
