Displacement,FX,FY,FZ,MX,MY,MZ,L
0.0628,-1.67001835e-09,2.75602236e-08,-2.86730282e-09,3.65936696e-06,-4.32704155e-06,-5.3096968e-06,720.087781795
