Displacement,FX,FY,FZ,MX,MY,MZ,L
0.0628,8.6788465e-10,-1.73619379e-09,2.17064839e-09,1.69915549e-06,-4.10734798e-07,1.265563e-07,647.699757876
