Displacement,FX,FY,FZ,MX,MY,MZ,L
7.5,-0.277743964,-122036.686,-0.44679689,-71.0534701,1956981.69,400.457294,728.145235797
