Displacement,FX,FY,FZ,MX,MY,MZ,L
7.5,-6.7577589,-361243.255,1.150362,-2053.30553,28784438.1,4247.68342,746.053942533
