Displacement,FX,FY,FZ,MX,MY,MZ,L
7.5,1492.3967,4.01465452e-05,102.76419,-247.218852,-134034.316,4688.45107,746.053942533
