Displacement,FX,FY,FZ,MX,MY,MZ,L
7.5,1.3180519,-392476.817,7.25608323,1668.59995,23839241.2,6963.29942,754.899252625
