Displacement,FX,FY,FZ,MX,MY,MZ,L
7.5,7962.9379,0.0190449261,320.528493,-1213.07298,-574348.281,27616.9518,746.053942533
