Displacement,FX,FY,FZ,MX,MY,MZ,L
7.5,1112.43809,4823279.81,236.536783,360442.148,-742641585.0,-310759.951,662.849335846
