Displacement,FX,FY,FZ,MX,MY,MZ,L
0.0628,-4.35617419e-10,4.85566139e-10,4.97585209e-10,1.00796796e-07,-2.64759743e-07,4.11365912e-08,741.109036776
