Displacement,FX,FY,FZ,MX,MY,MZ,L
7.5,2509.43183,0.00537990069,-0.130416442,0.313473023,-6.74381513,7556.86356,647.699757876
