Displacement,FX,FY,FZ,MX,MY,MZ,L
7.5,-1239.76942,-4815541.28,-265.448015,-386915.84,722906366.0,360587.122,662.849335846
