Displacement,FX,FY,FZ,MX,MY,MZ,L
7.5,-0.526672634,-119604.589,-0.0855516151,-214.674034,1487483.21,435.584913,720.087781795
