Displacement,FX,FY,FZ,MX,MY,MZ,L
0.0628,1.23250521e-09,3.77402691e-08,1.59213341e-09,-1.95269098e-06,-3.9330722e-06,-3.01288388e-06,720.087781795
