Displacement,FX,FY,FZ,MX,MY,MZ,L
7.5,1694.4685,0.0119098537,-258.95516,1740.31564,-72172.1339,6456.86768,689.289297696
