Displacement,FX,FY,FZ,MX,MY,MZ,L
7.5,7680.50457,0.0195533451,246.177018,-907.323912,-242683.229,26807.3074,689.289297696
