Displacement,FX,FY,FZ,MX,MY,MZ,L
7.5,25701.825,0.150401371,490.03044,-1958.80554,-809560.764,101891.346,710.947335464
