Displacement,FX,FY,FZ,MX,MY,MZ,L
7.5,-5.77768167,-298610.174,1.39129144,-1363.96256,32317213.9,3259.22534,720.087781795
