Displacement,FX,FY,FZ,MX,MY,MZ,L
7.5,14.7336051,539209.722,5.70596762,4264.25309,-28249948.5,-7142.63883,755.87774796
