Displacement,FX,FY,FZ,MX,MY,MZ,L
7.5,-1377.20307,-9605903.99,1086.90475,-855743.3,358787873.0,1546706.44,752.93969641
