Displacement,FX,FY,FZ,MX,MY,MZ,L
7.5,1318.86337,7803208.29,1698.11141,351639.503,-2812293.5,-775204.893,662.849335846
