Displacement,FX,FY,FZ,MX,MY,MZ,L
7.5,68802.2224,0.22340719,78.2077878,6165.97984,314187.944,324004.506,735.145254406
