Displacement,FX,FY,FZ,MX,MY,MZ,L
7.5,-75.0491592,-1099348.39,15.7340254,-16967.3361,146101987.0,38001.1343,689.289297696
