Displacement,FX,FY,FZ,MX,MY,MZ,L
7.5,0.0507619702,-244483.799,0.920365627,-278.001875,12667298.4,2569.88691,755.87774796
