Displacement,FX,FY,FZ,MX,MY,MZ,L
0.0628,3.89835907e-10,1.93065041e-09,-4.56431031e-10,1.78710726e-07,-8.19804711e-09,-8.84192235e-08,746.053942533
