Displacement,FX,FY,FZ,MX,MY,MZ,L
0.0628,1.13912595e-09,5.26856432e-09,-3.04144056e-10,1.47343428e-06,1.80125705e-07,-1.54043362e-06,755.87774796
