Displacement,FX,FY,FZ,MX,MY,MZ,L
7.5,-0.366049402,-110084.144,0.194476614,-161.552479,9918657.04,308.044983,720.087781795
