Displacement,FX,FY,FZ,MX,MY,MZ,L
7.5,-0.463036672,88587.0432,-0.529827726,-155.675559,-7223628.99,294.585462,741.109036776
