Displacement,FX,FY,FZ,MX,MY,MZ,L
7.5,-94.0659419,-1852343.0,-25.1289961,-48719.3763,52626120.9,80834.2262,746.053942533
