Displacement,FX,FY,FZ,MX,MY,MZ,L
7.5,6995.64455,0.0238219443,150.562309,-708.856215,-219411.94,23929.5663,676.691880227
