Displacement,FX,FY,FZ,MX,MY,MZ,L
7.5,11703.2892,0.0435394207,-0.0436916947,-0.0189905427,93.3641362,37660.5474,647.699757876
