Displacement,FX,FY,FZ,MX,MY,MZ,L
0.0628,-7.57035853e-11,3.09853024e-09,2.17745563e-10,1.35442427e-07,-7.11415003e-08,1.42265714e-07,728.145235797
