Displacement,FX,FY,FZ,MX,MY,MZ,L
7.5,-0.333734425,-116745.033,-0.949025765,25.6071607,1074383.28,333.311981,710.947335464
