Displacement,FX,FY,FZ,MX,MY,MZ,L
7.5,5103.81148,0.00982053379,-40.1383122,638.032788,-510955.747,17017.7631,735.145254406
