Displacement,FX,FY,FZ,MX,MY,MZ,L
7.5,3505.64183,0.0308440586,331.275376,-755.493178,-390592.273,13501.13,689.289297696
