Displacement,FX,FY,FZ,MX,MY,MZ,L
0.0628,1.40504941e-10,7.72359203e-09,5.2365709e-12,1.04537037e-07,4.69729689e-08,-4.37468205e-07,735.145254406
