Displacement,FX,FY,FZ,MX,MY,MZ,L
7.5,-0.140345896,-49623.7545,0.0544570028,-30.5341824,7641569.34,78.7920673,647.699757876
