Displacement,FX,FY,FZ,MX,MY,MZ,L
7.5,-1.252154,92344.738,-0.641970228,46.450114,-12130221.8,586.871832,689.289297696
