Displacement,FX,FY,FZ,MX,MY,MZ,L
7.5,-1.59074587,-183452.17,1.17400732,-743.800652,16787485.0,1439.24552,728.145235797
