Displacement,FX,FY,FZ,MX,MY,MZ,L
7.5,-116.190902,-9561934.49,-504.33807,-154921.234,406472673.0,1150379.2,754.899252625
