Displacement,FX,FY,FZ,MX,MY,MZ,L
7.5,-0.0136695229,58348.1266,0.00628057192,21.0552218,-75657.8345,13.586532,720.087781795
