Displacement,FX,FY,FZ,MX,MY,MZ,L
7.5,0.0667992298,117725.059,0.0703384786,110.844096,1006668.66,181.400434,710.947335464
