Displacement,FX,FY,FZ,MX,MY,MZ,L
7.5,4225.00559,0.136529395,141.191945,842.891148,-339148.062,15744.1616,700.693320677
