Displacement,FX,FY,FZ,MX,MY,MZ,L
7.5,0.085928062,276317.027,-0.190688283,-295.83077,-24456224.1,176.942547,746.053942533
