Displacement,FX,FY,FZ,MX,MY,MZ,L
7.5,15.5260678,525939.825,6.90300712,4418.21411,-14462688.1,-8035.7525,741.109036776
