Displacement,FX,FY,FZ,MX,MY,MZ,L
0.0628,2.82269359e-09,2.98893744e-08,-2.0401563e-09,5.34311479e-07,-3.01467237e-06,-1.12179774e-06,710.947335464
