Displacement,FX,FY,FZ,MX,MY,MZ,L
7.5,-0.0424061819,94175.7796,0.102278391,21.3970418,-4549874.75,65.4443587,755.87774796
