Displacement,FX,FY,FZ,MX,MY,MZ,L
0.0628,-5.74667931e-10,-6.9611983e-09,-1.19773937e-09,-7.66633084e-07,3.5869159e-07,3.11817775e-07,755.87774796
