Displacement,FX,FY,FZ,MX,MY,MZ,L
0.0628,1.72802576e-10,2.72129544e-09,7.09237518e-10,-6.84238695e-08,-2.62010976e-07,-6.24782536e-08,662.849335846
