Displacement,FX,FY,FZ,MX,MY,MZ,L
0.0628,-7.93022863e-09,9.23075795e-08,1.66283505e-09,-2.48056173e-06,-1.01189821e-05,-1.71046163e-06,735.145254406
