Displacement,FX,FY,FZ,MX,MY,MZ,L
7.5,2031.82923,0.000632150861,143.992965,-135.08451,-262916.247,6367.53884,735.145254406
