Displacement,FX,FY,FZ,MX,MY,MZ,L
7.5,646258.286,20.576119,-1896.27285,29142.6614,3509682.03,2922328.0,710.947335464
