Displacement,FX,FY,FZ,MX,MY,MZ,L
7.5,-0.793216008,-141438.461,-0.923030098,-154.673601,-21865.3536,507.928439,689.289297696
