Displacement,FX,FY,FZ,MX,MY,MZ,L
0.0628,-8.26322214e-10,8.31798801e-09,-4.73255851e-10,3.46037284e-07,-2.44468827e-07,5.02587769e-08,754.899252625
