Displacement,FX,FY,FZ,MX,MY,MZ,L
0.0628,-1.257463e-10,5.74811393e-09,-3.43114357e-11,-7.79780453e-08,-4.30625811e-07,2.88482386e-07,749.993895848
