Displacement,FX,FY,FZ,MX,MY,MZ,L
0.0628,-1.02952813e-09,4.78875122e-08,1.55322201e-09,1.20614133e-06,-1.32488005e-06,6.20404882e-07,689.289297696
