Displacement,FX,FY,FZ,MX,MY,MZ,L
7.5,-1.05884002,-349343.201,0.623088567,-1344.08133,21726450.3,1965.73898,749.993895848
