Displacement,FX,FY,FZ,MX,MY,MZ,L
7.5,0.166365253,113584.108,0.0782600749,38.7768937,-225500.988,-63.2501421,676.691880227
