Displacement,FX,FY,FZ,MX,MY,MZ,L
7.5,0.490975459,211300.946,0.0982935807,99.2266658,-287077.579,-131.196895,647.699757876
