Displacement,FX,FY,FZ,MX,MY,MZ,L
7.5,0.296414403,100483.605,0.0963380845,-76.5839635,-12227756.7,-104.949865,700.693320677
