Displacement,FX,FY,FZ,MX,MY,MZ,L
7.5,8766.10051,0.0193021796,28.0269164,926.148449,-681764.883,38244.4855,662.849335846
