Displacement,FX,FY,FZ,MX,MY,MZ,L
0.0628,-2.00981832e-10,1.28788167e-09,8.76947696e-10,-1.47989006e-07,-5.09384221e-07,6.12636398e-07,741.109036776
