Displacement,FX,FY,FZ,MX,MY,MZ,L
7.5,25490.1124,0.220534448,-169.645739,2783.41463,-1024971.12,94785.3488,754.899252625
