Displacement,FX,FY,FZ,MX,MY,MZ,L
0.0628,-2.29796303e-10,4.84485528e-08,-1.8872324e-09,2.85544043e-07,-3.48109091e-06,-2.01883383e-06,720.087781795
