Displacement,FX,FY,FZ,MX,MY,MZ,L
0.0628,5.59524152e-11,-7.84825109e-10,1.08124633e-10,1.13164804e-07,1.13207071e-07,-2.21951087e-08,662.849335846
