Displacement,FX,FY,FZ,MX,MY,MZ,L
7.5,78365.7343,0.23763723,98.5729175,7829.5796,403961.378,359612.143,746.053942533
