Displacement,FX,FY,FZ,MX,MY,MZ,L
7.5,128042.721,-0.000297516493,183.805813,2710.73999,595375.779,579213.632,720.087781795
