Displacement,FX,FY,FZ,MX,MY,MZ,L
0.0628,-4.58719455e-12,1.01091831e-10,-6.01812379e-11,1.75526828e-07,3.72075284e-08,1.34507383e-07,700.693320677
