Displacement,FX,FY,FZ,MX,MY,MZ,L
7.5,-51.2938931,-617075.76,8.63967689,-17198.3909,57601683.2,19881.5057,735.145254406
