Displacement,FX,FY,FZ,MX,MY,MZ,L
7.5,1525.41308,0.0380665173,-36.1555005,76.5646633,-3839.57756,5312.74808,741.109036776
