Displacement,FX,FY,FZ,MX,MY,MZ,L
7.5,2076.52001,0.021608084,291.039349,-860.075446,7513.73705,6341.22103,676.691880227
