Displacement,FX,FY,FZ,MX,MY,MZ,L
7.5,-4.48643448,-329220.616,-5.04983857,-956.494683,249914.017,3090.52673,662.849335846
