Displacement,FX,FY,FZ,MX,MY,MZ,L
7.5,-0.97087344,-125908.357,0.0774145072,-764.259453,9688669.56,367.148725,735.145254406
