Displacement,FX,FY,FZ,MX,MY,MZ,L
7.5,-0.433402614,172647.652,0.363824996,-75.7912817,-19620621.9,291.098093,710.947335464
