Displacement,FX,FY,FZ,MX,MY,MZ,L
7.5,387.903593,0.0892433575,-19.8779429,1064.88862,-6799.6642,1552.36314,710.947335464
