Displacement,FX,FY,FZ,MX,MY,MZ,L
7.5,2259.19725,0.0239150272,262.346803,-640.715034,-300498.571,7080.33213,741.109036776
