Displacement,FX,FY,FZ,MX,MY,MZ,L
0.0628,-2.05582737e-10,-5.22492756e-10,-1.56691705e-09,6.05300987e-08,-2.15650243e-07,-3.87140329e-07,741.109036776
