Displacement,FX,FY,FZ,MX,MY,MZ,L
7.5,-0.652825816,-125264.556,0.0546784285,-238.345388,6169648.11,486.657991,755.87774796
