Displacement,FX,FY,FZ,MX,MY,MZ,L
7.5,0.0534073343,-156755.016,0.367503443,-116.022805,6381784.21,1101.85049,755.87774796
