Displacement,FX,FY,FZ,MX,MY,MZ,L
7.5,97337.5472,0.19715008,144.176938,9739.34938,594450.852,431840.648,755.87774796
