Displacement,FX,FY,FZ,MX,MY,MZ,L
7.5,-0.661704314,-160822.134,-1.77565851,33.9762847,1476417.33,651.772122,710.947335464
