Displacement,FX,FY,FZ,MX,MY,MZ,L
0.0628,-5.19077223e-10,-2.59492576e-09,-4.66936384e-11,3.42952919e-07,6.62739379e-07,-4.89562128e-08,752.93969641
