Displacement,FX,FY,FZ,MX,MY,MZ,L
7.5,1.43845357,205563.046,-0.504753238,212.270678,-24135670.3,-632.125789,720.087781795
