Displacement,FX,FY,FZ,MX,MY,MZ,L
0.0628,-1.0520019e-09,-9.98023796e-09,-7.14931875e-10,3.93178501e-07,4.80076654e-07,-2.82306369e-07,752.93969641
