Displacement,FX,FY,FZ,MX,MY,MZ,L
7.5,1347.51765,0.00110148871,47.1595156,-109.143999,-98198.2061,4197.56211,755.87774796
