Displacement,FX,FY,FZ,MX,MY,MZ,L
0.0628,4.4659525e-10,3.85554608e-09,-7.08678497e-10,5.4092462e-07,-2.19130835e-07,-4.77371095e-07,720.087781795
