Displacement,FX,FY,FZ,MX,MY,MZ,L
0.0628,-4.70048268e-10,-5.07873972e-10,-1.77533006e-10,-3.85538264e-07,1.04228789e-07,-1.12290598e-07,662.849335846
