Displacement,FX,FY,FZ,MX,MY,MZ,L
7.5,-84.1493627,-1495664.45,-101.668987,-20008.4257,1102951.52,55200.09,662.849335846
