Displacement,FX,FY,FZ,MX,MY,MZ,L
0.0628,-2.1642343e-10,1.92747044e-08,-2.25079224e-08,-3.12276183e-05,3.24277864e-06,-8.70952341e-07,689.289297696
