Displacement,FX,FY,FZ,MX,MY,MZ,L
7.5,87972.2793,0.213460926,114.673193,9157.19875,499209.504,395626.352,752.93969641
