Displacement,FX,FY,FZ,MX,MY,MZ,L
7.5,2372.35364,0.0206839512,-75.8011322,1276.37082,-306162.57,9157.85458,647.699757876
