Displacement,FX,FY,FZ,MX,MY,MZ,L
7.5,-0.498022824,-408567.473,-0.304813357,56.295193,17863202.8,4779.97552,754.899252625
