Displacement,FX,FY,FZ,MX,MY,MZ,L
15.0,7.86036253e-07,0.00144577026,0.00130666816,0.468106448,-4.08056627e-05,-0.000108980215,1169.0997999219999
