Displacement,FX,FY,FZ,MX,MY,MZ,L
0.0628,-0.008834037,-0.0480274055,-0.000250458717,1.35067965,29.6912172,-5.66642565,1220.207119082
