Displacement,FX,FY,FZ,MX,MY,MZ,L
13.14512958828,3.60472093,0.000287189207,-0.0296718515,-33.3954291,3255.40276,-4060.39154,1314.512958828
