Displacement,FX,FY,FZ,MX,MY,MZ,L
15.0,-6.40749931e-06,0.175824642,0.0274964068,13.6113337,0.000180398035,0.00995504074,1243.685010427
