Displacement,FX,FY,FZ,MX,MY,MZ,L
15.0,8.38041306e-05,0.135238647,0.332681477,120.373753,0.000593295185,-0.0830167953,1082.509144629
