Displacement,FX,FY,FZ,MX,MY,MZ,L
15.0,5.09317033e-07,0.00201904774,0.00100173673,0.359275565,-1.09586931e-05,-0.000394312569,1195.335915728
