Displacement,FX,FY,FZ,MX,MY,MZ,L
15.0,-0.00012254715,0.157997131,0.335959852,125.155989,0.000177380483,0.105547611,1112.654187734
