Displacement,FX,FY,FZ,MX,MY,MZ,L
15.0,-2.50525773e-07,-0.000938475132,0.002747711,1.23234115,-4.35891156e-06,0.000186693131,1323.1517784760001
