Displacement,FX,FY,FZ,MX,MY,MZ,L
0.0628,-0.116094708,-1.27869439,0.00824737549,39.4464067,1002.64897,-219.094275,1169.0997999219999
