Displacement,FX,FY,FZ,MX,MY,MZ,L
15.0,-3.84844337e-16,0.151855469,3.98818731,1727.60688,-0.00137680203,0.0788549895,1286.355244347
