Displacement,FX,FY,FZ,MX,MY,MZ,L
15.0,-2.47955322e-05,0.0475463867,1.50338626,654.217626,-0.00241553141,0.0349699683,1286.355244347
