Displacement,FX,FY,FZ,MX,MY,MZ,L
10.349850747200001,0.0271495113,-1.06617358e-08,-0.000186771736,-0.189760118,18.4253551,-24.1432987,1034.98507472
