Displacement,FX,FY,FZ,MX,MY,MZ,L
12.86355244347,0.102130951,-0.00102760451,-0.00173173504,-1.85433402,100.538228,-112.700647,1286.355244347
