Displacement,FX,FY,FZ,MX,MY,MZ,L
13.39293832775,5.40131621,0.000479416834,-0.0419252701,-48.0578217,4807.61482,-6197.24081,1339.293832775
