Displacement,FX,FY,FZ,MX,MY,MZ,L
11.82386635632,0.269626331,-0.0017169364,-0.00125896884,-1.19953004,218.115605,-273.765746,1182.386635632
