Displacement,FX,FY,FZ,MX,MY,MZ,L
13.231517784760001,0.0285399176,0.000983152651,-0.000312863176,-0.409951776,31.0346443,-32.2764429,1323.1517784760001
