Displacement,FX,FY,FZ,MX,MY,MZ,L
12.65742781186,6.0193435,-0.000856398981,-0.0481851101,-52.174525,4881.97452,-6532.09152,1265.742781186
