Displacement,FX,FY,FZ,MX,MY,MZ,L
13.539065940979999,3.18452787,0.000601295351,-0.025829087,-29.9469285,3051.83241,-3692.97375,1353.906594098
