Displacement,FX,FY,FZ,MX,MY,MZ,L
0.0628,-0.00868226588,-0.0336173289,-0.000745356083,0.767449392,6.12608588,-0.0676272103,1286.355244347
