Displacement,FX,FY,FZ,MX,MY,MZ,L
0.0628,-0.0105847232,-0.0464264862,-0.00184082985,0.735431825,-13.5323029,5.15861562,1339.293832775
