Displacement,FX,FY,FZ,MX,MY,MZ,L
15.0,-1.3962388e-05,0.0872788429,0.0156136619,7.78124372,-0.000195081041,0.0134721764,1232.1219419559998
