Displacement,FX,FY,FZ,MX,MY,MZ,L
11.95335915728,0.350236997,-0.0021316113,-0.00410036487,-4.10017781,288.36963,-359.410363,1195.335915728
