Displacement,FX,FY,FZ,MX,MY,MZ,L
0.0628,-0.0431616046,-0.171530321,-0.00329184532,4.0942907,41.9408264,-3.15145014,1276.231186255
