Displacement,FX,FY,FZ,MX,MY,MZ,L
13.14512958828,0.827359583,0.000373999081,-0.00772768585,-8.71684402,819.744377,-931.898739,1314.512958828
