Displacement,FX,FY,FZ,MX,MY,MZ,L
0.0628,-0.00440601353,-0.0239327466,-0.000125735998,0.672757555,14.939328,-2.85621992,1220.207119082
