Displacement,FX,FY,FZ,MX,MY,MZ,L
15.0,2.44006514e-07,-0.000626444817,0.00305447541,1.36212455,-3.4230876e-06,-0.000298393118,1323.1517784760001
