Displacement,FX,FY,FZ,MX,MY,MZ,L
15.0,-6.52857125e-07,-2.62260437e-06,0.000212666579,0.0872804858,5.40861083e-06,0.000754027971,1265.742781186
