Displacement,FX,FY,FZ,MX,MY,MZ,L
13.539065940979999,0.133246181,0.000482011673,-0.00152460043,-1.79419535,156.177344,-154.488068,1353.906594098
