Displacement,FX,FY,FZ,MX,MY,MZ,L
15.0,1.22585334e-07,6.70552221e-08,-4.42087187e-08,-5.14901912e-05,6.65061241e-07,-9.46691172e-05,1034.98507472
