Displacement,FX,FY,FZ,MX,MY,MZ,L
11.41528729776,293.751932,-0.510145124,-1.70910524,-1654.93996,113083.391,-288315.318,1141.528729776
