Displacement,FX,FY,FZ,MX,MY,MZ,L
15.0,1.89989805e-07,4.47034907e-08,-2.38840585e-06,-0.00085924966,-3.48987867e-06,6.40654311e-05,1346.7924590819998
