Displacement,FX,FY,FZ,MX,MY,MZ,L
12.96112065153,0.0520625717,0.000955219131,-0.000711670888,-0.843259481,52.6296611,-57.7423314,1296.112065153
