Displacement,FX,FY,FZ,MX,MY,MZ,L
12.548930234210001,1.17404349,-0.000288840099,-0.0107671111,-11.5614353,1027.879,-1263.21953,1254.8930234210002
