Displacement,FX,FY,FZ,MX,MY,MZ,L
15.0,1.22189522e-06,0.00234222412,0.0201140009,8.3451903,0.00013346592,-0.000926084879,1220.207119082
