Displacement,FX,FY,FZ,MX,MY,MZ,L
11.126541877340001,16.4861379,-0.0134108575,-0.121458463,-115.304477,10344.3048,-15753.1793,1112.654187734
