Displacement,FX,FY,FZ,MX,MY,MZ,L
15.0,3.95774841e-05,0.0109558105,0.219784141,90.6097874,9.71110869e-05,-0.029805837,1232.1219419559998
