Displacement,FX,FY,FZ,MX,MY,MZ,L
15.0,-1.62050128e-07,-1.69873237e-06,-8.12692451e-06,-0.00312658467,1.32590704e-05,-0.00014997525,1353.906594098
