Displacement,FX,FY,FZ,MX,MY,MZ,L
12.65742781186,98.1194813,-0.0402374653,-0.573138182,-616.785546,52218.3205,-106531.849,1265.742781186
