Displacement,FX,FY,FZ,MX,MY,MZ,L
15.0,1.93715096e-07,-6.37024636e-07,3.12284101e-08,-1.33705677e-05,1.41640225e-06,-0.000106170952,1127.252366515
