Displacement,FX,FY,FZ,MX,MY,MZ,L
15.0,7.72066414e-07,0.000539004803,0.00115817622,0.532939661,1.66908667e-05,-0.000388079423,1243.685010427
