Displacement,FX,FY,FZ,MX,MY,MZ,L
12.65742781186,0.0336150755,3.54728476e-10,-0.000303183377,-0.331580967,31.9802977,-36.4764506,1265.742781186
