Displacement,FX,FY,FZ,MX,MY,MZ,L
0.0628,-0.000696883188,-0.00378958753,-1.98855996e-05,0.106572687,2.39339599,-0.458946484,1220.207119082
