Displacement,FX,FY,FZ,MX,MY,MZ,L
13.6063420683,0.0740202342,0.000286204472,-0.00101270631,-1.19597749,90.1739601,-86.2396101,1360.63420683
