Displacement,FX,FY,FZ,MX,MY,MZ,L
13.39293832775,85.2331141,-0.00942515788,-0.440138668,-501.625384,43183.7443,-97819.4598,1339.293832775
