Displacement,FX,FY,FZ,MX,MY,MZ,L
15.0,-3.15904617e-06,0.00442504883,0.0589238964,26.0976932,-0.000376063841,0.00117473925,1286.355244347
