Displacement,FX,FY,FZ,MX,MY,MZ,L
15.0,1.25076622e-06,2.98023222e-07,1.81491487e-06,0.000831666216,-2.00297174e-05,-0.00130729447,1353.906594098
