Displacement,FX,FY,FZ,MX,MY,MZ,L
15.0,-1.8209219e-05,0.00159454346,0.00254456699,0.906786222,-0.000129958446,0.0163822028,1112.654187734
