Displacement,FX,FY,FZ,MX,MY,MZ,L
15.0,-6.0768798e-07,-3.2544136e-05,0.000296001963,0.12409951,5.94752312e-06,0.000598504819,1276.231186255
