Displacement,FX,FY,FZ,MX,MY,MZ,L
0.0628,-0.139374107,-0.556353956,-0.0105686188,13.3127496,125.541572,-7.96633623,1276.231186255
