Displacement,FX,FY,FZ,MX,MY,MZ,L
15.0,1.12503767e-06,-1.13248825e-06,-2.10735016e-06,-0.000472325178,1.96321558e-07,0.000351357278,1339.293832775
