Displacement,FX,FY,FZ,MX,MY,MZ,L
13.314128559350001,0.217519319,0.000459765104,-0.0023634102,-2.71989575,235.142553,-248.081491,1331.4128559350002
