Displacement,FX,FY,FZ,MX,MY,MZ,L
15.0,1.29826367e-06,8.04662706e-07,-1.36648305e-06,-0.0012123329,4.28761104e-05,-0.00140031974,1331.4128559350002
