Displacement,FX,FY,FZ,MX,MY,MZ,L
15.0,-2.15601176e-07,9.35643911e-05,0.000132926303,0.0616390294,-2.40558367e-07,0.000120654995,1155.479201803
