Displacement,FX,FY,FZ,MX,MY,MZ,L
15.0,9.19681042e-08,-5.28991213e-07,5.30970283e-07,0.000316939215,-4.94136094e-05,0.000123861951,1286.355244347
