Displacement,FX,FY,FZ,MX,MY,MZ,L
13.39293832775,34.8583274,-0.00183243551,-0.207262769,-236.888091,22308.1688,-40000.6336,1339.293832775
