Displacement,FX,FY,FZ,MX,MY,MZ,L
0.0628,-0.0243321806,-0.100718813,-0.00369203091,1.72588699,-21.4660081,9.37974171,1331.4128559350002
