Displacement,FX,FY,FZ,MX,MY,MZ,L
0.0628,0.000436081085,-0.0024983075,7.53067434e-05,0.0847337353,3.20625054,-0.809246812,1034.98507472
