Displacement,FX,FY,FZ,MX,MY,MZ,L
0.0628,-0.166340403,-0.833717287,-0.00631809235,22.90269,412.683794,-72.3661804,1232.1219419559998
