Displacement,FX,FY,FZ,MX,MY,MZ,L
13.314128559350001,3.46981155,0.00046554492,-0.0283921957,-32.3697615,3217.39568,-3957.96098,1331.4128559350002
