Displacement,FX,FY,FZ,MX,MY,MZ,L
15.0,3.0964613e-05,0.00096476078,0.0164973885,6.59250925,-6.4711021e-05,-0.0225996789,1276.231186255
