Displacement,FX,FY,FZ,MX,MY,MZ,L
15.0,6.22868538e-06,0.00179481506,-0.00167750567,-0.725682054,-0.000174780975,0.00109273249,1066.970886314
