Displacement,FX,FY,FZ,MX,MY,MZ,L
13.39293832775,16.8881802,-0.000148918097,-0.11270196,-128.999773,12592.8026,-19378.1198,1339.293832775
