Displacement,FX,FY,FZ,MX,MY,MZ,L
0.0628,-0.00274074078,-0.0113640646,-0.000416532159,0.194875279,-2.43351086,1.061244,1331.4128559350002
