Displacement,FX,FY,FZ,MX,MY,MZ,L
15.0,-4.28408384e-07,0.000407218933,0.000834650593,0.350369815,6.67276515e-06,0.000144405955,1169.0997999219999
