Displacement,FX,FY,FZ,MX,MY,MZ,L
11.55479201803,2.22187942,-0.00294308311,-0.0192824509,-18.9733901,1651.44462,-2203.6943,1155.479201803
