Displacement,FX,FY,FZ,MX,MY,MZ,L
15.0,9.77888726e-09,0.000218272209,0.000492654741,0.209017298,-3.68502312e-06,-7.40486934e-05,1169.0997999219999
