Displacement,FX,FY,FZ,MX,MY,MZ,L
0.0628,-0.000203521689,-0.00492539024,5.55291772e-05,0.156308844,4.87667971,-1.11682903,1141.528729776
