Displacement,FX,FY,FZ,MX,MY,MZ,L
15.0,-4.78699803e-07,0.000302493572,0.00138692628,0.601297406,-2.42009745e-05,0.000575708386,1220.207119082
