Displacement,FX,FY,FZ,MX,MY,MZ,L
0.0628,-0.0596458316,-0.421963181,-0.0218200684,4.37900713,-226.028843,69.8056858,1366.973376629
