Displacement,FX,FY,FZ,MX,MY,MZ,L
15.0,3.42726708e-07,0.00131893158,0.00408802181,1.60264135,-8.29383366e-05,0.000268205441,1155.479201803
