Displacement,FX,FY,FZ,MX,MY,MZ,L
0.0628,-1.61749041,-6.4333818,-0.134384155,149.737468,626.920436,100.66368,1286.355244347
