Displacement,FX,FY,FZ,MX,MY,MZ,L
15.0,1.43423676e-07,-4.47034839e-07,1.7811544e-08,2.43797504e-05,4.77553882e-06,-2.92208388e-05,1034.98507472
