Displacement,FX,FY,FZ,MX,MY,MZ,L
0.0628,-0.00594912656,-0.0230465746,-0.000710368156,0.45067244,-1.24741269,1.28865806,1314.512958828
