Displacement,FX,FY,FZ,MX,MY,MZ,L
13.467924590819997,0.764096206,0.000530930867,-0.00710111391,-8.21325991,816.917699,-881.467538,1346.7924590819998
