Displacement,FX,FY,FZ,MX,MY,MZ,L
0.0628,-0.00171423727,-0.00931076007,-4.90695238e-05,0.261705745,5.85934058,-1.12219748,1220.207119082
