Displacement,FX,FY,FZ,MX,MY,MZ,L
15.0,-1.39698386e-08,9.90927221e-07,4.23751773e-08,1.19107281e-05,-9.17323618e-06,-9.94248099e-05,1127.252366515
