Displacement,FX,FY,FZ,MX,MY,MZ,L
15.0,-1.54366717e-07,3.83704901e-07,-1.51340003e-09,2.66549648e-06,2.69180313e-06,5.34025473e-05,1155.479201803
