Displacement,FX,FY,FZ,MX,MY,MZ,L
0.0628,-0.0230707624,-0.0915650316,-0.00176358223,2.18322535,23.0392368,-1.82386122,1276.231186255
