Displacement,FX,FY,FZ,MX,MY,MZ,L
0.0628,0.00466889143,-0.260979787,0.00442171097,8.51133879,271.421383,-64.3533376,1112.654187734
