Displacement,FX,FY,FZ,MX,MY,MZ,L
13.054988632529998,0.0604731045,0.000266758567,-0.00103466481,-1.17253923,62.5364066,-67.6287466,1305.4988632529999
