Displacement,FX,FY,FZ,MX,MY,MZ,L
11.272523665149999,0.0329557206,-8.15397419e-09,-0.000263116322,-0.2674772,25.1553097,-31.8898578,1127.252366515
