Displacement,FX,FY,FZ,MX,MY,MZ,L
15.0,4.57763672e-05,0.0239257813,0.590579987,250.316888,0.0110426786,0.331356274,1305.4988632529999
