Displacement,FX,FY,FZ,MX,MY,MZ,L
15.0,-4.17232513e-06,0.0107250214,0.184868362,84.6940637,0.000537317942,0.00762136653,1323.1517784760001
