Displacement,FX,FY,FZ,MX,MY,MZ,L
0.0628,-0.00238742586,-0.00950363651,-0.000320345163,0.174791871,-1.26807216,0.709229162,1323.1517784760001
