Displacement,FX,FY,FZ,MX,MY,MZ,L
15.0,6.03497028e-07,3.45706939e-06,-2.7581118e-06,-0.00182109524,6.83192086e-05,-0.000198923658,1339.293832775
