Displacement,FX,FY,FZ,MX,MY,MZ,L
12.96112065153,0.474956376,0.000355028652,-0.0047185435,-5.25748445,461.962764,-527.559334,1296.112065153
