Displacement,FX,FY,FZ,MX,MY,MZ,L
12.20207119082,0.616737189,-0.00167056295,-0.00631594076,-6.52419229,521.070725,-645.628712,1220.207119082
