Displacement,FX,FY,FZ,MX,MY,MZ,L
0.0628,-0.00877615064,-0.0363349188,-0.00133299828,0.622245357,-7.76955285,3.39168775,1331.4128559350002
