Displacement,FX,FY,FZ,MX,MY,MZ,L
11.126541877340001,281.083825,-0.52477137,-1.64278316,-1551.88607,107243.131,-268998.324,1112.654187734
