Displacement,FX,FY,FZ,MX,MY,MZ,L
0.0628,-64.7490997,-305.469769,-3.72949219,8023.4971,10128.1905,6442.49822,1276.231186255
