Displacement,FX,FY,FZ,MX,MY,MZ,L
0.0628,-0.00422853162,-0.0173733593,-0.00028654933,0.430446532,5.89721183,-0.733540641,1265.742781186
