Displacement,FX,FY,FZ,MX,MY,MZ,L
15.0,4.68455255e-07,-2.27242706e-07,1.54250275e-09,-1.47980009e-06,3.42957648e-05,-0.00038040989,1112.654187734
