Displacement,FX,FY,FZ,MX,MY,MZ,L
0.0628,-0.0151792392,-0.0826255567,-0.000427365303,2.32457689,50.5536091,-9.63018323,1220.207119082
