Displacement,FX,FY,FZ,MX,MY,MZ,L
15.0,7.54371284e-08,-8.6636282e-07,3.36149249e-08,7.10102742e-05,-7.53505266e-07,-0.000107594902,1276.231186255
