Displacement,FX,FY,FZ,MX,MY,MZ,L
15.0,3.23401764e-07,1.08033417e-07,9.08039466e-09,1.30399479e-05,4.26145059e-05,-0.000333389451,1127.252366515
