Displacement,FX,FY,FZ,MX,MY,MZ,L
15.0,3.39234248e-07,9.31322615e-08,-6.43194616e-09,-1.77285125e-05,1.40987302e-05,-0.000156163987,1207.9439433530001
