Displacement,FX,FY,FZ,MX,MY,MZ,L
15.0,1.34808943e-07,2.0395964e-07,-1.77876245e-07,-0.000141125578,1.27886952e-05,-0.000141443762,1220.207119082
