Displacement,FX,FY,FZ,MX,MY,MZ,L
15.0,6.98491937e-08,5.10457903e-06,-1.61351636e-07,-0.000354552149,6.23108354e-06,-0.000309717229,1305.4988632529999
