Displacement,FX,FY,FZ,MX,MY,MZ,L
0.0628,-0.00688365847,-0.0579369813,0.00018042326,1.74614774,46.7074871,-9.9778295,1182.386635632
