Displacement,FX,FY,FZ,MX,MY,MZ,L
15.0,-2.65240669e-06,0.00199127197,0.0196175547,8.59105471,-0.000135048706,0.00136486269,1265.742781186
