Displacement,FX,FY,FZ,MX,MY,MZ,L
15.0,7.74860382e-07,-0.00143814087,-0.00160849839,-0.571425695,-9.13431341e-05,-0.00227159091,1360.63420683
