Displacement,FX,FY,FZ,MX,MY,MZ,L
0.0628,-839.005859,-5772.80762,-14.328125,172777.261,-2124092.19,393635.909,1286.355244347
