Displacement,FX,FY,FZ,MX,MY,MZ,L
15.0,3.11993062e-07,-2.2649765e-05,0.000315131969,0.131700634,-1.97037826e-05,-0.000106654136,1276.231186255
