Displacement,FX,FY,FZ,MX,MY,MZ,L
12.43685010427,0.365906114,-0.00223710029,-0.00428003469,-4.44803354,324.905778,-390.458482,1243.685010427
