Displacement,FX,FY,FZ,MX,MY,MZ,L
15.0,-6.10351562e-05,0.0634765625,1.40087128,666.250303,0.000798633293,0.0534492377,1360.63420683
