Displacement,FX,FY,FZ,MX,MY,MZ,L
10.51128022036,0.02134172,-9.76902834e-09,-0.00014573356,-0.152254384,14.7903935,-19.2712859,1051.128022036
