Displacement,FX,FY,FZ,MX,MY,MZ,L
15.0,-1.26361847e-05,0.226043701,6.24484289,2916.22262,0.00311926322,0.0427477097,1360.63420683
