Displacement,FX,FY,FZ,MX,MY,MZ,L
15.0,-5.36441803e-06,-0.00120162964,0.016317714,7.3687986,0.000114343755,0.00169383099,1339.293832775
