Displacement,FX,FY,FZ,MX,MY,MZ,L
15.0,2.80386302e-07,-1.18464233e-06,7.46804299e-08,6.44109938e-05,-1.41545567e-06,-0.000189359422,1066.970886314
