Displacement,FX,FY,FZ,MX,MY,MZ,L
0.0628,-0.732809782,-2.96231183,-0.0546379089,71.430626,547.822499,-16.9081931,1276.231186255
