Displacement,FX,FY,FZ,MX,MY,MZ,L
12.079439433530002,0.17739842,-0.00356533197,-0.00282204075,-2.74507826,150.609415,-184.241619,1207.9439433530001
