Displacement,FX,FY,FZ,MX,MY,MZ,L
15.0,7.5250864e-07,0.000910878181,0.00151105085,0.521932825,3.93444573e-05,-0.00082764454,1112.654187734
