Displacement,FX,FY,FZ,MX,MY,MZ,L
10.51128022036,0.0745797813,-5.54019994e-09,-0.000575632323,-0.543592287,51.3970928,-67.3457751,1051.128022036
