Displacement,FX,FY,FZ,MX,MY,MZ,L
0.0628,-0.00139714292,-0.00554899662,-0.000107139349,0.132298612,1.47954637,-0.129593478,1276.231186255
