Displacement,FX,FY,FZ,MX,MY,MZ,L
15.0,-4.98373992e-07,-9.05245538e-07,1.14989234e-07,5.79925527e-05,-2.19069174e-05,0.000167045258,1243.685010427
