Displacement,FX,FY,FZ,MX,MY,MZ,L
15.0,-1.05053186e-06,0.0100135654,0.00329163112,1.44653763,-1.78055256e-05,0.000406345253,1314.512958828
