Displacement,FX,FY,FZ,MX,MY,MZ,L
0.0628,-0.0191573054,-0.286494792,0.00252103806,8.96349041,254.881429,-57.156031,1155.479201803
