Displacement,FX,FY,FZ,MX,MY,MZ,L
15.0,-1.25169754e-06,0.0140609741,0.251343474,114.913819,-0.000161853849,0.00775455524,1323.1517784760001
