Displacement,FX,FY,FZ,MX,MY,MZ,L
10.349850747200001,2.69419227,-0.00851878771,-0.0224958323,-19.6552047,1717.31968,-2397.372,1034.98507472
