Displacement,FX,FY,FZ,MX,MY,MZ,L
0.0628,-0.000897293794,-0.00444343919,-3.57404351e-05,0.121554402,2.50003979,-0.453098957,1232.1219419559998
