Displacement,FX,FY,FZ,MX,MY,MZ,L
0.0628,0.166543007,-0.941998303,0.0288095474,31.9953479,1115.33457,-282.885343,1034.98507472
