Displacement,FX,FY,FZ,MX,MY,MZ,L
15.0,5.73154161e-16,-0.8828125,256.791275,116658.736,0.0192653495,0.00550833344,1331.4128559350002
