Displacement,FX,FY,FZ,MX,MY,MZ,L
15.0,-2.11596489e-06,0.0580599308,0.0228583645,9.89572341,-0.000516935782,0.0037110541,1182.386635632
