Displacement,FX,FY,FZ,MX,MY,MZ,L
15.0,-1.4337711e-06,0.00186853111,0.00125146762,0.454616441,-2.00094643e-05,0.00124788,1195.335915728
