Displacement,FX,FY,FZ,MX,MY,MZ,L
15.0,6.74277544e-07,0.000962853432,0.00712272688,3.15271159,-2.25460805e-05,-0.00112980274,1265.742781186
