Displacement,FX,FY,FZ,MX,MY,MZ,L
11.55479201803,0.0765936292,0.00159230881,-0.000732100103,-0.811725312,60.403455,-75.7265025,1155.479201803
