Displacement,FX,FY,FZ,MX,MY,MZ,L
15.0,-3.24100256e-07,0.00024279952,0.000387972686,0.160194633,-1.3068376e-05,0.000194925344,1127.252366515
