Displacement,FX,FY,FZ,MX,MY,MZ,L
15.0,-2.59280205e-06,7.34329224e-05,0.0278680027,11.2966699,0.0021780218,-0.0275467065,1286.355244347
