Displacement,FX,FY,FZ,MX,MY,MZ,L
15.0,-1.77323818e-05,0.265137672,-0.0905831605,-34.120192,-0.000220051639,0.0229977414,1296.112065153
