Displacement,FX,FY,FZ,MX,MY,MZ,L
15.0,1.16694719e-06,-0.00963664055,0.0337677305,15.6554327,1.23890413e-05,-0.00101054363,1353.906594098
