Displacement,FX,FY,FZ,MX,MY,MZ,L
0.0628,-0.00443566777,-0.0203268278,-0.000220477581,0.539531881,9.88072601,-1.65148535,1243.685010427
