Displacement,FX,FY,FZ,MX,MY,MZ,L
0.0628,-3.14186478,-15.221014,-0.135070801,412.719737,4756.67577,-659.5045,1243.685010427
