Displacement,FX,FY,FZ,MX,MY,MZ,L
0.0628,-13.2033396,-55.1123505,-1.0289917,1327.1382,2042.41101,1461.33819,1286.355244347
