Displacement,FX,FY,FZ,MX,MY,MZ,L
15.0,2.21654772e-07,0.00119827688,0.000830732286,0.280385468,-1.95842184e-05,0.000412245088,1112.654187734
