Displacement,FX,FY,FZ,MX,MY,MZ,L
15.0,1.52587891e-05,0.00341796875,-1.09911537,-446.751674,0.00374200132,0.0248989938,1082.509144629
