Displacement,FX,FY,FZ,MX,MY,MZ,L
0.0628,-0.00588342361,-0.023390945,-0.000789284706,0.429582252,-3.13983914,1.75070676,1323.1517784760001
