Displacement,FX,FY,FZ,MX,MY,MZ,L
15.0,-9.68575478e-07,0.000497937202,0.000312514603,0.117885431,1.38249019e-05,0.000777596544,1034.98507472
