Displacement,FX,FY,FZ,MX,MY,MZ,L
15.0,-1.35507435e-07,4.85777856e-06,0.00013868208,0.0560138854,3.39150165e-06,1.09493887e-05,1254.8930234210002
