Displacement,FX,FY,FZ,MX,MY,MZ,L
15.0,7.17584044e-07,-0.0106645823,0.0336016957,15.6040516,1.99237356e-05,-0.000384724753,1353.906594098
