Displacement,FX,FY,FZ,MX,MY,MZ,L
10.825091446290001,0.17974352,-0.00181365107,-0.00251520472,-2.26210547,128.387183,-167.37092,1082.509144629
