Displacement,FX,FY,FZ,MX,MY,MZ,L
15.0,-7.07805157e-08,-1.73225998e-07,3.1868695e-08,5.14916728e-06,9.12613562e-07,-1.27070008e-05,1051.128022036
