Displacement,FX,FY,FZ,MX,MY,MZ,L
0.0628,-2.17368698,-14.2581463,-0.00749206543,418.211872,6960.45643,-1323.62435,1207.9439433530001
