Displacement,FX,FY,FZ,MX,MY,MZ,L
15.0,2.3841858e-07,0.0011138916,0.00395444967,1.5946472,-7.87786606e-05,-0.00119689654,1169.0997999219999
