Displacement,FX,FY,FZ,MX,MY,MZ,L
0.0628,-0.00236833538,-0.00907013565,-0.000226989388,0.197748992,0.981784089,0.149811564,1296.112065153
