Displacement,FX,FY,FZ,MX,MY,MZ,L
15.0,1.62050128e-07,-1.63912773e-06,1.01509504e-05,0.00492582095,6.00708115e-06,0.000117035183,1366.973376629
