Displacement,FX,FY,FZ,MX,MY,MZ,L
0.0628,-0.00203563133,-0.0110553028,-5.82337379e-05,0.31076589,6.94958552,-1.33065547,1220.207119082
