Displacement,FX,FY,FZ,MX,MY,MZ,L
0.0628,-4.27461338,-17.1217937,-0.492767334,349.103164,-1787.47961,1098.40413,1314.512958828
