Displacement,FX,FY,FZ,MX,MY,MZ,L
0.0628,-0.00126347441,-0.00886676274,2.42888927e-06,0.26148697,6.73492232,-1.39796552,1195.335915728
