Displacement,FX,FY,FZ,MX,MY,MZ,L
0.0628,0.000700114295,-0.0150065757,0.000290974975,0.494056963,16.9000683,-4.06254306,1097.738361015
