Displacement,FX,FY,FZ,MX,MY,MZ,L
11.126541877340001,0.15343878,-0.00115683855,-0.00222492637,-2.07613138,114.053619,-146.735276,1112.654187734
