Displacement,FX,FY,FZ,MX,MY,MZ,L
15.0,-1.36345625e-06,0.00058722496,0.00103416201,0.414672889,-4.71373227e-05,0.00107925394,1127.252366515
