Displacement,FX,FY,FZ,MX,MY,MZ,L
12.76231186255,0.0389009197,0.0012428455,-0.000371473958,-0.475022416,37.6442468,-42.4318065,1276.231186255
