Displacement,FX,FY,FZ,MX,MY,MZ,L
15.0,-5.38825989e-05,0.251571655,1.1003058,395.107097,-0.000366127661,0.000935137971,1082.509144629
