Displacement,FX,FY,FZ,MX,MY,MZ,L
0.0628,-3.6676774,-15.8152027,-0.229217529,401.918721,3038.48266,-170.730389,1265.742781186
