Displacement,FX,FY,FZ,MX,MY,MZ,L
13.6063420683,0.0337193452,0.000220622012,-0.000639797072,-0.758171495,41.6803488,-39.2797508,1360.63420683
