Displacement,FX,FY,FZ,MX,MY,MZ,L
15.0,-2.33203173e-06,-0.000148534775,0.00152397575,0.662272526,-1.03343062e-05,0.00121817018,1305.4988632529999
