Displacement,FX,FY,FZ,MX,MY,MZ,L
15.0,-2.53692269e-06,-0.00723314285,0.0360289477,16.635833,-1.99389035e-06,0.00171849583,1353.906594098
