Displacement,FX,FY,FZ,MX,MY,MZ,L
15.0,4.57763672e-05,-0.0466918945,0.671413422,294.241752,0.00334843475,-0.00822412409,1314.512958828
