Displacement,FX,FY,FZ,MX,MY,MZ,L
15.0,-3.44216824e-06,-0.00507450104,0.0428827181,19.7256459,-0.000157194151,0.00269475035,1353.906594098
