Displacement,FX,FY,FZ,MX,MY,MZ,L
13.054988632529998,0.038429964,0.0010504883,-0.000468295875,-0.58229544,39.8041049,-42.9004292,1305.4988632529999
