Displacement,FX,FY,FZ,MX,MY,MZ,L
12.86355244347,0.0720353841,0.000141977636,-0.00120925199,-1.34151912,71.132892,-79.4064288,1286.355244347
