Displacement,FX,FY,FZ,MX,MY,MZ,L
0.0628,11.2797241,-229.782578,5.07275391,7705.7814,147477.502,-34563.1595,1112.654187734
