Displacement,FX,FY,FZ,MX,MY,MZ,L
15.0,2.02655792e-06,-0.00682449341,0.114733279,52.9734251,0.00012771755,-0.0105971973,1360.63420683
