Displacement,FX,FY,FZ,MX,MY,MZ,L
12.079439433530002,10.0551148,-0.00386205309,-0.0776851848,-80.1975364,7303.72313,-10419.8167,1207.9439433530001
