Displacement,FX,FY,FZ,MX,MY,MZ,L
13.231517784760001,0.22111058,0.00034195945,-0.00244908474,-2.79405406,233.767415,-250.641813,1323.1517784760001
