Displacement,FX,FY,FZ,MX,MY,MZ,L
15.0,-0.000244140625,2.64453125,170.264557,62472.6887,0.0863352953,0.193981022,1097.738361015
