Displacement,FX,FY,FZ,MX,MY,MZ,L
11.41528729776,0.107990138,0.00120946646,-0.00128259766,-1.32108388,83.4647946,-105.626414,1141.528729776
