Displacement,FX,FY,FZ,MX,MY,MZ,L
0.0628,-0.00369889365,-0.0146691706,-0.000283509493,0.349592103,3.86959496,-0.332068943,1276.231186255
