Displacement,FX,FY,FZ,MX,MY,MZ,L
15.0,1.5553087e-07,-1.60187483e-06,5.45420335e-07,0.000421070032,8.98938445e-06,-0.000158293424,1207.9439433530001
