Displacement,FX,FY,FZ,MX,MY,MZ,L
0.0628,-0.00477323128,-0.0290920362,-7.16745853e-05,0.838717477,20.0388199,-4.0060732,1207.9439433530001
