Displacement,FX,FY,FZ,MX,MY,MZ,L
0.0628,-0.000175870722,-0.00425340375,4.79593873e-05,0.134983983,4.21318258,-0.964888214,1141.528729776
