Displacement,FX,FY,FZ,MX,MY,MZ,L
13.231517784760001,1.12305068,0.000414223947,-0.0101851253,-11.5576899,1115.99244,-1273.16447,1323.1517784760001
