Displacement,FX,FY,FZ,MX,MY,MZ,L
15.0,4.27942724e-07,0.000229388475,0.000715654052,0.307442187,-1.5020661e-05,-0.000422008981,1195.335915728
