Displacement,FX,FY,FZ,MX,MY,MZ,L
15.0,9.47713852e-06,0.00841712952,0.134288814,61.0667629,3.32091852e-06,-0.00974724586,1314.512958828
