Displacement,FX,FY,FZ,MX,MY,MZ,L
0.0628,-0.0275899172,-0.11915786,-0.00161600113,3.06312483,47.3302794,-6.92573856,1254.8930234210002
