Displacement,FX,FY,FZ,MX,MY,MZ,L
15.0,1.52736902e-07,-0.000161960721,0.000656671124,0.284005938,-5.58565716e-06,-4.66206112e-05,1296.112065153
