Displacement,FX,FY,FZ,MX,MY,MZ,L
15.0,1.90921127e-07,0.000351130962,0.000544439303,0.222649818,-3.95170514e-06,9.40962944e-05,1127.252366515
