Displacement,FX,FY,FZ,MX,MY,MZ,L
15.0,3.54368239e-07,-0.000281751156,0.00103281107,0.452376502,-9.01347945e-06,-0.000356228298,1305.4988632529999
