Displacement,FX,FY,FZ,MX,MY,MZ,L
15.0,-5.15580177e-06,0.00177574158,0.00406018645,1.49592438,-9.88631884e-05,0.000338410016,1127.252366515
