Displacement,FX,FY,FZ,MX,MY,MZ,L
0.0628,-0.00479004253,-0.0183302145,-0.000459045172,0.399366628,1.94726157,0.311543679,1296.112065153
