Displacement,FX,FY,FZ,MX,MY,MZ,L
15.0,6.38961792e-05,0.0698852539,1.69567281,765.641202,-6.50139002e-05,-0.058273639,1323.1517784760001
