Displacement,FX,FY,FZ,MX,MY,MZ,L
0.0628,-0.00664169341,-0.0980940685,0.000848889351,3.06655511,89.4658313,-20.0700559,1155.479201803
