Displacement,FX,FY,FZ,MX,MY,MZ,L
15.0,-4.50760126e-07,0.000257194042,0.000395848125,0.186155665,-1.32474542e-05,0.000337114059,1220.207119082
