Displacement,FX,FY,FZ,MX,MY,MZ,L
15.0,1.89524144e-07,-0.00091651082,0.00275815045,1.23655331,6.7295937e-06,-0.00020718769,1323.1517784760001
