Displacement,FX,FY,FZ,MX,MY,MZ,L
15.0,1.82772055e-07,3.94955277e-05,4.36987611e-05,0.0195221475,-6.70003976e-07,-8.17147013e-05,1051.128022036
