Displacement,FX,FY,FZ,MX,MY,MZ,L
15.0,6.92903996e-07,0.000698328018,0.000160424039,0.0593877521,-0.000124045198,-0.00115923939,1034.98507472
