Displacement,FX,FY,FZ,MX,MY,MZ,L
15.0,-3.56435776e-05,-0.00146102905,0.038534835,17.5472928,-0.00021742202,0.0406264608,1346.7924590819998
