Displacement,FX,FY,FZ,MX,MY,MZ,L
11.126541877340001,33946.977,-10.1228033,-491.129875,-531430.188,1489086.11,-32528013.2,1112.654187734
