Displacement,FX,FY,FZ,MX,MY,MZ,L
0.0628,-0.000914686942,-0.00642008428,1.81794167e-06,0.189397034,4.88372015,-1.01401299,1195.335915728
