Displacement,FX,FY,FZ,MX,MY,MZ,L
0.0628,-793.917969,-5756.71191,-2.859375,174256.492,-1658985.07,323671.819,1276.231186255
