Displacement,FX,FY,FZ,MX,MY,MZ,L
0.0628,-0.00635693595,-0.0382280637,-0.00185996294,0.449403275,-19.7437151,6.17393942,1360.63420683
