Displacement,FX,FY,FZ,MX,MY,MZ,L
15.0,1.55356247e-06,0.00337225944,0.00183126016,0.702948344,4.0817807e-05,-0.000832489409,1254.8930234210002
