Displacement,FX,FY,FZ,MX,MY,MZ,L
15.0,-1.49477274e-07,0.000299692154,0.000544501178,0.251300669,-1.35254255e-05,0.000141717689,1220.207119082
