Displacement,FX,FY,FZ,MX,MY,MZ,L
15.0,7.4505806e-07,0.000973701477,0.00182671286,0.710336561,5.11806696e-05,-0.00129806002,1127.252366515
