Displacement,FX,FY,FZ,MX,MY,MZ,L
15.0,3.3620745e-07,1.41188503e-06,9.89530244e-09,0.000190535843,5.83823297e-06,-0.000165405411,1314.512958828
