Displacement,FX,FY,FZ,MX,MY,MZ,L
13.467924590819997,0.0411017646,0.000154516224,-0.000778482528,-0.906902999,48.1548179,-47.4050255,1346.7924590819998
