Displacement,FX,FY,FZ,MX,MY,MZ,L
15.0,0.000250816345,0.362243652,1.08319986,413.362218,0.0031370765,-0.238842143,1155.479201803
