Displacement,FX,FY,FZ,MX,MY,MZ,L
0.0628,-0.0247624312,-0.0948002264,-0.002368927,2.06640048,9.25576302,1.79114175,1296.112065153
