Displacement,FX,FY,FZ,MX,MY,MZ,L
15.0,0.000185012817,0.209838867,1.03599381,355.853463,0.0094442012,-0.187751148,1034.98507472
