Displacement,FX,FY,FZ,MX,MY,MZ,L
13.231517784760001,36.818333,-0.00330202495,-0.22504168,-254.074878,23781.3016,-41749.1272,1323.1517784760001
