Displacement,FX,FY,FZ,MX,MY,MZ,L
15.0,-9.08039483e-09,7.41332771e-07,7.96280803e-08,3.08185452e-05,-6.97590103e-07,4.02185014e-06,1141.528729776
