Displacement,FX,FY,FZ,MX,MY,MZ,L
10.825091446290001,0.0349535625,-1.11022997e-08,-0.000265827519,-0.265271555,25.157221,-32.4948531,1082.509144629
