Displacement,FX,FY,FZ,MX,MY,MZ,L
15.0,-2.19345093e-05,0.241123199,0.294224948,116.424952,-0.000669453493,0.00816513671,1182.386635632
