Displacement,FX,FY,FZ,MX,MY,MZ,L
13.054988632529998,0.0712335189,8.51952456e-05,-0.00118333683,-1.32887999,73.5410236,-79.6829518,1305.4988632529999
