Displacement,FX,FY,FZ,MX,MY,MZ,L
15.0,2.75438652e-07,6.18398188e-07,-3.63215797e-08,7.03967729e-06,1.57982773e-06,-0.000138713677,1051.128022036
