Displacement,FX,FY,FZ,MX,MY,MZ,L
0.0628,-0.0017766282,-0.0084526788,-0.000359684229,0.123108797,-3.15925582,1.09583328,1346.7924590819998
