Displacement,FX,FY,FZ,MX,MY,MZ,L
15.0,7.07805157e-07,0.000932216644,0.00137398764,0.527504184,-0.000116416749,-0.00232663386,1112.654187734
