Displacement,FX,FY,FZ,MX,MY,MZ,L
15.0,2.20490619e-07,4.97326258e-07,7.23230187e-08,7.4842126e-06,-2.99575564e-06,-0.00016213804,1169.0997999219999
