Displacement,FX,FY,FZ,MX,MY,MZ,L
0.0628,-0.00929326564,-0.0400667186,-0.000546693802,1.02904579,16.3750275,-2.43122193,1254.8930234210002
