Displacement,FX,FY,FZ,MX,MY,MZ,L
15.0,-1.82189979e-07,-0.0016797483,0.00476273263,2.15824338,-8.35446387e-06,0.000316717081,1331.4128559350002
