Displacement,FX,FY,FZ,MX,MY,MZ,L
15.0,-2.65240669e-05,0.0677089691,0.131302059,45.7450942,-0.00198102304,0.00652290951,1034.98507472
