Displacement,FX,FY,FZ,MX,MY,MZ,L
12.079439433530002,0.220830993,-1.07594889e-06,-0.00191510178,-1.98827072,186.391528,-228.810618,1207.9439433530001
