Displacement,FX,FY,FZ,MX,MY,MZ,L
10.51128022036,0.0524870562,-1.2311047e-08,-0.000396517804,-0.381334511,36.2416336,-47.3958243,1051.128022036
