Displacement,FX,FY,FZ,MX,MY,MZ,L
12.20207119082,0.359445257,-0.00444084985,-0.00450307922,-4.48684408,307.445527,-376.69633,1220.207119082
