Displacement,FX,FY,FZ,MX,MY,MZ,L
15.0,-4.94718552e-06,0.00257492065,0.0126241446,4.78904202,0.000123070263,0.00340300705,1155.479201803
