Displacement,FX,FY,FZ,MX,MY,MZ,L
15.0,-1.21945049e-07,-2.29477883e-06,1.26089435e-06,0.000657010556,6.55461713e-07,-7.68781109e-05,1353.906594098
