Displacement,FX,FY,FZ,MX,MY,MZ,L
15.0,-6.10947609e-07,-3.57627872e-07,7.70436599e-07,0.000422910732,-1.23004586e-05,0.000562627534,1346.7924590819998
