Displacement,FX,FY,FZ,MX,MY,MZ,L
0.0628,-0.00212327391,-0.00973349303,-0.000105664134,0.258330451,4.76540156,-0.798803417,1243.685010427
