Displacement,FX,FY,FZ,MX,MY,MZ,L
15.0,3.23168933e-07,0.000236779451,0.000879337545,0.380284939,2.13522406e-05,-0.000364003687,1207.9439433530001
