Displacement,FX,FY,FZ,MX,MY,MZ,L
15.0,0.01953125,2.3046875,-49.9542313,-21822.7815,-0.835881615,-15.1618666,1232.1219419559998
