Displacement,FX,FY,FZ,MX,MY,MZ,L
15.0,5.7220459e-06,0.397918701,1.05147016,405.281868,-0.000553792595,-0.00550486881,1169.0997999219999
