Displacement,FX,FY,FZ,MX,MY,MZ,L
15.0,-2.33761966e-07,0.00019325316,0.000242763082,0.0973845269,-8.53740746e-06,-7.48089833e-06,1082.509144629
