Displacement,FX,FY,FZ,MX,MY,MZ,L
0.0628,-0.00679344498,-0.0311361932,-0.000337421894,0.826399274,15.045964,-2.50930337,1243.685010427
