Displacement,FX,FY,FZ,MX,MY,MZ,L
11.82386635632,0.0568545149,-2.32179229e-10,-0.000485219527,-0.499874098,46.7658128,-57.6763799,1182.386635632
