Displacement,FX,FY,FZ,MX,MY,MZ,L
15.0,8.33533702e-08,0.000226557255,0.000301475287,0.122002323,-7.84202783e-06,4.50069406e-05,1097.738361015
