Displacement,FX,FY,FZ,MX,MY,MZ,L
0.0628,-0.00801917911,-0.04818479,-0.00234514475,0.565961197,-24.7626401,7.75449779,1360.63420683
