Displacement,FX,FY,FZ,MX,MY,MZ,L
15.0,-1.59721822e-06,-0.00910425186,0.0340012871,15.7496497,1.14496154e-05,0.00118328984,1353.906594098
