Displacement,FX,FY,FZ,MX,MY,MZ,L
0.0628,5.61629422e-05,-0.00346074998,5.78574836e-05,0.112758978,3.76765678,-0.892575593,1112.654187734
