Displacement,FX,FY,FZ,MX,MY,MZ,L
12.86355244347,1.66261667,-1.82987756e-05,-0.0147409737,-16.2362119,1511.32732,-1833.16729,1286.355244347
