Displacement,FX,FY,FZ,MX,MY,MZ,L
0.0628,577.12207,-4663.46875,144.914062,160031.438,2655503.55,-517022.692,1097.738361015
