Displacement,FX,FY,FZ,MX,MY,MZ,L
15.0,-4.76837159e-07,0.0207061768,0.020835191,11.6520826,-0.000190076843,0.00201553208,1346.7924590819998
