Displacement,FX,FY,FZ,MX,MY,MZ,L
0.0628,-0.00566832023,-0.0219492307,-0.000486701727,0.501182437,4.04606527,-0.0546426567,1286.355244347
