Displacement,FX,FY,FZ,MX,MY,MZ,L
11.690997999219999,0.264619814,-0.00177222314,-0.00118440058,-1.11083876,210.066378,-265.718786,1169.0997999219999
