Displacement,FX,FY,FZ,MX,MY,MZ,L
13.6063420683,0.196967158,0.000553106151,-0.00206683128,-2.4378271,233.11718,-229.497371,1360.63420683
