Displacement,FX,FY,FZ,MX,MY,MZ,L
10.669708863139999,0.219078911,-0.000140748024,-0.00175775122,-1.62502629,152.68389,-200.801487,1066.970886314
