Displacement,FX,FY,FZ,MX,MY,MZ,L
10.349850747200001,0.260462152,-0.000851704358,-0.00111839455,-1.00034173,173.681027,-231.791213,1034.98507472
