Displacement,FX,FY,FZ,MX,MY,MZ,L
15.0,2.5741756e-06,-0.000141382217,0.00132146059,0.574921551,-4.22639978e-05,-0.00187646149,1305.4988632529999
