Displacement,FX,FY,FZ,MX,MY,MZ,L
11.41528729776,0.0748456272,0.00163967201,-0.000652180985,-0.728466688,57.8861135,-73.0947883,1141.528729776
