Displacement,FX,FY,FZ,MX,MY,MZ,L
15.0,-1.79745257e-07,-5.39422036e-06,0.000203543634,0.0838383625,-1.36017151e-06,7.78217163e-05,1265.742781186
