Displacement,FX,FY,FZ,MX,MY,MZ,L
15.0,1.30571425e-06,0.0150508881,0.0100337565,4.00757031,0.00012626735,-0.00215340736,1082.509144629
