Displacement,FX,FY,FZ,MX,MY,MZ,L
0.0628,-0.00732154585,-0.0283596534,-0.000874221325,0.554438017,-1.54801835,1.58871082,1314.512958828
