Displacement,FX,FY,FZ,MX,MY,MZ,L
13.467924590819997,33.712928,-0.00124641354,-0.197662637,-227.200118,21403.5243,-38898.9944,1346.7924590819998
