Displacement,FX,FY,FZ,MX,MY,MZ,L
10.349850747200001,30285.6108,-8.52229832,-370.029577,-376469.449,1287804.23,-27013688.4,1034.98507472
