Displacement,FX,FY,FZ,MX,MY,MZ,L
15.0,0.000305175781,2.7734375,191.052368,75888.3991,-0.0411640373,-0.164354667,1182.386635632
