Displacement,FX,FY,FZ,MX,MY,MZ,L
15.0,-1.41561032e-07,0.012054503,0.00365529023,1.70200739,0.000186840501,0.000847093907,1323.1517784760001
