Displacement,FX,FY,FZ,MX,MY,MZ,L
15.0,1.24739017e-07,1.2088567e-06,-4.24624891e-08,-2.48782982e-05,5.01686939e-06,-1.67344505e-05,1265.742781186
