Displacement,FX,FY,FZ,MX,MY,MZ,L
15.0,-1.40070915e-06,-0.000255584717,0.00417329744,1.82047129,-0.000115949472,0.00121820598,1314.512958828
