Displacement,FX,FY,FZ,MX,MY,MZ,L
0.0628,-0.00203775801,-0.00811465993,-0.000273451209,0.149280448,-1.08171243,0.6051722,1323.1517784760001
