Displacement,FX,FY,FZ,MX,MY,MZ,L
0.0628,-0.00262119621,-0.0115194798,-0.000456288457,0.18276681,-3.38811675,1.28663189,1339.293832775
