Displacement,FX,FY,FZ,MX,MY,MZ,L
10.97738361015,1509.99011,-1.13786489,-9.89485276,-9870.1134,299606.28,-1427812.97,1097.738361015
