Displacement,FX,FY,FZ,MX,MY,MZ,L
13.231517784760001,0.0375984127,0.00086619013,-0.000531520927,-0.651080694,40.8529369,-42.5546056,1323.1517784760001
