Displacement,FX,FY,FZ,MX,MY,MZ,L
15.0,-1.1920929e-06,-0.0168685913,0.220406935,102.464862,-6.29531752e-05,0.00418249605,1366.973376629
