Displacement,FX,FY,FZ,MX,MY,MZ,L
0.0628,-0.0861269236,-0.407645416,-0.0173306465,5.94710187,-143.009457,50.6534429,1346.7924590819998
