Displacement,FX,FY,FZ,MX,MY,MZ,L
15.0,-4.57763672e-05,0.354003906,8.13288403,3643.86905,-0.0028391376,0.0306440061,1323.1517784760001
