Displacement,FX,FY,FZ,MX,MY,MZ,L
12.76231186255,0.0293614027,-2.21900415e-10,-0.000266791321,-0.294065655,28.571028,-32.1214828,1276.231186255
