Displacement,FX,FY,FZ,MX,MY,MZ,L
11.82386635632,0.0953365031,0.00117344446,-0.00117406086,-1.2535146,78.1248053,-96.5539912,1182.386635632
