Displacement,FX,FY,FZ,MX,MY,MZ,L
12.43685010427,98.4730318,-0.050207156,-0.588100001,-621.850274,52353.9985,-105081.081,1243.685010427
