Displacement,FX,FY,FZ,MX,MY,MZ,L
0.0628,-0.0150950812,-0.106437504,4.31537628e-05,3.14242941,78.4366497,-16.2310857,1195.335915728
