Displacement,FX,FY,FZ,MX,MY,MZ,L
0.0628,-0.00198907033,-0.0143578516,-0.000741168857,0.148595833,-8.5781981,2.57654724,1366.973376629
