Displacement,FX,FY,FZ,MX,MY,MZ,L
15.0,-7.72997736e-08,0.000481009483,0.00144571252,0.620465134,1.48437238e-05,5.81504762e-05,1207.9439433530001
