Displacement,FX,FY,FZ,MX,MY,MZ,L
10.825091446290001,1470.20489,-1.10511048,-9.53933096,-9393.96526,290434.212,-1371122.41,1082.509144629
