Displacement,FX,FY,FZ,MX,MY,MZ,L
0.0628,0.00048681302,-0.00343954866,9.44472849e-05,0.116031825,4.29658454,-1.07260005,1051.128022036
