Displacement,FX,FY,FZ,MX,MY,MZ,L
13.467924590819997,0.0355600771,0.000422100728,-0.000639370821,-0.76156754,41.6994472,-40.9942304,1346.7924590819998
