Displacement,FX,FY,FZ,MX,MY,MZ,L
11.41528729776,1.03743049,-0.00488531399,-0.0100253453,-9.59355108,775.52654,-1017.14488,1141.528729776
