Displacement,FX,FY,FZ,MX,MY,MZ,L
15.0,-7.22706318e-07,0.00101089478,0.00585375493,2.51170427,5.85480899e-05,0.000656890956,1232.1219419559998
