Displacement,FX,FY,FZ,MX,MY,MZ,L
11.690997999219999,0.0935526245,0.00122890552,-0.0011406811,-1.20952368,75.2080363,-93.6774348,1169.0997999219999
