Displacement,FX,FY,FZ,MX,MY,MZ,L
0.0628,-0.00150025531,-0.0105287749,3.01003456e-06,0.310618446,7.98975268,-1.65822026,1195.335915728
