Displacement,FX,FY,FZ,MX,MY,MZ,L
0.0628,-0.000681235455,-0.0165583799,0.000186562538,0.525287691,16.2998631,-3.7318989,1141.528729776
