Displacement,FX,FY,FZ,MX,MY,MZ,L
0.0628,-0.739076614,-12.8548422,0.134368896,406.911465,9052.70339,-2019.02772,1155.479201803
