Displacement,FX,FY,FZ,MX,MY,MZ,L
15.0,-1.78115443e-07,5.67883253e-05,6.75451593e-05,0.0298216943,-1.79190697e-05,6.76813372e-05,1066.970886314
