Displacement,FX,FY,FZ,MX,MY,MZ,L
15.0,-2.79396769e-08,2.38418577e-07,-6.79356162e-07,-0.000233207142,-2.26543323e-05,-7.56859211e-05,1339.293832775
