Displacement,FX,FY,FZ,MX,MY,MZ,L
12.65742781186,0.0449619456,0.0012888153,-0.000426367973,-0.533541718,42.5554784,-48.6532565,1265.742781186
