Displacement,FX,FY,FZ,MX,MY,MZ,L
15.0,7.50273466e-06,0.000876426697,0.00189184863,0.752013747,0.000105379406,-0.00490445226,1141.528729776
