Displacement,FX,FY,FZ,MX,MY,MZ,L
15.0,3.88920307e-06,-0.000602722168,0.0102927387,4.60523478,-6.03812109e-05,0.00272149346,1331.4128559350002
