Displacement,FX,FY,FZ,MX,MY,MZ,L
0.0628,-0.102874786,-0.513752311,-0.00395488739,14.0967088,261.459041,-46.1754999,1232.1219419559998
