Displacement,FX,FY,FZ,MX,MY,MZ,L
11.55479201803,9.44468197,-0.00647674341,-0.0732274652,-72.2350664,6499.24408,-9367.25256,1155.479201803
