Displacement,FX,FY,FZ,MX,MY,MZ,L
0.0628,0.00224741548,-0.0128828064,0.000386953354,0.436561467,16.4148601,-4.14282133,1034.98507472
