Displacement,FX,FY,FZ,MX,MY,MZ,L
15.0,1.14440918e-05,0.009765625,-0.091319561,-41.7393002,0.0048301157,0.0112434255,1097.738361015
