Displacement,FX,FY,FZ,MX,MY,MZ,L
0.0628,-0.0135364681,-0.0593627281,-0.00235342979,0.940561881,-17.2603449,6.58588152,1339.293832775
