Displacement,FX,FY,FZ,MX,MY,MZ,L
13.231517784760001,17.7968062,-0.000707886124,-0.12120036,-137.04894,13236.9738,-20178.4084,1323.1517784760001
