Displacement,FX,FY,FZ,MX,MY,MZ,L
0.0628,0.000368474983,-0.00260314276,7.15479255e-05,0.0878334029,3.25467116,-0.812542645,1051.128022036
