Displacement,FX,FY,FZ,MX,MY,MZ,L
15.0,8.94069672e-07,0.0924053192,-0.0206845254,1.08962323,-6.28814319e-05,-0.000340490202,1366.973376629
