Displacement,FX,FY,FZ,MX,MY,MZ,L
15.0,3.4570694e-06,0.00360107422,0.0143439919,5.18183594,0.000326359567,0.0119394721,1141.528729776
