Displacement,FX,FY,FZ,MX,MY,MZ,L
0.0628,-0.023285456,-0.102088394,-0.00404536724,1.61860085,-29.4939875,11.2793294,1339.293832775
