Displacement,FX,FY,FZ,MX,MY,MZ,L
15.0,-1.13248825e-06,0.0204703808,0.00857159053,5.10556415,-0.000364748631,0.000519811324,1346.7924590819998
