Displacement,FX,FY,FZ,MX,MY,MZ,L
15.0,1.49011612e-05,0.00501251221,0.0529794097,21.0166555,0.00065398388,-0.0181143098,1195.335915728
