Displacement,FX,FY,FZ,MX,MY,MZ,L
15.0,3.57627869e-06,0.00377655029,0.0213082135,7.94241152,-4.80257794e-05,0.00521912203,1155.479201803
