Displacement,FX,FY,FZ,MX,MY,MZ,L
0.0628,-0.00151102059,-0.00602154271,-0.000202804804,0.110831628,-0.801307093,0.448560389,1323.1517784760001
