Displacement,FX,FY,FZ,MX,MY,MZ,L
15.0,3.32947818e-08,-7.74860392e-07,1.65833627e-07,0.000121818687,2.0204905e-06,5.76238511e-05,1066.970886314
