Displacement,FX,FY,FZ,MX,MY,MZ,L
15.0,-1.51572749e-07,6.52372837e-05,6.74938201e-05,0.0287403714,3.84916943e-06,0.000157343708,1034.98507472
