Displacement,FX,FY,FZ,MX,MY,MZ,L
15.0,5.48362732e-06,0.00655555725,0.108231395,48.2439149,8.10189997e-05,-0.00332861929,1296.112065153
