Displacement,FX,FY,FZ,MX,MY,MZ,L
15.0,-1.10332621e-07,1.54133891e-07,-2.92784528e-08,-4.92541501e-05,2.08573068e-06,0.000133533902,1276.231186255
