Displacement,FX,FY,FZ,MX,MY,MZ,L
15.0,-2.60624802e-07,6.8359077e-07,8.69695206e-08,5.03643842e-05,-1.52522576e-05,0.000141363449,1195.335915728
