Displacement,FX,FY,FZ,MX,MY,MZ,L
13.6063420683,1335.66873,-0.481904979,-8.26709652,-9538.35126,234704.09,-1557872.72,1360.63420683
