Displacement,FX,FY,FZ,MX,MY,MZ,L
15.0,2.12341547e-07,0.000734448433,0.0013314113,0.436911525,-9.74998107e-06,0.000390896124,1051.128022036
