Displacement,FX,FY,FZ,MX,MY,MZ,L
0.0628,-0.00593098812,-0.0226915928,-0.000633537769,0.469715837,0.588062013,0.832007485,1305.4988632529999
