Displacement,FX,FY,FZ,MX,MY,MZ,L
15.0,7.36326907e-08,3.35276127e-07,-1.21421181e-07,-0.000109972018,-4.31204279e-06,-2.80675457e-05,1195.335915728
