Displacement,FX,FY,FZ,MX,MY,MZ,L
0.0628,0.0152270496,-0.107087582,0.00294470787,3.61143109,130.294535,-32.5623793,1051.128022036
