Displacement,FX,FY,FZ,MX,MY,MZ,L
15.0,6.14207238e-07,0.000337332487,0.000563000212,0.232681157,-3.45209685e-06,-0.00031316759,1141.528729776
