Displacement,FX,FY,FZ,MX,MY,MZ,L
15.0,-1.41747296e-06,0.000970363617,0.00156550482,0.547647463,-6.41026151e-05,0.000444375995,1127.252366515
