Displacement,FX,FY,FZ,MX,MY,MZ,L
0.0628,-0.0086959675,-0.0623038408,-0.00322246552,0.642532951,-36.0425997,10.9193729,1366.973376629
