Displacement,FX,FY,FZ,MX,MY,MZ,L
15.0,-4.58210707e-07,5.55533907e-07,1.86264516e-08,3.49170028e-05,-3.00373859e-05,0.000219342411,1305.4988632529999
