Displacement,FX,FY,FZ,MX,MY,MZ,L
15.0,2.06381083e-06,0.000571012497,0.00163273071,0.683070312,-3.25254569e-05,-0.00196654436,1182.386635632
