Displacement,FX,FY,FZ,MX,MY,MZ,L
11.126541877340001,1.40287837,-0.00537036582,-0.0128766494,-12.0571488,1002.87038,-1340.92454,1112.654187734
