Displacement,FX,FY,FZ,MX,MY,MZ,L
15.0,-2.38418579e-07,0.552490234,11.0089445,5008.94279,0.00620151828,0.0185029516,1339.293832775
