Displacement,FX,FY,FZ,MX,MY,MZ,L
0.0628,-0.0139915841,-0.0541882664,-0.00120031834,1.23741887,9.71479425,-0.0739612384,1286.355244347
