Displacement,FX,FY,FZ,MX,MY,MZ,L
15.0,1.09313987e-07,5.05819917e-05,6.62661914e-05,0.0224311279,2.80411855e-06,-6.62073078e-05,1034.98507472
