Displacement,FX,FY,FZ,MX,MY,MZ,L
10.51128022036,7.78069094,-0.012827236,-0.0599130355,-53.5358421,4812.60601,-7028.61708,1051.128022036
