Displacement,FX,FY,FZ,MX,MY,MZ,L
0.0628,-0.00205462938,-0.00787159521,-0.000219598413,0.163050485,0.223713124,0.283730031,1305.4988632529999
