Displacement,FX,FY,FZ,MX,MY,MZ,L
15.0,-4.02331352e-06,0.00241947174,0.0260482412,11.3607143,-0.000133638646,0.000824192439,1265.742781186
