Displacement,FX,FY,FZ,MX,MY,MZ,L
15.0,-2.40295776e-07,2.06753601e-07,9.2870324e-08,5.4874182e-05,-8.45829481e-06,0.000136583678,1066.970886314
