Displacement,FX,FY,FZ,MX,MY,MZ,L
11.55479201803,3.40637378,-0.00395833825,-0.0285946857,-28.1498285,2487.77744,-3378.46119,1155.479201803
