Displacement,FX,FY,FZ,MX,MY,MZ,L
13.314128559350001,0.175110018,0.000315701614,-0.00202410267,-2.32535016,190.370158,-199.717076,1331.4128559350002
