Displacement,FX,FY,FZ,MX,MY,MZ,L
15.0,-8.98726285e-08,-1.57719478e-06,1.57946488e-07,9.63930241e-05,3.61504397e-06,0.000156575519,1265.742781186
