Displacement,FX,FY,FZ,MX,MY,MZ,L
15.0,6.47269189e-08,0.00303097814,0.000936980949,0.340781289,7.59936574e-06,0.000143185882,1232.1219419559998
