Displacement,FX,FY,FZ,MX,MY,MZ,L
15.0,-7.96862879e-08,2.30968005e-07,-1.87894329e-07,-0.00028996859,1.03741989e-05,-0.00010402894,1286.355244347
