Displacement,FX,FY,FZ,MX,MY,MZ,L
15.0,-0.000245094299,-0.00218200684,0.131466389,56.081893,-0.00112750941,0.193355664,1296.112065153
