Displacement,FX,FY,FZ,MX,MY,MZ,L
15.0,3.15718353e-07,1.31130219e-06,5.52972779e-07,0.00018697773,1.74972435e-05,-0.000169063643,1346.7924590819998
