Displacement,FX,FY,FZ,MX,MY,MZ,L
15.0,-2.11643056e-07,-0.0015925467,0.00479214656,2.16950071,2.1283281e-06,0.000107275124,1331.4128559350002
