Displacement,FX,FY,FZ,MX,MY,MZ,L
15.0,6.61611557e-06,0.00219249725,0.0176309217,7.42085228,0.000301893733,-0.00519911528,1232.1219419559998
