Displacement,FX,FY,FZ,MX,MY,MZ,L
15.0,-1.76206231e-06,0.00122010708,0.00121486606,0.426343251,3.66936462e-05,0.000408199079,1141.528729776
