Displacement,FX,FY,FZ,MX,MY,MZ,L
15.0,7.82310967e-08,0.000635147095,0.00249110442,1.05846689,5.77693409e-05,-0.000510916031,1207.9439433530001
