Displacement,FX,FY,FZ,MX,MY,MZ,L
15.0,9.83476639e-07,0.000896930695,0.000141302124,0.0473760097,-1.48919182e-05,0.0012566967,1051.128022036
