Displacement,FX,FY,FZ,MX,MY,MZ,L
15.0,1.81782525e-07,7.28294251e-07,-1.86439138e-07,-0.000114404965,-2.314639e-06,-0.00030425239,1296.112065153
