Displacement,FX,FY,FZ,MX,MY,MZ,L
15.0,-2.38418579e-07,0.00297194719,0.00102852289,0.375999554,2.10848472e-05,-2.50823742e-05,1232.1219419559998
