Displacement,FX,FY,FZ,MX,MY,MZ,L
0.0628,1.24580002,-10.564436,0.28062439,357.158401,10245.937,-2556.61872,1066.970886314
