Displacement,FX,FY,FZ,MX,MY,MZ,L
15.0,1.38115138e-06,0.000415742397,0.000660195947,0.2683273,1.16344552e-05,-0.000497692648,1127.252366515
