Displacement,FX,FY,FZ,MX,MY,MZ,L
11.55479201803,299.291388,-0.497954056,-1.73536727,-1700.13067,115603.493,-297289.517,1155.479201803
