Displacement,FX,FY,FZ,MX,MY,MZ,L
12.548930234210001,0.149512109,-0.00274341715,-0.00245544215,-2.49825264,137.644968,-161.154884,1254.8930234210002
