Displacement,FX,FY,FZ,MX,MY,MZ,L
15.0,2.32458115e-06,-0.000762939453,0.0194546208,8.78588385,1.56728544e-05,-0.000950613881,1339.293832775
