Displacement,FX,FY,FZ,MX,MY,MZ,L
11.95335915728,9.93303266,-0.00444623662,-0.0768530667,-78.4943285,7121.25818,-10187.1769,1195.335915728
