Displacement,FX,FY,FZ,MX,MY,MZ,L
15.0,-6.51925802e-07,0.000209033489,0.000324831344,0.151980793,-1.56406859e-05,0.000371432772,1207.9439433530001
