Displacement,FX,FY,FZ,MX,MY,MZ,L
0.0628,0.000102773309,-0.00629905425,0.000105164945,0.205175354,6.84540718,-1.62156325,1112.654187734
