Displacement,FX,FY,FZ,MX,MY,MZ,L
13.314128559350001,35.8952483,-0.00251702719,-0.216426611,-245.888476,23101.4202,-40952.3005,1331.4128559350002
