Displacement,FX,FY,FZ,MX,MY,MZ,L
0.0628,-0.00284707826,-0.0110387132,-0.000340029597,0.216028841,-0.582705248,0.613659935,1314.512958828
