Displacement,FX,FY,FZ,MX,MY,MZ,L
15.0,4.41412586e-16,-7.84375,308.731659,143527.316,0.0015068939,-2.62260492e-06,1360.63420683
