Displacement,FX,FY,FZ,MX,MY,MZ,L
15.0,4.62750901e-08,-1.16787851e-06,-1.45257219e-07,-0.000104982039,8.4956159e-06,4.61449511e-06,1195.335915728
