Displacement,FX,FY,FZ,MX,MY,MZ,L
13.231517784760001,0.0591191889,-0.000115264946,-0.00108310068,-1.22168538,64.0989619,-67.0292478,1323.1517784760001
