Displacement,FX,FY,FZ,MX,MY,MZ,L
0.0628,-0.00701133162,-0.0746396706,0.000439167023,2.29288102,64.2589431,-14.0898337,1169.0997999219999
