Displacement,FX,FY,FZ,MX,MY,MZ,L
12.20207119082,10.1544512,-0.00332054167,-0.0783085916,-81.6758741,7470.83869,-10628.267,1220.207119082
