Displacement,FX,FY,FZ,MX,MY,MZ,L
12.65742781186,0.149992221,-0.00247359992,-0.00241362764,-2.48834085,140.899166,-163.011329,1265.742781186
