Displacement,FX,FY,FZ,MX,MY,MZ,L
15.0,2.16066837e-07,-4.54485415e-07,-4.54136171e-07,-0.000238573103,1.93440972e-05,-6.88205081e-06,1323.1517784760001
