Displacement,FX,FY,FZ,MX,MY,MZ,L
11.95335915728,1710.51907,-1.63644568,-11.9370629,-12730.6446,344788.464,-1759154.08,1195.335915728
