Displacement,FX,FY,FZ,MX,MY,MZ,L
0.0628,-0.0010620309,-0.00642663724,-0.000311732292,0.0760417902,-3.3999679,1.05526372,1360.63420683
