Displacement,FX,FY,FZ,MX,MY,MZ,L
15.0,-3.02791595e-05,0.204050064,0.0874451771,37.3419596,6.56444524e-05,0.0522268823,1220.207119082
