Displacement,FX,FY,FZ,MX,MY,MZ,L
15.0,-2.27242708e-07,-1.71363353e-07,1.83354131e-07,-2.03412212e-05,1.62356815e-05,-0.000155877983,1169.0997999219999
