Displacement,FX,FY,FZ,MX,MY,MZ,L
15.0,-4.3399632e-07,0.0453515202,-0.00377362221,-0.449409698,-0.000184169864,-0.00191325161,1265.742781186
