Displacement,FX,FY,FZ,MX,MY,MZ,L
15.0,1.87661499e-07,2.60770361e-08,2.36585038e-07,0.000361133689,2.65135387e-06,5.87274207e-05,1207.9439433530001
