Displacement,FX,FY,FZ,MX,MY,MZ,L
15.0,4.56348061e-07,-1.14366412e-06,-2.27009882e-08,9.58305066e-06,7.1359844e-06,-0.000225723397,1155.479201803
