Displacement,FX,FY,FZ,MX,MY,MZ,L
15.0,8.36327672e-07,-0.000102996826,0.000733594992,0.3161043,-6.46110069e-05,-0.00122510168,1296.112065153
