Displacement,FX,FY,FZ,MX,MY,MZ,L
15.0,2.06002224e-16,-0.396484375,225.395813,99270.9075,0.0147031017,-7.15255978e-07,1296.112065153
