Displacement,FX,FY,FZ,MX,MY,MZ,L
0.0628,-0.000958272256,-0.0140060764,0.000119581819,0.437524518,13.0623055,-2.93182767,1155.479201803
