Displacement,FX,FY,FZ,MX,MY,MZ,L
15.0,8.94069668e-08,0.00117444992,0.0184345478,8.25228099,7.86903886e-05,0.000607555836,1286.355244347
