Displacement,FX,FY,FZ,MX,MY,MZ,L
12.321219419559998,0.22560535,-0.00448413957,-0.00335226394,-3.31157218,198.420844,-238.895464,1232.1219419559998
