Displacement,FX,FY,FZ,MX,MY,MZ,L
15.0,-1.19674951e-06,0.00139410794,0.000876039267,0.302625682,-2.41480434e-05,0.000869572609,1141.528729776
