Displacement,FX,FY,FZ,MX,MY,MZ,L
15.0,5.51342964e-06,0.00127506256,0.0063560605,2.61723102,-2.57524067e-05,-0.0028883316,1195.335915728
