Displacement,FX,FY,FZ,MX,MY,MZ,L
15.0,3.2717362e-06,0.000646591187,0.00195809454,0.65890819,4.55281263e-05,-0.00240954494,1066.970886314
