Displacement,FX,FY,FZ,MX,MY,MZ,L
15.0,-1.94180757e-07,8.61287117e-05,0.000114784285,0.0537286454,4.77310777e-06,0.000107747837,1155.479201803
