Displacement,FX,FY,FZ,MX,MY,MZ,L
0.0628,0.474928856,-4.13248754,0.107254028,139.285713,4285.91594,-1066.1758,1066.970886314
