Displacement,FX,FY,FZ,MX,MY,MZ,L
15.0,-0.00390625,1.27050781,15.6368027,6944.77693,0.0075940504,0.964444052,1323.1517784760001
