Displacement,FX,FY,FZ,MX,MY,MZ,L
15.0,-8.56816762e-08,-3.24100253e-07,-4.77593857e-07,-0.00029671767,-1.53357266e-05,4.83730089e-05,1331.4128559350002
