Displacement,FX,FY,FZ,MX,MY,MZ,L
15.0,2.00271606e-05,0.391735077,0.118613884,50.0630102,0.00170242058,-0.0369610455,1243.685010427
