Displacement,FX,FY,FZ,MX,MY,MZ,L
0.0628,0.00152450241,-0.0139490757,0.000345095992,0.467198219,16.8233965,-4.15105942,1066.970886314
