Displacement,FX,FY,FZ,MX,MY,MZ,L
15.0,-1.59536285e-07,1.54599563e-07,3.29600878e-08,1.78099444e-05,-1.39457459e-06,2.89359584e-05,1082.509144629
