Displacement,FX,FY,FZ,MX,MY,MZ,L
13.14512958828,297.835958,-0.12459167,-1.48213214,-1647.80051,109096.514,-335737.092,1314.512958828
