Displacement,FX,FY,FZ,MX,MY,MZ,L
12.321219419559998,5.96753535,-0.00185660401,-0.0480605743,-50.6293318,4644.29015,-6306.0002,1232.1219419559998
