Displacement,FX,FY,FZ,MX,MY,MZ,L
15.0,-0.000242233276,0.0129547119,0.101597726,51.5625101,0.00423963017,0.243293825,1346.7924590819998
