Displacement,FX,FY,FZ,MX,MY,MZ,L
13.467924590819997,265.849824,-0.0491431671,-1.22916645,-1402.38863,90906.3358,-306851.011,1346.7924590819998
