Displacement,FX,FY,FZ,MX,MY,MZ,L
15.0,9.31322581e-10,-1.1920929e-06,3.89898196e-06,0.00189215091,-4.59049739e-06,-1.49744397e-05,1360.63420683
