Displacement,FX,FY,FZ,MX,MY,MZ,L
0.0628,-0.0614986662,-0.244666353,-0.00468492508,5.84226465,58.6289901,-4.2386302,1276.231186255
