Displacement,FX,FY,FZ,MX,MY,MZ,L
15.0,1.22189522e-06,0.00131773949,0.00434447732,1.59453141,0.000221133697,-0.00438301213,1182.386635632
