Displacement,FX,FY,FZ,MX,MY,MZ,L
15.0,-1.07884407e-05,0.00425720215,0.0488423109,20.6542501,0.000204394782,0.00451132047,1243.685010427
