Displacement,FX,FY,FZ,MX,MY,MZ,L
12.96112065153,0.0717293965,0.000108624182,-0.00119897514,-1.33821038,72.4075859,-79.6653041,1296.112065153
