Displacement,FX,FY,FZ,MX,MY,MZ,L
15.0,-1.7285347e-06,-0.00857925415,0.0998709053,46.1807314,4.26866872e-05,-9.60686598e-06,1360.63420683
