Displacement,FX,FY,FZ,MX,MY,MZ,L
12.65742781186,1.176387,-0.00016659345,-0.0107740797,-11.6734327,1048.48924,-1276.53925,1265.742781186
