Displacement,FX,FY,FZ,MX,MY,MZ,L
0.0628,-1.69688559,-6.6410445,-0.176986694,140.662097,-198.34417,315.403915,1305.4988632529999
