Displacement,FX,FY,FZ,MX,MY,MZ,L
15.0,2.52723694e-05,0.117469788,0.322646916,113.274109,0.000237820478,-0.0267342957,1051.128022036
