Displacement,FX,FY,FZ,MX,MY,MZ,L
15.0,-4.47034837e-08,0.0125106573,0.00489024073,2.45037413,9.99601344e-05,0.000342870916,1331.4128559350002
