Displacement,FX,FY,FZ,MX,MY,MZ,L
15.0,-0.00194549561,0.00146484375,-1.24489594,-491.063855,0.00917193828,1.01352931,1066.970886314
