Displacement,FX,FY,FZ,MX,MY,MZ,L
15.0,6.25848771e-07,0.0109643936,0.00688832719,3.76489327,0.000157127027,-0.00194958261,1339.293832775
