Displacement,FX,FY,FZ,MX,MY,MZ,L
15.0,-1.17288436e-07,4.04194002e-07,-2.82525437e-08,-2.72787839e-05,1.11408423e-05,-1.15292912e-05,1243.685010427
