Displacement,FX,FY,FZ,MX,MY,MZ,L
11.272523665149999,0.410002868,-2.22439669e-06,-0.00339849654,-3.29917149,306.134356,-396.744694,1127.252366515
