Displacement,FX,FY,FZ,MX,MY,MZ,L
15.0,-3.05175781e-05,0.362304687,8.36263847,3509.29027,0.00858299642,-0.0845463434,1265.742781186
