Displacement,FX,FY,FZ,MX,MY,MZ,L
15.0,-1.93715096e-07,0.00122451782,0.00310281478,1.20712323,0.000102588205,0.0017573772,1141.528729776
