Displacement,FX,FY,FZ,MX,MY,MZ,L
12.079439433530002,0.0430350089,-4.78387507e-10,-0.000372693117,-0.391941612,36.8833954,-44.5900445,1207.9439433530001
