Displacement,FX,FY,FZ,MX,MY,MZ,L
0.0628,-0.0146422312,-0.0560177548,-0.00156313181,1.15943308,1.2605334,2.09597981,1305.4988632529999
