Displacement,FX,FY,FZ,MX,MY,MZ,L
11.55479201803,0.0345894014,-4.66727999e-09,-0.00028495671,-0.292654974,27.4413992,-34.2995659,1155.479201803
