Displacement,FX,FY,FZ,MX,MY,MZ,L
0.0628,-0.0145280808,-0.0577396024,-0.00194770098,1.06048406,-7.81174547,4.33393705,1323.1517784760001
