Displacement,FX,FY,FZ,MX,MY,MZ,L
13.669733766290001,0.0513642556,0.00014647659,-0.000813960301,-0.960999146,64.664157,-60.1210959,1366.973376629
