Displacement,FX,FY,FZ,MX,MY,MZ,L
15.0,-4.80189919e-06,0.0623636246,0.0698975772,26.2722503,0.000114592683,0.00559611611,1097.738361015
