Displacement,FX,FY,FZ,MX,MY,MZ,L
15.0,-3.61353159e-07,0.000403165817,0.000684806146,0.281770142,-3.04161957e-05,0.000283969355,1141.528729776
