Displacement,FX,FY,FZ,MX,MY,MZ,L
15.0,1.75833702e-06,0.00159168243,0.00564808771,2.206535,-0.000178730235,-0.00202794187,1155.479201803
