Displacement,FX,FY,FZ,MX,MY,MZ,L
0.0628,-0.00145376334,-0.00789720099,-4.16040421e-05,0.221991336,4.97445363,-0.953004874,1220.207119082
