Displacement,FX,FY,FZ,MX,MY,MZ,L
13.39293832775,3.38554877,0.000526652992,-0.0276184436,-31.6750479,3177.53412,-3884.36548,1339.293832775
