Displacement,FX,FY,FZ,MX,MY,MZ,L
15.0,-3.68906565e-16,0.00366210938,-0.218448877,-82.6127956,0.00117420639,0.0201184889,1034.98507472
