Displacement,FX,FY,FZ,MX,MY,MZ,L
15.0,-1.49011611e-08,-1.35204755e-06,1.38068571e-07,8.59139772e-05,1.52053059e-05,2.3325548e-05,1305.4988632529999
