Displacement,FX,FY,FZ,MX,MY,MZ,L
15.0,1.22189522e-06,0.0115069151,0.00582442433,2.88188141,7.32053506e-06,-0.000595870042,1331.4128559350002
