Displacement,FX,FY,FZ,MX,MY,MZ,L
12.86355244347,5.97209002,-0.000359532614,-0.0475327,-52.3179315,4972.47592,-6584.97627,1286.355244347
