Displacement,FX,FY,FZ,MX,MY,MZ,L
13.669733766290001,0.304026628,0.000521275229,-0.00304852382,-3.59474585,360.236197,-355.883589,1366.973376629
