Displacement,FX,FY,FZ,MX,MY,MZ,L
12.76231186255,315.542767,-0.237606564,-1.67614484,-1808.37329,120127.572,-345571.835,1276.231186255
