Displacement,FX,FY,FZ,MX,MY,MZ,L
15.0,2.13520252e-07,0.00627475232,0.00168926804,0.664517565,-8.46452198e-06,-0.00118301532,1286.355244347
