Displacement,FX,FY,FZ,MX,MY,MZ,L
0.0628,-51.8233643,-327.591156,-12.7695312,5631.28666,-157851.476,41225.7044,1360.63420683
