Displacement,FX,FY,FZ,MX,MY,MZ,L
0.0628,-0.00189696811,-0.00834308576,-0.000330239534,0.132553174,-2.45654992,0.93210503,1339.293832775
