Displacement,FX,FY,FZ,MX,MY,MZ,L
15.0,0.000198364258,0.0161132813,0.0319423676,2.54610623,-0.00376579185,-0.216810642,1127.252366515
