Displacement,FX,FY,FZ,MX,MY,MZ,L
11.82386635632,1.56880404,-0.0017678946,-0.0140583962,-14.1698958,1222.59593,-1591.71706,1182.386635632
