Displacement,FX,FY,FZ,MX,MY,MZ,L
15.0,-9.02451574e-07,-0.00154078007,0.00481041498,2.17663869,-1.22065461e-05,0.000569661595,1331.4128559350002
