Displacement,FX,FY,FZ,MX,MY,MZ,L
12.86355244347,0.477448454,0.000227985463,-0.00477960892,-5.27929475,455.220794,-526.395737,1286.355244347
