Displacement,FX,FY,FZ,MX,MY,MZ,L
15.0,1.05500221e-05,0.00539016724,0.0838339999,37.0385568,2.60937218e-05,-0.0150447298,1286.355244347
