Displacement,FX,FY,FZ,MX,MY,MZ,L
13.539065940979999,0.0301594886,0.000443452261,-0.000552263373,-0.665706274,36.3455043,-34.9455042,1353.906594098
