Displacement,FX,FY,FZ,MX,MY,MZ,L
15.0,-1.46217644e-07,1.05798245e-06,-5.99189661e-07,-0.000428931115,4.0385388e-06,7.69107875e-05,1331.4128559350002
