Displacement,FX,FY,FZ,MX,MY,MZ,L
11.41528729776,0.750246452,-0.00153278074,-0.00522626447,-5.05545662,564.198467,-735.316235,1141.528729776
