Displacement,FX,FY,FZ,MX,MY,MZ,L
15.0,-2.18488276e-06,0.000434875488,0.000340538099,0.127302804,-5.41519093e-05,0.000658008958,1034.98507472
