Displacement,FX,FY,FZ,MX,MY,MZ,L
15.0,-5.68106769e-08,0.000761836767,0.001124918,0.361805169,-5.21612834e-05,0.000528384673,1034.98507472
