Displacement,FX,FY,FZ,MX,MY,MZ,L
15.0,-3.37720849e-07,0.00100132823,0.000775962952,0.251928043,-3.9375394e-05,0.000366290783,1066.970886314
