Displacement,FX,FY,FZ,MX,MY,MZ,L
0.0628,-0.0218299925,-0.103415737,-0.00440752506,1.50242465,-37.5310744,13.1558392,1346.7924590819998
