Displacement,FX,FY,FZ,MX,MY,MZ,L
15.0,-1.33737922e-06,0.00761827081,0.00181867834,0.731533549,2.35325766e-05,0.00154659857,1296.112065153
