Displacement,FX,FY,FZ,MX,MY,MZ,L
0.0628,0.176025391,-41.1226616,0.69934082,1347.69087,29290.6655,-6831.34984,1127.252366515
