Displacement,FX,FY,FZ,MX,MY,MZ,L
15.0,2.58535147e-06,0.00132551789,0.00125968852,0.447249776,3.58741022e-05,-0.000382234753,1155.479201803
