Displacement,FX,FY,FZ,MX,MY,MZ,L
15.0,6.2584877e-07,0.00170850754,0.0152091654,6.67665835,2.02972684e-05,-0.00013296679,1265.742781186
