Displacement,FX,FY,FZ,MX,MY,MZ,L
15.0,6.67572021e-06,0.0174560547,0.399867058,161.84727,0.00278867311,-0.0092495837,1220.207119082
