Displacement,FX,FY,FZ,MX,MY,MZ,L
0.0628,-0.00319709815,-0.0339178704,0.000197947025,1.04183506,29.5162356,-6.47480483,1169.0997999219999
