Displacement,FX,FY,FZ,MX,MY,MZ,L
15.0,-8.09086484e-08,5.52088022e-05,7.17897492e-05,0.0247789645,-1.47879854e-06,-6.73073757e-05,1051.128022036
