Displacement,FX,FY,FZ,MX,MY,MZ,L
15.0,6.19888306e-06,0.0063457489,0.100653987,45.4009988,-1.16924408e-05,-0.0036159435,1305.4988632529999
