Displacement,FX,FY,FZ,MX,MY,MZ,L
15.0,-2.63005495e-06,1.19209288e-07,1.85966492e-05,0.00877377314,-6.40296139e-06,0.00248750065,1366.973376629
