Displacement,FX,FY,FZ,MX,MY,MZ,L
15.0,-2.77999788e-07,-1.33831054e-06,-2.38593202e-07,-4.77939711e-05,-2.29886024e-06,0.000248043957,1314.512958828
