Displacement,FX,FY,FZ,MX,MY,MZ,L
11.126541877340001,0.124801051,0.00116421446,-0.00144185266,-1.44015962,92.7321295,-119.034684,1112.654187734
