Displacement,FX,FY,FZ,MX,MY,MZ,L
15.0,5.35510485e-08,0.000264257193,0.00052652476,0.243264315,-3.87572118e-06,1.27835257e-05,1232.1219419559998
