Displacement,FX,FY,FZ,MX,MY,MZ,L
10.51128022036,2.79482757,-0.00741891038,-0.0233241608,-20.7497297,1813.73341,-2524.99742,1051.128022036
