Displacement,FX,FY,FZ,MX,MY,MZ,L
0.0628,-0.0174367086,-0.0691759847,-0.00133371353,1.64907176,17.5867228,-1.41765011,1276.231186255
