Displacement,FX,FY,FZ,MX,MY,MZ,L
10.51128022036,1384.65579,-1.06410945,-8.80662918,-8430.46473,270714.504,-1254296.21,1051.128022036
