Displacement,FX,FY,FZ,MX,MY,MZ,L
15.0,4.84287732e-08,-0.00579833984,0.0396893397,18.2819549,2.60644275e-05,0.000461481016,1353.906594098
