Displacement,FX,FY,FZ,MX,MY,MZ,L
13.669733766290001,234.093898,-0.0191566623,-1.03650473,-1202.51669,73787.6485,-274134.9,1366.973376629
