Displacement,FX,FY,FZ,MX,MY,MZ,L
15.0,-4.58210707e-07,0.000646352768,0.00156756071,0.63920837,-2.16612132e-05,0.000322740964,1155.479201803
