Displacement,FX,FY,FZ,MX,MY,MZ,L
12.76231186255,2.44865762,-0.000244649687,-0.0210710336,-23.0149354,2144.24118,-2678.89448,1276.231186255
