Displacement,FX,FY,FZ,MX,MY,MZ,L
15.0,-3.81469727e-05,-0.0228881836,0.775468826,343.900964,-0.0165002888,-0.000636364334,1323.1517784760001
