Displacement,FX,FY,FZ,MX,MY,MZ,L
15.0,-4.57763672e-05,0.052734375,1.42801142,582.028143,-0.00358802688,0.0416278571,1232.1219419559998
