Displacement,FX,FY,FZ,MX,MY,MZ,L
0.0628,-0.0251737162,-0.0963491723,-0.00268566608,1.99492235,1.8985665,3.66247184,1305.4988632529999
