Displacement,FX,FY,FZ,MX,MY,MZ,L
15.0,-1.16415322e-07,-0.000154048204,0.000661287282,0.285934331,-2.7024551e-05,7.95641357e-05,1296.112065153
