Displacement,FX,FY,FZ,MX,MY,MZ,L
15.0,-3.27825547e-07,-0.00108242035,0.0141391866,6.39140069,0.000168478878,0.000795905058,1339.293832775
