Displacement,FX,FY,FZ,MX,MY,MZ,L
12.079439433530002,1.13659447,-0.0010332584,-0.010507724,-10.8316061,927.288908,-1177.78884,1207.9439433530001
