Displacement,FX,FY,FZ,MX,MY,MZ,L
15.0,-8.00937404e-08,0.000372827053,0.000668227498,0.310232148,9.37969211e-06,1.1749986e-05,1232.1219419559998
