Displacement,FX,FY,FZ,MX,MY,MZ,L
15.0,1.10268593e-05,0.00511550903,0.0172744691,7.50241603,0.000736577833,-0.0011956411,1314.512958828
