Displacement,FX,FY,FZ,MX,MY,MZ,L
15.0,-2.33948231e-06,0.00146484375,-0.000365793705,-0.176869794,-0.000101975493,0.000883185998,1066.970886314
