Displacement,FX,FY,FZ,MX,MY,MZ,L
15.0,5.88595867e-07,6.76512718e-06,-4.62890603e-06,-0.00213924755,2.81764067e-05,-0.000505955934,1346.7924590819998
