Displacement,FX,FY,FZ,MX,MY,MZ,L
0.0628,-0.00839575753,-0.0368310488,-0.00146025419,0.583610327,-10.7576272,4.09801867,1339.293832775
