Displacement,FX,FY,FZ,MX,MY,MZ,L
10.97738361015,0.0579965743,-7.91461745e-09,-0.000462430879,-0.452588156,42.4620292,-54.6674337,1097.738361015
