Displacement,FX,FY,FZ,MX,MY,MZ,L
0.0628,-0.149686575,-0.575860143,-0.0142402649,12.6073807,45.2725859,13.1707328,1296.112065153
