Displacement,FX,FY,FZ,MX,MY,MZ,L
0.0628,-0.0700263977,-0.417401086,-0.0202937126,4.9311052,-199.546028,63.7096046,1360.63420683
