Displacement,FX,FY,FZ,MX,MY,MZ,L
15.0,1.65713526e-16,0.100585938,0.848415375,269.912077,0.00181624351,6.05359525e-07,1169.0997999219999
