Displacement,FX,FY,FZ,MX,MY,MZ,L
15.0,2.81631947e-06,-0.013420105,0.0792235471,36.7937066,-6.05388674e-06,-0.00354849492,1360.63420683
