Displacement,FX,FY,FZ,MX,MY,MZ,L
15.0,8.58306885e-06,0.00315856934,-0.0172996819,-6.80996098,0.000484170003,0.000809836564,1051.128022036
