Displacement,FX,FY,FZ,MX,MY,MZ,L
15.0,-5.05894423e-06,0.000929832458,0.00347402133,1.20815439,-5.25442396e-05,0.00493582042,1112.654187734
