Displacement,FX,FY,FZ,MX,MY,MZ,L
0.0628,-891.740234,-5772.04443,-36.515625,168600.68,-3092828.6,525881.624,1305.4988632529999
