Displacement,FX,FY,FZ,MX,MY,MZ,L
15.0,0.000122070313,0.313476563,7.05174828,2914.55439,0.000955963798,-0.209068233,1254.8930234210002
