Displacement,FX,FY,FZ,MX,MY,MZ,L
15.0,-2.63331458e-07,8.64639878e-05,0.000102491322,0.0493773203,-7.05854066e-06,0.000104363791,1169.0997999219999
