Displacement,FX,FY,FZ,MX,MY,MZ,L
0.0628,-0.57487154,-3.40410487,-0.163715363,41.4310443,-1470.42668,479.839259,1360.63420683
