Displacement,FX,FY,FZ,MX,MY,MZ,L
13.6063420683,0.314859032,0.00053731662,-0.00315337046,-3.70151352,365.497103,-366.880492,1360.63420683
