Displacement,FX,FY,FZ,MX,MY,MZ,L
15.0,-9.67178494e-07,0.00236215442,0.000865079637,0.309098,-2.93268826e-05,0.000341342552,1207.9439433530001
