Displacement,FX,FY,FZ,MX,MY,MZ,L
15.0,-6.2957406e-07,-0.00470435619,0.0167983719,7.72317134,1.97471687e-06,0.000959713397,1346.7924590819998
