Displacement,FX,FY,FZ,MX,MY,MZ,L
0.0628,-0.0473746359,-0.28282064,-0.0137572289,3.33583073,-137.458181,43.6989145,1360.63420683
