Displacement,FX,FY,FZ,MX,MY,MZ,L
0.0628,-0.00099717034,-0.00475275901,-0.000201918185,0.0694274218,-1.78021878,0.616695035,1346.7924590819998
