Displacement,FX,FY,FZ,MX,MY,MZ,L
15.0,9.9092722e-07,0.0011048317,0.00587475859,2.48552989,9.05332372e-05,-0.0020577917,1220.207119082
