Displacement,FX,FY,FZ,MX,MY,MZ,L
11.272523665149999,0.247051177,-0.0016998558,-0.000982210244,-0.887955576,185.332455,-239.33093,1127.252366515
