Displacement,FX,FY,FZ,MX,MY,MZ,L
0.0628,-0.00718100183,-0.0274726981,-0.000687927008,0.598546873,2.87600159,0.47701396,1296.112065153
