Displacement,FX,FY,FZ,MX,MY,MZ,L
13.6063420683,0.986142524,0.000568949923,-0.0089157871,-10.4099001,1067.83846,-1149.14458,1360.63420683
