Displacement,FX,FY,FZ,MX,MY,MZ,L
11.272523665149999,0.128206442,0.000468360399,-0.00169227552,-1.66530389,97.1741139,-123.981446,1127.252366515
