Displacement,FX,FY,FZ,MX,MY,MZ,L
15.0,-3.62284481e-07,-9.86270602e-07,8.43647282e-08,1.329796e-05,-2.14600239e-05,0.000210307617,1243.685010427
