Displacement,FX,FY,FZ,MX,MY,MZ,L
0.0628,-0.242262274,-0.934212565,-0.0229940414,20.4896025,66.6442191,22.7624962,1296.112065153
