Displacement,FX,FY,FZ,MX,MY,MZ,L
0.0628,-0.24640283,-0.949261419,-0.0261201859,19.7784215,-0.59415057,39.9623366,1305.4988632529999
