Displacement,FX,FY,FZ,MX,MY,MZ,L
12.65742781186,3.74743432,-0.000574812829,-0.0312090293,-33.7974918,3147.45804,-4066.5759,1265.742781186
