Displacement,FX,FY,FZ,MX,MY,MZ,L
13.314128559350001,0.117172849,-0.000104046957,-0.0016038102,-1.82320279,128.573399,-133.661031,1331.4128559350002
