Displacement,FX,FY,FZ,MX,MY,MZ,L
0.0628,-0.0012768046,-0.00530368777,-0.000194080174,0.0911463079,-1.13530502,0.494798465,1331.4128559350002
