Displacement,FX,FY,FZ,MX,MY,MZ,L
13.6063420683,15.1286467,0.000379660781,-0.0978902266,-113.843684,11140.3783,-17631.0128,1360.63420683
