Displacement,FX,FY,FZ,MX,MY,MZ,L
15.0,-7.27176666e-06,-0.0011138916,0.0241529644,10.914251,4.21830277e-05,0.00247149221,1339.293832775
