Displacement,FX,FY,FZ,MX,MY,MZ,L
0.0628,0.0009107152,-0.00522021763,0.000156983733,0.176952143,6.68085474,-1.68604957,1034.98507472
