Displacement,FX,FY,FZ,MX,MY,MZ,L
12.65742781186,0.184433068,-0.00273886523,-0.00275691354,-2.84666775,172.671038,-200.411425,1265.742781186
