Displacement,FX,FY,FZ,MX,MY,MZ,L
13.14512958828,18.1653124,-0.00105448722,-0.124889176,-140.295602,13463.7956,-20463.7548,1314.512958828
