Displacement,FX,FY,FZ,MX,MY,MZ,L
15.0,-7.88830221e-07,-5.57303429e-06,0.000205983291,0.0847017424,-1.17174711e-05,0.000774841312,1265.742781186
