Displacement,FX,FY,FZ,MX,MY,MZ,L
0.0628,-6.97159195,-48.2568092,0.0344238281,1431.05782,20256.0333,-3745.37963,1207.9439433530001
