Displacement,FX,FY,FZ,MX,MY,MZ,L
15.0,3.59956175e-07,-2.0749867e-06,-2.17929482e-07,-0.000325317873,-3.37824311e-06,1.48108786e-05,1296.112065153
