Displacement,FX,FY,FZ,MX,MY,MZ,L
11.95335915728,0.0578235534,1.12789891e-09,-0.000498115405,-0.517376931,48.4970253,-59.2946356,1195.335915728
