Displacement,FX,FY,FZ,MX,MY,MZ,L
15.0,2.67289579e-07,0.000190496445,0.000373408955,0.157805701,1.1313244e-05,-0.000111557812,1155.479201803
