Displacement,FX,FY,FZ,MX,MY,MZ,L
15.0,3.12924385e-07,0.00111293793,-0.000219814479,-0.0941887329,-3.99160043e-05,-0.00124719273,1051.128022036
