Displacement,FX,FY,FZ,MX,MY,MZ,L
15.0,4.51691446e-08,-8.04662704e-06,0.000201252929,0.0830296418,-9.91557332e-07,-4.76239755e-05,1265.742781186
