Displacement,FX,FY,FZ,MX,MY,MZ,L
15.0,-1.31316483e-07,0.00021776557,0.000247761491,0.0962071727,-4.85561192e-06,6.42850285e-05,1051.128022036
