Displacement,FX,FY,FZ,MX,MY,MZ,L
15.0,-9.68575478e-07,-0.00403594971,0.0543244779,24.9340283,-0.000346675797,0.00158466743,1353.906594098
