Displacement,FX,FY,FZ,MX,MY,MZ,L
0.0628,-0.0990115404,-0.380035624,-0.0105309486,7.89189658,3.55705402,15.2476317,1305.4988632529999
