Displacement,FX,FY,FZ,MX,MY,MZ,L
0.0628,-0.0164895952,-0.0781384101,-0.00333106518,1.13460051,-28.5070658,9.97573063,1346.7924590819998
