Displacement,FX,FY,FZ,MX,MY,MZ,L
15.0,3.25962901e-07,3.44216824e-06,-6.40284269e-08,-0.000187103771,1.81102645e-05,-0.000426157503,1323.1517784760001
