Displacement,FX,FY,FZ,MX,MY,MZ,L
15.0,0.000122070313,1.7265625,187.997192,73840.8405,0.0200177141,-0.0442657322,1169.0997999219999
