Displacement,FX,FY,FZ,MX,MY,MZ,L
13.467924590819997,0.568708355,0.000527110756,-0.00542609394,-6.28306001,617.820308,-656.056745,1346.7924590819998
