Displacement,FX,FY,FZ,MX,MY,MZ,L
0.0628,0.309497833,-11.7303963,0.217895508,386.35946,9935.34596,-2366.51126,1112.654187734
