Displacement,FX,FY,FZ,MX,MY,MZ,L
0.0628,-0.00531311333,-0.131966054,0.001506567,4.19050662,126.583908,-28.9786468,1141.528729776
