Displacement,FX,FY,FZ,MX,MY,MZ,L
0.0628,-0.701879978,-3.33049759,-0.139648438,49.6553088,-1090.79427,392.515493,1346.7924590819998
