Displacement,FX,FY,FZ,MX,MY,MZ,L
10.349850747200001,0.338305029,-0.000178256985,-0.00266796816,-2.3909591,225.50489,-300.881906,1034.98507472
