Displacement,FX,FY,FZ,MX,MY,MZ,L
0.0628,0.218584061,-1.93125379,0.0493888855,64.958318,2091.21917,-519.040876,1066.970886314
