Displacement,FX,FY,FZ,MX,MY,MZ,L
15.0,-0.000244140625,2.015625,208.497864,88638.8124,-0.10929251,-0.00934670866,1254.8930234210002
