Displacement,FX,FY,FZ,MX,MY,MZ,L
15.0,-1.35123264e-06,0.000877410173,0.001220481,0.409111919,3.62185682e-05,0.00083659039,1082.509144629
