Displacement,FX,FY,FZ,MX,MY,MZ,L
15.0,2.70549208e-07,0.000303506851,0.00039957324,0.157142458,1.4465879e-05,-2.58532899e-05,1082.509144629
