Displacement,FX,FY,FZ,MX,MY,MZ,L
0.0628,-735.59375,-5491.80469,-89.09375,150711.339,-6144323.78,795693.679,1353.906594098
