Displacement,FX,FY,FZ,MX,MY,MZ,L
11.95335915728,0.0969498625,0.00111637145,-0.0012048753,-1.29518744,80.9920398,-99.2677225,1195.335915728
