Displacement,FX,FY,FZ,MX,MY,MZ,L
15.0,-5.47617674e-07,1.89244748e-06,-6.8548834e-06,-0.00259677751,-1.13566209e-05,0.000502995846,1353.906594098
