Displacement,FX,FY,FZ,MX,MY,MZ,L
15.0,2.00234353e-07,-3.35276124e-08,1.2914824e-08,-1.2111039e-05,8.32757798e-07,-0.000149879804,1195.335915728
