Displacement,FX,FY,FZ,MX,MY,MZ,L
15.0,2.61515379e-06,0.000801086426,0.00148089789,0.585715697,2.1610861e-05,-0.000631013609,1127.252366515
