Displacement,FX,FY,FZ,MX,MY,MZ,L
15.0,-9.52742993e-07,0.000397622585,0.000596282538,0.239763167,5.07321545e-06,-1.34700772e-05,1112.654187734
