Displacement,FX,FY,FZ,MX,MY,MZ,L
15.0,3.98606062e-07,0.00049996376,0.000933895586,0.380635342,1.96292394e-05,0.000101587323,1141.528729776
