Displacement,FX,FY,FZ,MX,MY,MZ,L
11.690997999219999,37.7103943,-0.0218208762,-0.258367352,-257.652625,22810.862,-37845.6783,1169.0997999219999
