Displacement,FX,FY,FZ,MX,MY,MZ,L
13.539065940979999,2.10017511,0.000593901897,-0.0177729296,-20.6182983,2105.1907,-2435.46219,1353.906594098
