Displacement,FX,FY,FZ,MX,MY,MZ,L
15.0,6.98491927e-08,-3.63215805e-06,-1.69966369e-08,0.000123968076,1.62045459e-06,-3.66493888e-05,1314.512958828
