Displacement,FX,FY,FZ,MX,MY,MZ,L
15.0,1.66893005e-05,0.870117188,11.4567842,5345.31019,-0.000445449636,-0.00928241573,1366.973376629
