Displacement,FX,FY,FZ,MX,MY,MZ,L
12.321219419559998,1.64939078,-0.000890062529,-0.0147273723,-15.5049048,1376.1106,-1742.9114,1232.1219419559998
