Displacement,FX,FY,FZ,MX,MY,MZ,L
0.0628,-0.199421227,-0.8691727,-0.011472702,22.4371672,310.817013,-42.9861335,1254.8930234210002
