Displacement,FX,FY,FZ,MX,MY,MZ,L
15.0,4.09781937e-08,0.00223246217,0.00155812487,0.578630253,1.32142096e-05,0.000129173514,1220.207119082
