Displacement,FX,FY,FZ,MX,MY,MZ,L
0.0628,-0.0463341549,-0.177579969,-0.00442576408,3.87536976,16.4031838,3.55349591,1296.112065153
