Displacement,FX,FY,FZ,MX,MY,MZ,L
15.0,-5.554175e-07,3.8780272e-06,-2.79804226e-07,-0.000468979375,-2.85888128e-06,0.000521520836,1296.112065153
