Displacement,FX,FY,FZ,MX,MY,MZ,L
13.539065940979999,0.0400979176,0.000159783204,-0.000744254212,-0.872168114,48.198811,-46.4880891,1353.906594098
