Displacement,FX,FY,FZ,MX,MY,MZ,L
15.0,7.74860383e-07,-4.0024519e-05,-8.25577881e-05,-0.0191329833,2.60212102e-06,-0.000657273021,1360.63420683
