Displacement,FX,FY,FZ,MX,MY,MZ,L
15.0,-4.9546361e-07,0.00110888481,0.00417972181,1.91033325,1.16974563e-05,0.000641951433,1276.231186255
