Displacement,FX,FY,FZ,MX,MY,MZ,L
15.0,-1.28416971e-16,0.6875,-42.3883667,-18146.4742,-0.0058366982,7.45063853e-08,1195.335915728
