Displacement,FX,FY,FZ,MX,MY,MZ,L
15.0,2.02562661e-08,-7.26431647e-08,3.22670534e-08,1.41599765e-05,-1.76221584e-06,1.42517752e-05,1220.207119082
