Displacement,FX,FY,FZ,MX,MY,MZ,L
15.0,-2.47359276e-06,0.000539541245,0.00360939652,1.18992184,-0.000149235046,0.00305767067,1034.98507472
