Displacement,FX,FY,FZ,MX,MY,MZ,L
15.0,1.45751984e-07,1.06543303e-06,-2.2596214e-07,-0.000158226191,1.10816034e-05,0.00023553279,1314.512958828
