Displacement,FX,FY,FZ,MX,MY,MZ,L
0.0628,-71.2674866,-316.602707,-6.37109375,7526.72728,-39089.0663,18313.9199,1305.4988632529999
