Displacement,FX,FY,FZ,MX,MY,MZ,L
15.0,8.2841143e-07,0.00104358792,0.000983545324,0.331028655,5.44453981e-06,3.36777894e-05,1097.738361015
