Displacement,FX,FY,FZ,MX,MY,MZ,L
15.0,-1.17695891e-07,6.38887288e-07,3.79222908e-08,2.34472908e-05,-7.42453815e-06,-5.15427096e-06,1112.654187734
