Displacement,FX,FY,FZ,MX,MY,MZ,L
12.20207119082,36247.0135,-7.45592892,-700.547498,-809429.678,1622770.71,-38045189.0,1220.207119082
