Displacement,FX,FY,FZ,MX,MY,MZ,L
15.0,-1.00582838e-06,0.00104689598,0.00808126433,3.57896907,-4.60637224e-05,-2.29337582e-05,1265.742781186
