Displacement,FX,FY,FZ,MX,MY,MZ,L
15.0,-9.92417336e-06,0.0533108711,0.0399714336,15.7375278,-9.66392925e-05,0.00874289046,1127.252366515
