Displacement,FX,FY,FZ,MX,MY,MZ,L
15.0,7.91624184e-08,5.46947121e-05,6.93386246e-05,0.032106699,4.89114399e-06,-0.000119042557,1112.654187734
