Displacement,FX,FY,FZ,MX,MY,MZ,L
0.0628,-0.029737819,-0.210434228,0.000103712082,6.21704661,152.412697,-31.4905919,1195.335915728
