Displacement,FX,FY,FZ,MX,MY,MZ,L
15.0,-5.8254227e-07,-3.57627871e-07,5.93718127e-09,1.43778751e-05,-2.37781986e-06,0.000143512509,1169.0997999219999
