Displacement,FX,FY,FZ,MX,MY,MZ,L
12.548930234210001,0.850137692,-0.000126213375,-0.00803172868,-8.63011499,752.516285,-914.698614,1254.8930234210002
