Displacement,FX,FY,FZ,MX,MY,MZ,L
15.0,8.26548851e-09,4.76837157e-07,1.54809095e-06,0.000772460365,2.23536839e-05,1.87173403e-05,1353.906594098
