Displacement,FX,FY,FZ,MX,MY,MZ,L
0.0628,-0.00152816391,-0.00593280443,-0.000182561576,0.11620714,-0.308215405,0.32833488,1314.512958828
