Displacement,FX,FY,FZ,MX,MY,MZ,L
15.0,3.05175781e-05,0.275390625,5.81349182,2365.64496,-0.000860798973,-0.016853651,1243.685010427
