Displacement,FX,FY,FZ,MX,MY,MZ,L
10.349850747200001,0.0868193865,0.00175879208,-0.000691508874,-0.716903829,58.5070136,-76.9082367,1034.98507472
