Displacement,FX,FY,FZ,MX,MY,MZ,L
15.0,3.81469727e-06,0.00520324707,0.068551451,27.6488289,0.000284797325,-0.00327961105,1207.9439433530001
