Displacement,FX,FY,FZ,MX,MY,MZ,L
15.0,4.53321263e-07,0.00109133124,0.000888598617,0.298388132,6.37339668e-05,6.33805108e-05,1097.738361015
