Displacement,FX,FY,FZ,MX,MY,MZ,L
15.0,-1.49011612e-07,0.000120431185,0.000149154745,0.0588114852,9.08539956e-06,0.000106673893,1232.1219419559998
