Displacement,FX,FY,FZ,MX,MY,MZ,L
10.669708863139999,0.48095911,-0.00169064081,-0.00285671325,-2.57117293,331.438211,-441.079384,1066.970886314
