Displacement,FX,FY,FZ,MX,MY,MZ,L
15.0,-1.45435333e-05,0.367797852,9.70080042,4510.90205,-0.000515072976,0.00690641697,1360.63420683
