Displacement,FX,FY,FZ,MX,MY,MZ,L
0.0628,-0.0183850974,-0.0760992263,-0.00279045105,1.30372109,-16.2363108,7.09299954,1331.4128559350002
