Displacement,FX,FY,FZ,MX,MY,MZ,L
15.0,-1.28746033e-05,0.00965881348,0.173568726,70.5361947,0.000945812366,0.00774724859,1220.207119082
