Displacement,FX,FY,FZ,MX,MY,MZ,L
15.0,-1.8030405e-06,0.000606775284,0.000780415721,0.305582656,3.15658844e-05,0.00132894929,1097.738361015
