Displacement,FX,FY,FZ,MX,MY,MZ,L
13.314128559350001,30475.2579,-4.65780663,-810.967934,-969900.378,1344749.83,-34840810.8,1331.4128559350002
