Displacement,FX,FY,FZ,MX,MY,MZ,L
0.0628,-40.4015198,-280.900452,0.282226562,8368.88691,80726.2735,-12757.9269,1220.207119082
