Displacement,FX,FY,FZ,MX,MY,MZ,L
11.126541877340001,0.024285796,-9.98917959e-09,-0.000186293619,-0.192048042,18.2028706,-23.1992161,1112.654187734
