Displacement,FX,FY,FZ,MX,MY,MZ,L
15.0,-8.77771522e-08,7.4505859e-09,-3.13448253e-08,-4.87876921e-05,-7.34463136e-06,4.01865542e-06,1127.252366515
