Displacement,FX,FY,FZ,MX,MY,MZ,L
15.0,3.47942114e-06,0.00121593475,0.00603937265,2.52103961,0.000164070508,-0.00389797806,1207.9439433530001
