Displacement,FX,FY,FZ,MX,MY,MZ,L
15.0,1.59023329e-07,0.000177279115,0.000201742398,0.0786371476,-1.93729412e-05,5.46832578e-05,1051.128022036
