Displacement,FX,FY,FZ,MX,MY,MZ,L
15.0,-7.1823597e-06,0.0063791275,0.102077618,46.5051737,0.000109825163,0.00878773366,1314.512958828
