Displacement,FX,FY,FZ,MX,MY,MZ,L
0.0628,0.00377670676,-0.0344909038,0.000854194164,1.15540002,41.3193984,-10.1979653,1066.970886314
