Displacement,FX,FY,FZ,MX,MY,MZ,L
0.0628,-0.0048689777,-0.0186306131,-0.000520080328,0.38575018,0.493488939,0.680754793,1305.4988632529999
