Displacement,FX,FY,FZ,MX,MY,MZ,L
15.0,-0.000968933105,0.640869141,6.79744148,2502.75898,-0.00485675189,0.171492342,1112.654187734
