Displacement,FX,FY,FZ,MX,MY,MZ,L
15.0,-2.00583599e-07,3.67313623e-05,3.79311678e-05,0.0168066577,-2.08354035e-06,-2.90990661e-05,1034.98507472
