Displacement,FX,FY,FZ,MX,MY,MZ,L
11.41528729776,9.24607879,-0.00725367101,-0.0716881789,-69.8354518,6272.55664,-9060.92827,1141.528729776
