Displacement,FX,FY,FZ,MX,MY,MZ,L
15.0,0.000244140625,0.0311279297,0.792602181,333.552189,-0.0016031988,-0.180483228,1254.8930234210002
