Displacement,FX,FY,FZ,MX,MY,MZ,L
0.0628,-0.00114405015,-0.00456272566,-0.000153504312,0.0840978513,-0.606206074,0.339542067,1323.1517784760001
