Displacement,FX,FY,FZ,MX,MY,MZ,L
0.0628,-0.00465328549,-0.0180209382,-0.000399649143,0.411461677,3.33690543,-0.0484266958,1286.355244347
