Displacement,FX,FY,FZ,MX,MY,MZ,L
11.82386635632,0.0797148291,0.00145216015,-0.000869565876,-0.95959239,65.357854,-80.6714423,1182.386635632
