Displacement,FX,FY,FZ,MX,MY,MZ,L
11.41528729776,0.201061899,-2.30873311e-05,-0.00168564264,-1.66083743,154.429933,-197.000169,1141.528729776
