Displacement,FX,FY,FZ,MX,MY,MZ,L
0.0628,38.6483154,-193.209457,6.74755859,6674.64846,156836.046,-39830.3967,1034.98507472
