Displacement,FX,FY,FZ,MX,MY,MZ,L
15.0,3.69548798e-06,0.000487804413,-0.00065224804,-0.180354651,8.36786821e-05,-0.00286131296,1360.63420683
