Displacement,FX,FY,FZ,MX,MY,MZ,L
11.55479201803,1.50978418,-0.0025742713,-0.0135918679,-13.3532479,1136.95952,-1497.49425,1155.479201803
