Displacement,FX,FY,FZ,MX,MY,MZ,L
0.0628,-0.0078663677,-0.0373125523,-0.00159060955,0.541813233,-13.7665267,4.79922263,1346.7924590819998
