Displacement,FX,FY,FZ,MX,MY,MZ,L
15.0,1.29453838e-07,-0.000236988068,0.00107161177,0.468566343,-1.43036435e-05,-0.000117263578,1305.4988632529999
