Displacement,FX,FY,FZ,MX,MY,MZ,L
15.0,-6.22868538e-06,0.00212478638,0.0124370158,5.04192511,-0.000217192126,0.00475958021,1195.335915728
