Displacement,FX,FY,FZ,MX,MY,MZ,L
0.0628,-0.00224128179,-0.011815779,-0.000538513064,0.155776962,-5.32334947,1.73481496,1353.906594098
