Displacement,FX,FY,FZ,MX,MY,MZ,L
12.321219419559998,0.622761741,-0.00101812587,-0.00626968412,-6.57108299,535.872106,-658.142433,1232.1219419559998
