Displacement,FX,FY,FZ,MX,MY,MZ,L
10.825091446290001,0.0799946558,0.00172096964,-0.000664654654,-0.714147891,57.2360654,-74.0935716,1082.509144629
