Displacement,FX,FY,FZ,MX,MY,MZ,L
15.0,-2.26777046e-07,0.00400068611,0.00193748693,0.748467829,1.10658568e-05,0.000547108092,1265.742781186
