Displacement,FX,FY,FZ,MX,MY,MZ,L
11.95335915728,0.174841534,-0.00362346457,-0.0028053578,-2.69700377,145.650417,-179.743194,1195.335915728
