Displacement,FX,FY,FZ,MX,MY,MZ,L
15.0,-3.7830323e-06,0.00251084566,0.00237084378,0.907419321,-2.36136283e-05,0.00561355784,1243.685010427
