Displacement,FX,FY,FZ,MX,MY,MZ,L
15.0,-9.79751349e-07,0.000965476036,-0.00143454038,0.0816299106,-1.59167946e-05,0.000489769761,1366.973376629
