Displacement,FX,FY,FZ,MX,MY,MZ,L
12.43685010427,35987.0489,-6.70694664,-747.368618,-872772.054,1610070.03,-38487552.6,1243.685010427
