Displacement,FX,FY,FZ,MX,MY,MZ,L
15.0,-4.63798643e-07,1.1920929e-06,-1.73985609e-06,-0.00105806808,-4.17320241e-05,0.000524179334,1339.293832775
