Displacement,FX,FY,FZ,MX,MY,MZ,L
15.0,-1.66893005e-05,0.0046377182,0.0216565132,9.43557313,-0.00103296708,0.0135877766,1323.1517784760001
