Displacement,FX,FY,FZ,MX,MY,MZ,L
11.82386635632,0.447241265,-7.22767545e-07,-0.00379928667,-3.85832437,359.435075,-453.70659,1182.386635632
