Displacement,FX,FY,FZ,MX,MY,MZ,L
11.82386635632,0.114967845,0.000457697525,-0.00158839638,-1.63732809,94.1554475,-116.561438,1182.386635632
