Displacement,FX,FY,FZ,MX,MY,MZ,L
0.0628,-0.736042023,-5.45624685,0.00863647461,162.665712,3268.69034,-662.898195,1195.335915728
