Displacement,FX,FY,FZ,MX,MY,MZ,L
13.539065940979999,0.0263581953,0.00060588015,-0.000439706934,-0.544435022,31.7792031,-30.5274297,1353.906594098
