Displacement,FX,FY,FZ,MX,MY,MZ,L
12.76231186255,0.10230757,-0.0011033071,-0.0017597295,-1.8666327,98.5945292,-112.029877,1276.231186255
