Displacement,FX,FY,FZ,MX,MY,MZ,L
15.0,-1.27358362e-07,0.00102706254,0.000866406597,0.285964268,2.17837077e-06,-2.08284073e-05,1082.509144629
