Displacement,FX,FY,FZ,MX,MY,MZ,L
0.0628,-0.0104982713,-0.0416295175,-0.000803768635,0.992107072,10.7486656,-0.889386048,1276.231186255
