Displacement,FX,FY,FZ,MX,MY,MZ,L
15.0,3.00817192e-07,-3.76701355e-05,-6.8202964e-05,-0.0170325511,7.65501913e-06,0.000137330219,1360.63420683
