Displacement,FX,FY,FZ,MX,MY,MZ,L
0.0628,0.00107565708,-0.0229993016,0.000446081161,0.757120016,25.8243336,-6.20831404,1097.738361015
