Displacement,FX,FY,FZ,MX,MY,MZ,L
0.0628,-0.221602142,-1.38142538,-0.00252342224,40.049212,836.416569,-164.405674,1207.9439433530001
