Displacement,FX,FY,FZ,MX,MY,MZ,L
15.0,-4.66406345e-06,0.0588856339,-0.00847285613,-1.79828501,-0.000146380513,0.00245881165,1314.512958828
