Displacement,FX,FY,FZ,MX,MY,MZ,L
15.0,-8.9854002e-06,-0.0006980896,0.0136990398,6.11406152,-0.000229253216,0.00413552501,1331.4128559350002
