Displacement,FX,FY,FZ,MX,MY,MZ,L
0.0628,-0.000927933463,-0.00565419579,-1.4051795e-05,0.163008492,3.94212685,-0.789698895,1207.9439433530001
