Displacement,FX,FY,FZ,MX,MY,MZ,L
0.0628,0.000840693712,-0.0498935021,0.000835239887,1.62512081,53.4226948,-12.6565159,1112.654187734
