Displacement,FX,FY,FZ,MX,MY,MZ,L
15.0,-3.02679823e-09,9.67178488e-07,-1.77969924e-07,-0.00025925116,-2.3328537e-06,8.0340222e-05,1305.4988632529999
