Displacement,FX,FY,FZ,MX,MY,MZ,L
12.321219419559998,10.2296673,-0.00282047968,-0.0787104808,-82.9085761,7620.77447,-10810.2466,1232.1219419559998
