Displacement,FX,FY,FZ,MX,MY,MZ,L
13.14512958828,37.6237789,-0.00418797747,-0.233000323,-261.330295,24347.3419,-42388.3766,1314.512958828
