Displacement,FX,FY,FZ,MX,MY,MZ,L
0.0628,-0.00633820612,-0.0260406453,-0.000429332256,0.645183426,8.78253889,-1.08674921,1265.742781186
