Displacement,FX,FY,FZ,MX,MY,MZ,L
15.0,2.39768997e-06,0.109318733,0.00941558369,5.77074766,1.43512743e-05,-0.00615324236,1254.8930234210002
