Displacement,FX,FY,FZ,MX,MY,MZ,L
0.0628,-14.7142334,-256.842255,2.97314453,8211.64762,122083.076,-25518.6256,1169.0997999219999
