Displacement,FX,FY,FZ,MX,MY,MZ,L
15.0,1.49011612e-06,0.0762481689,0.0356571469,15.1075934,0.000185660402,0.00312543611,1182.386635632
