Displacement,FX,FY,FZ,MX,MY,MZ,L
0.0628,3.45778656,-37.2564316,0.931335449,1257.09274,31133.7246,-7674.19629,1082.509144629
