Displacement,FX,FY,FZ,MX,MY,MZ,L
0.0628,-0.0015283376,-0.127920263,0.00180697441,4.11795762,129.116506,-30.1018791,1127.252366515
