Displacement,FX,FY,FZ,MX,MY,MZ,L
11.272523665149999,0.0613617265,-1.12828485e-09,-0.000502955358,-0.499773497,46.688183,-59.3773344,1127.252366515
