Displacement,FX,FY,FZ,MX,MY,MZ,L
0.0628,0.000287652947,-0.00371479313,8.21314752e-05,0.123509074,4.36324567,-1.06322199,1082.509144629
