Displacement,FX,FY,FZ,MX,MY,MZ,L
10.97738361015,0.233612805,-5.54793467e-05,-0.00191085949,-1.81435841,169.144329,-220.212224,1097.738361015
