Displacement,FX,FY,FZ,MX,MY,MZ,L
15.0,6.66826964e-07,0.000461220741,0.00040337164,0.153065356,-7.87092099e-06,-0.000422521726,1051.128022036
