Displacement,FX,FY,FZ,MX,MY,MZ,L
13.467924590819997,0.1679027,0.000506111799,-0.00185738632,-2.16990328,191.127795,-193.666383,1346.7924590819998
