Displacement,FX,FY,FZ,MX,MY,MZ,L
12.548930234210001,0.0385785521,1.26952407e-09,-0.000345416513,-0.374686076,35.8982722,-41.5078638,1254.8930234210002
