Displacement,FX,FY,FZ,MX,MY,MZ,L
15.0,-8.89413052e-08,-3.52039929e-07,-1.19325705e-07,-0.000141823384,4.38964618e-06,3.98644008e-05,1314.512958828
