Displacement,FX,FY,FZ,MX,MY,MZ,L
0.0628,881.014648,-4284.12158,162.445312,148029.905,2956555.7,-598984.773,1051.128022036
