Displacement,FX,FY,FZ,MX,MY,MZ,L
15.0,1.45519157e-08,-1.19209284e-07,-1.94122549e-08,-1.31848777e-05,9.66831012e-07,-3.74619622e-05,1127.252366515
