Displacement,FX,FY,FZ,MX,MY,MZ,L
15.0,7.15255737e-07,0.0124967098,0.0137109384,6.78514593,0.000141780507,0.000577998266,1331.4128559350002
