Displacement,FX,FY,FZ,MX,MY,MZ,L
0.0628,-0.000513735693,-0.00360757788,1.09151006e-06,0.106473441,2.7487428,-0.570928126,1195.335915728
