Displacement,FX,FY,FZ,MX,MY,MZ,L
12.43685010427,0.101377301,-0.000305327781,-0.0016269731,-1.72030006,91.7745182,-108.140061,1243.685010427
