Displacement,FX,FY,FZ,MX,MY,MZ,L
13.467924590819997,1.48490636,0.000560079965,-0.0130230822,-15.037965,1517.81596,-1713.04022,1346.7924590819998
