Displacement,FX,FY,FZ,MX,MY,MZ,L
0.0628,-0.00152552221,-0.00726083608,-0.000308856368,0.105834268,-2.71579961,0.941671205,1346.7924590819998
