Displacement,FX,FY,FZ,MX,MY,MZ,L
15.0,7.89295882e-08,0.000972285867,0.000846762676,0.276034969,1.36009499e-07,-6.63338885e-05,1066.970886314
