Displacement,FX,FY,FZ,MX,MY,MZ,L
12.321219419559998,0.0601882088,0.00139712705,-0.000610035844,-0.720336197,53.4666684,-63.4319894,1232.1219419559998
