Displacement,FX,FY,FZ,MX,MY,MZ,L
11.272523665149999,5.24917763,-0.00628221633,-0.0424330458,-40.7446104,3627.11881,-5080.56027,1127.252366515
