Displacement,FX,FY,FZ,MX,MY,MZ,L
15.0,1.43016223e-07,1.01327896e-06,-2.56695793e-08,-6.98529922e-05,5.65859873e-06,-2.6764629e-05,1082.509144629
