Displacement,FX,FY,FZ,MX,MY,MZ,L
12.76231186255,10.2640932,-0.00120314603,-0.0779040903,-85.0274337,8010.55643,-11229.938,1276.231186255
