Displacement,FX,FY,FZ,MX,MY,MZ,L
10.97738361015,0.121222382,0.001227569,-0.00138301449,-1.36976391,88.3702425,-114.066463,1097.738361015
