Displacement,FX,FY,FZ,MX,MY,MZ,L
0.0628,-0.167123318,-4.88953209,0.0613174438,156.421366,3992.42996,-913.746555,1141.528729776
