Displacement,FX,FY,FZ,MX,MY,MZ,L
15.0,1.43051147e-06,0.185138702,0.101069696,42.1545045,-0.00280668496,0.00771999318,1207.9439433530001
