Displacement,FX,FY,FZ,MX,MY,MZ,L
15.0,2.58907677e-07,0.000499606133,0.00178285432,0.770723842,-5.53592789e-07,-0.000548397485,1220.207119082
