Displacement,FX,FY,FZ,MX,MY,MZ,L
13.054988632529998,0.471142503,0.000435013582,-0.00465537282,-5.22841567,467.599151,-527.058763,1305.4988632529999
