Displacement,FX,FY,FZ,MX,MY,MZ,L
15.0,-3.72423446e-16,11.3632812,-172.901876,-78939.3232,0.00946697663,0.306058019,1331.4128559350002
