Displacement,FX,FY,FZ,MX,MY,MZ,L
15.0,-2.77720392e-06,0.00107124448,0.00134508731,0.467955895,-7.1543193e-05,0.00181912816,1127.252366515
