Displacement,FX,FY,FZ,MX,MY,MZ,L
0.0628,-0.59419632,-5.31878996,0.0230865479,161.830582,3491.24746,-735.875372,1182.386635632
