Displacement,FX,FY,FZ,MX,MY,MZ,L
15.0,-3.09199095e-07,-0.00276070833,0.00871647254,3.9791567,-1.52489412e-05,0.000103836726,1339.293832775
