Displacement,FX,FY,FZ,MX,MY,MZ,L
0.0628,241.044434,-5004.42725,120.6875,169162.915,2131897.07,-391743.768,1141.528729776
