Displacement,FX,FY,FZ,MX,MY,MZ,L
13.467924590819997,0.261968398,0.00057171214,-0.00269101304,-3.13408809,294.060992,-302.181392,1346.7924590819998
