Displacement,FX,FY,FZ,MX,MY,MZ,L
0.0628,-0.0203132778,-0.144792129,-0.00749194622,1.49447387,-81.3803007,24.8364672,1366.973376629
