Displacement,FX,FY,FZ,MX,MY,MZ,L
15.0,0.00198364258,1.18347168,5.84261894,2340.24372,-0.00141891081,-2.05533621,1220.207119082
