Displacement,FX,FY,FZ,MX,MY,MZ,L
15.0,3.05182766e-07,-3.39932746e-07,2.257002e-08,-3.38713718e-05,3.8772729e-06,-0.00019091841,1265.742781186
