Displacement,FX,FY,FZ,MX,MY,MZ,L
15.0,1.32322311e-05,0.127006531,0.132677019,52.1857078,-0.000602365291,-0.0145035074,1155.479201803
