Displacement,FX,FY,FZ,MX,MY,MZ,L
12.20207119082,39.5595756,-0.0157328357,-0.266346119,-277.252074,24753.8355,-41415.0579,1220.207119082
