Displacement,FX,FY,FZ,MX,MY,MZ,L
15.0,-2.71014869e-07,0.000772416592,0.00137039647,0.455980209,2.22752307e-05,0.000797359694,1066.970886314
