Displacement,FX,FY,FZ,MX,MY,MZ,L
13.669733766290001,0.949261756,0.000566227449,-0.00859387277,-10.0807884,1042.93215,-1111.23639,1366.973376629
