Displacement,FX,FY,FZ,MX,MY,MZ,L
0.0628,-0.0501252562,-0.230765861,-0.00245904922,6.13594138,105.721807,-17.3095722,1243.685010427
