Displacement,FX,FY,FZ,MX,MY,MZ,L
15.0,-4.76837159e-07,-0.00272369385,-0.00341308117,-1.13876771,0.000161724995,-0.00201795013,1360.63420683
