Displacement,FX,FY,FZ,MX,MY,MZ,L
0.0628,-0.000606822025,-0.00369938929,-9.14931297e-06,0.106681586,2.58231703,-0.517477285,1207.9439433530001
