Displacement,FX,FY,FZ,MX,MY,MZ,L
13.314128559350001,0.032182392,0.000835956491,-0.000461197749,-0.573112883,35.8706005,-36.6452716,1331.4128559350002
