Displacement,FX,FY,FZ,MX,MY,MZ,L
10.669708863139999,8.05037995,-0.0118425325,-0.0621148758,-56.3864597,5061.20677,-7380.3465,1066.970886314
