Displacement,FX,FY,FZ,MX,MY,MZ,L
0.0628,0.0309084654,-0.631049693,0.0125160217,20.8254366,666.325211,-160.55137,1097.738361015
