Displacement,FX,FY,FZ,MX,MY,MZ,L
15.0,-5.28991223e-07,0.000824928284,0.000718289986,0.271630835,-0.000105092276,-0.000654979594,1082.509144629
