Displacement,FX,FY,FZ,MX,MY,MZ,L
0.0628,-0.0073733069,-0.0317830105,-0.000433862209,0.81635446,13.0455987,-1.94094737,1254.8930234210002
