Displacement,FX,FY,FZ,MX,MY,MZ,L
12.321219419559998,0.471277008,-0.00198483356,-0.00514201494,-5.33085814,408.277586,-498.190152,1232.1219419559998
