Displacement,FX,FY,FZ,MX,MY,MZ,L
0.0628,-0.00901296735,-0.035823822,-0.0012087822,0.657874972,-4.82522299,2.68477319,1323.1517784760001
