Displacement,FX,FY,FZ,MX,MY,MZ,L
0.0628,-0.00112839323,-0.0119424621,6.91413879e-05,0.366609484,10.483521,-2.30081116,1169.0997999219999
