Displacement,FX,FY,FZ,MX,MY,MZ,L
15.0,-4.79631119e-08,0.000258982182,0.000804004259,0.344601314,5.95325979e-06,-8.08494977e-05,1195.335915728
