Displacement,FX,FY,FZ,MX,MY,MZ,L
10.669708863139999,0.89898454,0.00172095371,-0.00711283926,-6.61394713,613.261528,-823.614258,1066.970886314
