Displacement,FX,FY,FZ,MX,MY,MZ,L
15.0,6.59143552e-07,9.6485019e-07,1.846347e-07,8.33342183e-05,2.50577139e-06,-0.000594358443,1232.1219419559998
