Displacement,FX,FY,FZ,MX,MY,MZ,L
0.0628,-0.0958243906,-0.397138454,-0.0145025253,6.83083827,-84.0623959,36.759584,1331.4128559350002
