Displacement,FX,FY,FZ,MX,MY,MZ,L
0.0628,-0.00153255463,-0.00630429247,-0.000103883445,0.156279239,2.16227619,-0.271667855,1265.742781186
