Displacement,FX,FY,FZ,MX,MY,MZ,L
10.349850747200001,1.19128452,0.0016094109,-0.0095902523,-8.62125334,776.922953,-1059.12611,1034.98507472
