Displacement,FX,FY,FZ,MX,MY,MZ,L
15.0,2.27242708e-07,0.000249862671,0.000336701167,0.135781236,6.28906905e-06,6.4477181e-05,1097.738361015
