Displacement,FX,FY,FZ,MX,MY,MZ,L
15.0,-1.00210309e-06,0.000802397728,0.0041363847,1.80895174,-2.67650834e-05,0.000408655956,1243.685010427
