Displacement,FX,FY,FZ,MX,MY,MZ,L
15.0,-9.29832458e-06,0.00708866119,0.0111347325,5.54644219,-0.00016150785,0.00645356171,1339.293832775
