Displacement,FX,FY,FZ,MX,MY,MZ,L
13.054988632529998,1654.71099,-1.81118634,-11.5744717,-12943.076,322169.915,-1854667.48,1305.4988632529999
