Displacement,FX,FY,FZ,MX,MY,MZ,L
15.0,-4.47034835e-08,-1.43051147e-06,5.58095053e-07,0.000231085346,1.72611662e-06,9.70280749e-05,1346.7924590819998
