Displacement,FX,FY,FZ,MX,MY,MZ,L
15.0,1.41504477e-16,0.0498046875,-0.906734467,-384.773067,0.009404187,0.0888522449,1097.738361015
