Displacement,FX,FY,FZ,MX,MY,MZ,L
0.0628,-0.00396909751,-0.0151900724,-0.000380396843,0.330981583,1.62305905,0.256144521,1296.112065153
