Displacement,FX,FY,FZ,MX,MY,MZ,L
0.0628,-0.000798952417,-0.00434301794,-2.2791326e-05,0.122159301,2.74227227,-0.525752776,1220.207119082
