Displacement,FX,FY,FZ,MX,MY,MZ,L
15.0,9.01520253e-07,0.00105285645,0.00307839178,1.22457251,-0.000210623527,-0.000191532253,1155.479201803
