Displacement,FX,FY,FZ,MX,MY,MZ,L
15.0,1.05798244e-06,0.00123167038,0.0109769902,4.88931588,5.92805726e-05,-0.000143390563,1276.231186255
