Displacement,FX,FY,FZ,MX,MY,MZ,L
15.0,-1.09523535e-06,0.000722646713,0.00369365141,1.61276244,3.18604985e-05,0.000793349024,1243.685010427
