Displacement,FX,FY,FZ,MX,MY,MZ,L
15.0,-1.97906048e-07,-3.8921833e-05,0.000290359545,0.121951222,-3.05083847e-06,9.42365008e-05,1276.231186255
