Displacement,FX,FY,FZ,MX,MY,MZ,L
15.0,-3.15252692e-07,6.33597374e-05,7.86546734e-05,0.0348390747,3.18826505e-06,9.28251728e-05,1082.509144629
