Displacement,FX,FY,FZ,MX,MY,MZ,L
13.14512958828,0.0999823031,-0.000817281209,-0.00162789482,-1.78862288,105.177816,-112.684001,1314.512958828
