Displacement,FX,FY,FZ,MX,MY,MZ,L
0.0628,0.00112396851,-0.0144795217,0.000319540501,0.481120874,16.906056,-4.11947313,1082.509144629
