Displacement,FX,FY,FZ,MX,MY,MZ,L
13.314128559350001,0.037018083,0.000683602466,-0.00059809869,-0.720676372,41.2440611,-42.1722796,1331.4128559350002
