Displacement,FX,FY,FZ,MX,MY,MZ,L
15.0,7.37607479e-07,0.00117015839,0.00739191938,3.15978538,-5.52309968e-05,-0.0014222757,1232.1219419559998
