Displacement,FX,FY,FZ,MX,MY,MZ,L
15.0,-1.02212652e-07,0.000101462007,0.000136944815,0.0643615546,-8.84019212e-06,-7.08202637e-06,1169.0997999219999
