Displacement,FX,FY,FZ,MX,MY,MZ,L
15.0,-4.66406345e-06,0.00218486786,0.0204542615,8.83943683,0.000208732039,0.00257929173,1254.8930234210002
