Displacement,FX,FY,FZ,MX,MY,MZ,L
15.0,3.79979611e-07,0.00103735924,0.00201741653,0.723840124,-0.000113546746,-0.000561196751,1155.479201803
