Displacement,FX,FY,FZ,MX,MY,MZ,L
15.0,1.66147947e-06,0.0127937794,0.00450555841,2.60166342,5.38284676e-05,-0.00263466208,1339.293832775
