Displacement,FX,FY,FZ,MX,MY,MZ,L
0.0628,-0.0470991731,-0.716426373,0.00645923615,22.4528949,616.979979,-138.279923,1155.479201803
