Displacement,FX,FY,FZ,MX,MY,MZ,L
0.0628,-0.00132351095,-0.00544588151,-8.96677375e-05,0.135052895,1.86953674,-0.2351007,1265.742781186
