Displacement,FX,FY,FZ,MX,MY,MZ,L
15.0,1.30757689e-06,0.000530123711,0.00133447768,0.55330413,4.48642916e-05,-0.00117905047,1169.0997999219999
