Displacement,FX,FY,FZ,MX,MY,MZ,L
13.6063420683,0.0389884929,0.000171027896,-0.000706912251,-0.833500679,48.0962763,-45.4228641,1360.63420683
