Displacement,FX,FY,FZ,MX,MY,MZ,L
0.0628,-0.00389578938,-0.0161430687,-0.000591903925,0.276742562,-3.4563217,1.50782314,1331.4128559350002
