Displacement,FX,FY,FZ,MX,MY,MZ,L
15.0,-5.5343844e-07,2.32085585e-06,5.45493095e-07,0.000469446172,8.28675448e-06,0.000489377773,1243.685010427
