Displacement,FX,FY,FZ,MX,MY,MZ,L
15.0,-6.81728124e-07,1.02911139e-07,-3.84170594e-09,-1.93881825e-05,-5.37117975e-06,0.00020614251,1305.4988632529999
