Displacement,FX,FY,FZ,MX,MY,MZ,L
11.690997999219999,0.0659023998,0.00158598877,-0.000584861031,-0.672893963,53.0082808,-65.8943576,1169.0997999219999
