Displacement,FX,FY,FZ,MX,MY,MZ,L
15.0,1.3038516e-06,0.000461339951,-0.000441634096,-0.105377179,3.75807559e-05,-0.000651985199,1360.63420683
