Displacement,FX,FY,FZ,MX,MY,MZ,L
15.0,4.39584255e-07,0.00176051259,0.0010725148,0.383859375,8.1362979e-05,-0.000216094717,1182.386635632
