Displacement,FX,FY,FZ,MX,MY,MZ,L
15.0,-5.40167099e-08,0.000315964222,0.00174530013,0.761456408,-5.17433442e-06,0.000509714426,1232.1219419559998
