Displacement,FX,FY,FZ,MX,MY,MZ,L
0.0628,-0.0045337081,-0.415357202,0.00595378876,13.3911262,407.212106,-94.9779081,1127.252366515
