Displacement,FX,FY,FZ,MX,MY,MZ,L
13.314128559350001,0.273537972,0.000537082847,-0.00284140845,-3.26875079,293.762456,-311.974689,1331.4128559350002
