Displacement,FX,FY,FZ,MX,MY,MZ,L
0.0628,-0.000493974891,-0.00522499997,3.02642584e-05,0.160421556,4.60369213,-1.01073185,1169.0997999219999
