Displacement,FX,FY,FZ,MX,MY,MZ,L
15.0,-9.03382897e-07,0.000416278839,0.000694554299,0.28194482,-8.79326535e-06,0.000768493209,1127.252366515
