Displacement,FX,FY,FZ,MX,MY,MZ,L
15.0,-0.000240564346,0.670021057,0.485714813,195.768009,-0.0173152475,-0.0107936871,1243.685010427
