Displacement,FX,FY,FZ,MX,MY,MZ,L
15.0,-1.32061541e-06,-9.29832458e-05,0.000756591791,0.325475114,-1.25026569e-05,0.000530282979,1296.112065153
