Displacement,FX,FY,FZ,MX,MY,MZ,L
15.0,-2.04890966e-07,0.000357300043,0.000644606189,0.268509964,2.35456545e-05,0.000344122542,1155.479201803
