Displacement,FX,FY,FZ,MX,MY,MZ,L
15.0,-1.53668224e-07,-4.33623791e-06,-8.47736374e-07,-0.00043087523,2.53446016e-06,0.00010492009,1331.4128559350002
