Displacement,FX,FY,FZ,MX,MY,MZ,L
11.55479201803,0.091615237,0.00149034284,-0.000976805939,-1.0480324,72.210729,-90.6350687,1155.479201803
