Displacement,FX,FY,FZ,MX,MY,MZ,L
15.0,-3.54833901e-07,-6.81579113e-05,0.000447444443,0.19060831,1.89300201e-05,0.000569781771,1286.355244347
