Displacement,FX,FY,FZ,MX,MY,MZ,L
15.0,-0.00048828125,3.3359375,157.367157,55187.3424,-0.0352635796,0.360636704,1051.128022036
