Displacement,FX,FY,FZ,MX,MY,MZ,L
15.0,6.37257472e-07,1.24564394e-06,2.60770321e-07,0.000152647031,1.76610968e-05,-0.000540954361,1265.742781186
