Displacement,FX,FY,FZ,MX,MY,MZ,L
10.349850747200001,0.836553279,0.000604590106,-0.00603153976,-5.41838813,549.378031,-743.85219,1034.98507472
