Displacement,FX,FY,FZ,MX,MY,MZ,L
12.76231186255,0.851772174,0.000100988,-0.00800839998,-8.76034951,782.371941,-931.827911,1276.231186255
