Displacement,FX,FY,FZ,MX,MY,MZ,L
15.0,-1.05798244e-06,0.00129795074,0.000664547086,0.228874966,0.000110496431,-0.00131127847,1082.509144629
