Displacement,FX,FY,FZ,MX,MY,MZ,L
13.054988632529998,2.397304,0.000220583688,-0.0205140697,-22.9364805,2202.82795,-2682.04378,1305.4988632529999
