Displacement,FX,FY,FZ,MX,MY,MZ,L
15.0,-1.41561031e-07,0.000158578157,0.000229550729,0.107803668,7.97044248e-06,5.63170037e-05,1195.335915728
