Displacement,FX,FY,FZ,MX,MY,MZ,L
12.65742781186,0.0387146169,5.09113061e-10,-0.000349382055,-0.381651983,36.7952845,-42.0100731,1265.742781186
