Displacement,FX,FY,FZ,MX,MY,MZ,L
0.0628,0.002266936,-0.0482209772,0.000937342644,1.58796453,53.7700428,-12.9291671,1097.738361015
