Displacement,FX,FY,FZ,MX,MY,MZ,L
0.0628,-0.00322177028,-0.0124807488,-0.000276699662,0.285078633,2.32761835,-0.0374108195,1286.355244347
