Displacement,FX,FY,FZ,MX,MY,MZ,L
12.43685010427,0.286424258,-0.00330304165,-0.00373797049,-3.81481677,255.660922,-305.815908,1243.685010427
