Displacement,FX,FY,FZ,MX,MY,MZ,L
0.0628,-11.1120722,-52.3967094,-0.540710449,1399.79144,10628.3304,-885.022408,1254.8930234210002
