Displacement,FX,FY,FZ,MX,MY,MZ,L
15.0,-2.87592411e-06,0.00128364563,0.00759580918,3.20170664,1.7931403e-05,-8.47853179e-05,1220.207119082
