Displacement,FX,FY,FZ,MX,MY,MZ,L
15.0,3.21676008e-16,0.40234375,205.170166,86380.6119,-0.236925515,1.49011637e-06,1243.685010427
