Displacement,FX,FY,FZ,MX,MY,MZ,L
15.0,5.00679016e-06,0.00827026367,0.104066074,40.9423695,0.000386918623,-0.0118938479,1195.335915728
