Displacement,FX,FY,FZ,MX,MY,MZ,L
0.0628,-0.00177234004,-0.0107952897,-2.68369913e-05,0.31120802,7.50236169,-1.50182733,1207.9439433530001
