Displacement,FX,FY,FZ,MX,MY,MZ,L
10.825091446290001,1.94729439,-0.00603592129,-0.0170172565,-15.5566358,1328.45086,-1811.28634,1082.509144629
