Displacement,FX,FY,FZ,MX,MY,MZ,L
12.43685010427,0.0383520402,-1.13926937e-10,-0.000340576691,-0.36682337,34.9530285,-40.8999292,1243.685010427
