Displacement,FX,FY,FZ,MX,MY,MZ,L
15.0,1.95205212e-06,0.0102396011,-0.00462313369,0.259135948,4.01811186e-05,-0.00167647525,1366.973376629
