Displacement,FX,FY,FZ,MX,MY,MZ,L
15.0,2.16066837e-06,-7.15255737e-06,-5.37433662e-05,-0.0201969292,-4.00723572e-05,-0.000930098404,1353.906594098
