Displacement,FX,FY,FZ,MX,MY,MZ,L
15.0,-1.81794167e-06,-2.52723694e-05,-1.02764461e-05,-0.00455130895,-1.56451007e-05,0.00190811613,1346.7924590819998
