Displacement,FX,FY,FZ,MX,MY,MZ,L
15.0,-4.56348062e-07,0.000366270542,0.000528221601,0.212747259,-7.15166845e-06,0.00029556928,1112.654187734
