Displacement,FX,FY,FZ,MX,MY,MZ,L
0.0628,-0.00530337915,-0.0563804321,0.000330626965,1.73190162,48.7489054,-10.6910024,1169.0997999219999
