Displacement,FX,FY,FZ,MX,MY,MZ,L
15.0,4.86898255e-16,0.551513672,6.30875969,2195.56524,0.00119328247,-7.28755598e-08,1051.128022036
