Displacement,FX,FY,FZ,MX,MY,MZ,L
15.0,6.20726496e-07,0.000800251961,0.00141089503,0.476292829,2.49756436e-05,-0.000650285739,1082.509144629
