Displacement,FX,FY,FZ,MX,MY,MZ,L
0.0628,-0.151230574,-0.602943197,-0.0201845169,11.1389773,-84.6519309,45.7177811,1323.1517784760001
