Displacement,FX,FY,FZ,MX,MY,MZ,L
15.0,-6.70552249e-08,1.19805336e-05,-0.000120820012,-0.0252036926,-2.30378294e-06,-1.41259332e-05,1360.63420683
