Displacement,FX,FY,FZ,MX,MY,MZ,L
0.0628,-4.07425687e-05,-0.00312039,4.37125564e-05,0.100425788,3.2499187,-0.757699367,1127.252366515
