Displacement,FX,FY,FZ,MX,MY,MZ,L
11.690997999219999,93.496264,-0.0781993363,-0.583852619,-580.474528,48553.9758,-93867.6028,1169.0997999219999
