Displacement,FX,FY,FZ,MX,MY,MZ,L
11.82386635632,0.0272698482,-3.23837262e-09,-0.000228426303,-0.239468523,22.520505,-27.6640019,1182.386635632
