Displacement,FX,FY,FZ,MX,MY,MZ,L
0.0628,0.000499919057,-0.0300091952,0.000501573086,0.977389835,32.3008138,-7.65157246,1112.654187734
