Displacement,FX,FY,FZ,MX,MY,MZ,L
15.0,3.72529029e-08,7.74860379e-07,-4.71895328e-06,-0.00168148056,8.03434158e-05,-0.000634604669,1346.7924590819998
