Displacement,FX,FY,FZ,MX,MY,MZ,L
0.0628,-0.0273848623,-0.294745713,0.00178766251,9.06571871,245.843355,-53.8441589,1169.0997999219999
