Displacement,FX,FY,FZ,MX,MY,MZ,L
15.0,4.92593705e-16,-0.1953125,-38.9151611,-14473.4506,0.0169903542,6.03153582,1051.128022036
