Displacement,FX,FY,FZ,MX,MY,MZ,L
15.0,-7.78585673e-07,0.000698685646,0.0021770224,0.761651133,0.000185153158,0.000802082357,1112.654187734
