Displacement,FX,FY,FZ,MX,MY,MZ,L
12.20207119082,0.0376433717,1.25590574e-09,-0.000328396301,-0.348683628,32.9404458,-39.395026,1220.207119082
