Displacement,FX,FY,FZ,MX,MY,MZ,L
13.6063420683,2.02622179,0.000604681269,-0.017130618,-19.9719785,2053.92721,-2361.18971,1360.63420683
