Displacement,FX,FY,FZ,MX,MY,MZ,L
0.0628,0.0322041214,-0.225765362,0.00623106956,7.61697304,271.055143,-67.7971635,1051.128022036
