Displacement,FX,FY,FZ,MX,MY,MZ,L
15.0,2.88486481e-05,0.00729370117,0.111171126,46.0332032,-0.000265643694,-0.0172785655,1232.1219419559998
