Displacement,FX,FY,FZ,MX,MY,MZ,L
12.548930234210001,0.183848689,-0.00316455218,-0.00281590916,-2.86388035,168.720925,-198.144217,1254.8930234210002
