Displacement,FX,FY,FZ,MX,MY,MZ,L
15.0,-3.16067597e-08,2.39815495e-08,-6.90197344e-08,-4.50471302e-05,-6.40366153e-06,4.76039366e-06,1265.742781186
