Displacement,FX,FY,FZ,MX,MY,MZ,L
11.690997999219999,0.438801339,-0.00498430172,-0.00225758611,-2.02981421,345.896432,-440.900394,1169.0997999219999
