Displacement,FX,FY,FZ,MX,MY,MZ,L
0.0628,0.0810476542,-0.564885229,0.0157051086,19.0794795,662.433047,-165.94043,1051.128022036
