Displacement,FX,FY,FZ,MX,MY,MZ,L
13.231517784760001,0.0987266286,-0.000616366964,-0.00156050024,-1.73483646,106.25988,-111.971509,1323.1517784760001
