Displacement,FX,FY,FZ,MX,MY,MZ,L
15.0,-6.23054802e-07,0.000375568867,0.000950593734,0.406346378,9.89609091e-06,0.000497099467,1195.335915728
