Displacement,FX,FY,FZ,MX,MY,MZ,L
15.0,-8.19098204e-07,-0.0101512671,0.033647486,15.6129832,-3.27847592e-06,0.000624672057,1353.906594098
