Displacement,FX,FY,FZ,MX,MY,MZ,L
0.0628,0.00217674673,-0.0279855281,0.000618070364,0.929966409,32.5215545,-7.92556911,1082.509144629
