Displacement,FX,FY,FZ,MX,MY,MZ,L
0.0628,-1.36786246,-6.0938735,-0.0753555298,158.880841,1772.35579,-213.644763,1254.8930234210002
