Displacement,FX,FY,FZ,MX,MY,MZ,L
10.669708863139999,0.36366894,-6.05792879e-05,-0.00292308256,-2.69628369,251.943596,-333.300489,1066.970886314
