Displacement,FX,FY,FZ,MX,MY,MZ,L
0.0628,-0.69342792,-2.90872294,-0.0453720093,72.8760046,734.701706,-68.0235476,1265.742781186
