Displacement,FX,FY,FZ,MX,MY,MZ,L
15.0,-1.37835741e-07,-0.000432372093,-0.000193656888,0.0297614118,-5.15797868e-06,-5.97813818e-05,1366.973376629
