Displacement,FX,FY,FZ,MX,MY,MZ,L
10.825091446290001,15.577595,-0.0156120539,-0.11458341,-105.757397,9503.14498,-14486.6255,1082.509144629
