Displacement,FX,FY,FZ,MX,MY,MZ,L
15.0,-1.58324838e-07,-0.000858962536,0.00278292195,1.24637107,5.79687931e-06,-6.77864135e-05,1323.1517784760001
