Displacement,FX,FY,FZ,MX,MY,MZ,L
13.314128559350001,0.142530799,0.000117441524,-0.00178198416,-2.03850883,155.718206,-162.569621,1331.4128559350002
