Displacement,FX,FY,FZ,MX,MY,MZ,L
0.0628,-0.00906271487,-0.0476183579,-0.00217324495,0.626365349,-21.0536287,6.90322224,1353.906594098
