Displacement,FX,FY,FZ,MX,MY,MZ,L
15.0,1.12208996e-16,0.0224609375,246.811066,111279.546,-0.00830010464,0.00288936496,1323.1517784760001
