Displacement,FX,FY,FZ,MX,MY,MZ,L
0.0628,-0.644704342,-3.36842491,-0.151542664,45.6877817,-1285.25451,437.474178,1353.906594098
