Displacement,FX,FY,FZ,MX,MY,MZ,L
15.0,4.28035855e-06,0.0109886155,0.00246470235,1.08139453,7.77882431e-05,-0.00315277901,1314.512958828
