Displacement,FX,FY,FZ,MX,MY,MZ,L
15.0,3.94880772e-06,0.00139331818,-0.000971276313,-0.399012075,-0.000327876854,-0.000594045127,1051.128022036
