Displacement,FX,FY,FZ,MX,MY,MZ,L
15.0,6.70552253e-07,0.000592947006,0.00201152102,0.849206451,3.05092653e-05,-0.000658019671,1195.335915728
