Displacement,FX,FY,FZ,MX,MY,MZ,L
15.0,6.20944775e-07,0.00397032872,0.00113123964,0.420733641,2.93084174e-05,-0.000680609076,1254.8930234210002
