Displacement,FX,FY,FZ,MX,MY,MZ,L
0.0628,-0.00153711811,-0.00704889145,-7.64727592e-05,0.187116744,3.45840924,-0.580269,1243.685010427
