Displacement,FX,FY,FZ,MX,MY,MZ,L
15.0,2.28881836e-05,0.266387939,8.0079031,3759.41307,0.0025275026,-0.0211946853,1366.973376629
