Displacement,FX,FY,FZ,MX,MY,MZ,L
15.0,7.37607479e-07,0.000558853149,0.000841480214,0.333827994,6.08972084e-06,2.31802268e-05,1112.654187734
