Displacement,FX,FY,FZ,MX,MY,MZ,L
15.0,3.41096894e-07,4.54485421e-07,-1.56462192e-07,-8.32103526e-05,1.34684947e-05,-0.000328377784,1314.512958828
