Displacement,FX,FY,FZ,MX,MY,MZ,L
0.0628,-0.000873461599,-0.00732536847,2.22846866e-05,0.220680995,6.01776468,-1.28741573,1182.386635632
