Displacement,FX,FY,FZ,MX,MY,MZ,L
12.548930234210001,0.0334960571,8.20373235e-10,-0.000299634412,-0.325484349,31.1982153,-36.0394492,1254.8930234210002
