Displacement,FX,FY,FZ,MX,MY,MZ,L
12.548930234210001,0.04480515,0.00133263973,-0.000421434175,-0.526521335,41.5213266,-48.0612598,1254.8930234210002
