Displacement,FX,FY,FZ,MX,MY,MZ,L
0.0628,-0.0438029096,-0.310786724,0.000172615051,9.18580953,222.292516,-45.876225,1195.335915728
