Displacement,FX,FY,FZ,MX,MY,MZ,L
15.0,2.0954758e-08,0.000191628933,0.000335639401,0.156209187,6.27721414e-06,-4.81396716e-05,1220.207119082
