Displacement,FX,FY,FZ,MX,MY,MZ,L
15.0,1.42492354e-07,0.000223129988,0.000590048381,0.251854294,1.18404547e-05,-3.87637518e-05,1182.386635632
