Displacement,FX,FY,FZ,MX,MY,MZ,L
15.0,-1.90734863e-06,0.00193023682,0.0139578488,5.82684769,-6.54722243e-06,0.00651659207,1220.207119082
