Displacement,FX,FY,FZ,MX,MY,MZ,L
15.0,-2.43186951e-05,0.232208252,1.08170581,382.791104,0.000366599105,0.0503535229,1066.970886314
