Displacement,FX,FY,FZ,MX,MY,MZ,L
15.0,-3.25031578e-07,-4.12464142e-05,-3.66321765e-05,-0.0118960839,-3.60444531e-06,0.000296140466,1360.63420683
