Displacement,FX,FY,FZ,MX,MY,MZ,L
10.51128022036,0.627264113,-0.000861260583,-0.00413009059,-3.72028958,422.211159,-566.587251,1051.128022036
