Displacement,FX,FY,FZ,MX,MY,MZ,L
15.0,-4.52622771e-07,0.000470638275,0.000783577329,0.316842435,3.45113026e-06,0.000650650457,1127.252366515
