Displacement,FX,FY,FZ,MX,MY,MZ,L
15.0,6.45522958e-08,-1.35879963e-06,-6.47851259e-08,-7.99797425e-05,-2.06898938e-06,-5.17616182e-05,1276.231186255
