Displacement,FX,FY,FZ,MX,MY,MZ,L
15.0,-5.19212338e-08,5.89564443e-05,7.10487366e-05,0.0248139798,3.28372975e-06,3.27987629e-05,1066.970886314
