Displacement,FX,FY,FZ,MX,MY,MZ,L
0.0628,-0.0188120045,-0.0863467189,-0.000929713249,2.29363708,40.8620486,-6.7659766,1243.685010427
