Displacement,FX,FY,FZ,MX,MY,MZ,L
0.0628,-0.00179525022,-0.0125996405,3.56137753e-06,0.371643169,9.55031179,-1.98178897,1195.335915728
