Displacement,FX,FY,FZ,MX,MY,MZ,L
13.314128559350001,1.10234645,0.000471507468,-0.0099827908,-11.4011088,1115.38566,-1257.38297,1331.4128559350002
