Displacement,FX,FY,FZ,MX,MY,MZ,L
15.0,8.04662704e-06,0.00243759155,0.00576581061,2.05537741,1.58785083e-05,-0.00077949392,1127.252366515
