Displacement,FX,FY,FZ,MX,MY,MZ,L
15.0,5.15952706e-07,0.000810682774,0.000996590825,0.319073504,-1.66760365e-05,-0.000122025214,1034.98507472
