Displacement,FX,FY,FZ,MX,MY,MZ,L
0.0628,-0.053402245,-0.279558584,-0.0127458572,3.68782756,-117.995651,39.2243151,1353.906594098
