Displacement,FX,FY,FZ,MX,MY,MZ,L
0.0628,-0.145343633,-0.566254914,-0.0123767853,12.9849224,86.2443107,2.49159303,1286.355244347
