Displacement,FX,FY,FZ,MX,MY,MZ,L
15.0,1.60187483e-07,0.00085106492,0.00101961661,0.331139955,2.08793486e-05,0.000220923759,1051.128022036
