Displacement,FX,FY,FZ,MX,MY,MZ,L
0.0628,-0.00724091008,-0.0287831351,-0.000971317291,0.528501362,-3.86985643,2.15584621,1323.1517784760001
