Displacement,FX,FY,FZ,MX,MY,MZ,L
13.054988632529998,1.63621419,0.000237740011,-0.0144551528,-16.1680003,1539.42938,-1830.53622,1305.4988632529999
