Displacement,FX,FY,FZ,MX,MY,MZ,L
0.0628,-0.175299525,-1.04118415,-0.0504779816,12.4085409,-476.674123,153.826814,1360.63420683
