Displacement,FX,FY,FZ,MX,MY,MZ,L
0.0628,1.52280807,-10.1701956,0.296905518,345.877015,10231.634,-2585.9579,1051.128022036
