Displacement,FX,FY,FZ,MX,MY,MZ,L
12.86355244347,312.508617,-0.206910021,-1.63563001,-1778.67681,118095.369,-344904.217,1286.355244347
