Displacement,FX,FY,FZ,MX,MY,MZ,L
0.0628,0.000255960971,-0.0155296307,0.000259310007,0.505823817,16.8001541,-3.97950206,1112.654187734
