Displacement,FX,FY,FZ,MX,MY,MZ,L
15.0,-0.00048828125,2.875,-115.26593,-52190.8144,-0.106095603,0.234324843,1305.4988632529999
