Displacement,FX,FY,FZ,MX,MY,MZ,L
11.126541877340001,5.11486846,-0.00695602591,-0.0413154513,-39.1290248,3478.63374,-4887.30492,1112.654187734
