Displacement,FX,FY,FZ,MX,MY,MZ,L
12.76231186255,0.123360331,-0.0014981761,-0.00201657851,-2.12644007,118.596961,-135.101077,1276.231186255
