Displacement,FX,FY,FZ,MX,MY,MZ,L
15.0,-3.47942114e-06,-0.00661087036,0.0375134964,17.3033976,0.000124470216,-0.00169718637,1353.906594098
