Displacement,FX,FY,FZ,MX,MY,MZ,L
13.054988632529998,1.1541842,0.000258911727,-0.010502979,-11.7531698,1105.91094,-1291.24543,1305.4988632529999
