Displacement,FX,FY,FZ,MX,MY,MZ,L
0.0628,-0.014148239,-0.0585634373,-0.00214785337,1.00324259,-12.5061227,5.46208543,1331.4128559350002
