Displacement,FX,FY,FZ,MX,MY,MZ,L
15.0,-1.1670636e-07,-6.70552286e-08,1.17724994e-07,6.95305645e-05,-3.53580765e-06,9.38952922e-05,1097.738361015
