Displacement,FX,FY,FZ,MX,MY,MZ,L
11.690997999219999,0.0782204703,0.00156248109,-0.000756099762,-0.842580884,62.881258,-78.2540357,1169.0997999219999
