Displacement,FX,FY,FZ,MX,MY,MZ,L
13.14512958828,0.359627283,0.00047301182,-0.00365624926,-4.14166248,367.277331,-405.038893,1314.512958828
