Displacement,FX,FY,FZ,MX,MY,MZ,L
13.14512958828,0.0598923857,0.000235904858,-0.00101889705,-1.16096674,63.3821059,-67.4395664,1314.512958828
