Displacement,FX,FY,FZ,MX,MY,MZ,L
15.0,-1.27777457e-05,0.0972006321,0.0128056044,6.92323425,-0.000742614347,0.00462624128,1243.685010427
