Displacement,FX,FY,FZ,MX,MY,MZ,L
0.0628,-0.0149999559,-0.107126888,-0.00554275513,1.10493873,-60.8915069,18.5304662,1366.973376629
