Displacement,FX,FY,FZ,MX,MY,MZ,L
15.0,-2.7983333e-07,1.2377277e-06,-9.63191271e-08,-7.6038932e-05,-1.33990987e-05,5.86347737e-05,1254.8930234210002
