Displacement,FX,FY,FZ,MX,MY,MZ,L
15.0,-6.48200511e-07,-7.04079866e-07,-5.98258339e-07,-0.00017184966,1.59289701e-05,0.000229487936,1331.4128559350002
