Displacement,FX,FY,FZ,MX,MY,MZ,L
0.0628,-0.746297359,-3.29056841,-0.128005981,53.3734676,-889.204045,345.307752,1339.293832775
