Displacement,FX,FY,FZ,MX,MY,MZ,L
15.0,-5.12227411e-08,-4.51505184e-05,-5.54656144e-05,-0.0142636004,1.23724074e-05,-0.000118910863,1360.63420683
