Displacement,FX,FY,FZ,MX,MY,MZ,L
0.0628,-0.00208162796,-0.00989919924,-0.000421375036,0.144118472,-3.69689235,1.28284812,1346.7924590819998
