Displacement,FX,FY,FZ,MX,MY,MZ,L
15.0,1.31130218e-06,0.00176420808,0.00142155297,0.519313948,-6.32839698e-05,-0.000610267575,1195.335915728
