Displacement,FX,FY,FZ,MX,MY,MZ,L
15.0,-4.65661289e-08,-0.000415563583,-0.000117953867,0.0272408097,-1.10877467e-05,-7.03342586e-05,1366.973376629
