Displacement,FX,FY,FZ,MX,MY,MZ,L
15.0,-2.14204194e-08,0.000105619431,0.000228317105,0.0908621121,1.84939972e-05,-5.68115433e-06,1254.8930234210002
