Displacement,FX,FY,FZ,MX,MY,MZ,L
15.0,3.06963921e-06,0.00415992737,0.0564553067,25.3222327,4.10588948e-05,-0.00253006498,1296.112065153
