Displacement,FX,FY,FZ,MX,MY,MZ,L
15.0,3.45986336e-07,0.00030502677,0.00044640468,0.180516053,7.9143423e-06,-0.000260578028,1112.654187734
