Displacement,FX,FY,FZ,MX,MY,MZ,L
0.0628,-0.0208876543,-0.147506133,6.58035278e-05,4.3565847,107.875903,-22.3074812,1195.335915728
