Displacement,FX,FY,FZ,MX,MY,MZ,L
15.0,5.00440362e-08,1.9185244e-07,3.2960089e-08,4.58052461e-05,2.70600611e-07,-3.2054882e-05,1066.970886314
