Displacement,FX,FY,FZ,MX,MY,MZ,L
0.0628,-0.00991891697,-0.0470320373,-0.00200474262,0.683269686,-17.2983362,6.03708691,1346.7924590819998
