Displacement,FX,FY,FZ,MX,MY,MZ,L
0.0628,355.033203,-4895.63916,129.414062,166426.846,2331865.03,-438143.804,1127.252366515
