Displacement,FX,FY,FZ,MX,MY,MZ,L
15.0,-6.45173713e-07,1.15577132e-06,-1.46334059e-07,-4.44527121e-05,-1.21922337e-05,0.000622066603,1314.512958828
