Displacement,FX,FY,FZ,MX,MY,MZ,L
0.0628,-0.00481431372,-0.0207495266,-0.000283509493,0.532902663,8.57353177,-1.27991563,1254.8930234210002
