Displacement,FX,FY,FZ,MX,MY,MZ,L
15.0,-1.13761053e-06,0.00194494426,0.0011156933,0.404248754,5.71141073e-06,0.00165605678,1195.335915728
