Displacement,FX,FY,FZ,MX,MY,MZ,L
0.0628,0.0129709393,-0.0741968714,0.00223267078,2.51432824,93.1106667,-23.5198873,1034.98507472
