Displacement,FX,FY,FZ,MX,MY,MZ,L
0.0628,-0.0283811605,-0.154813901,-0.000790834427,4.3575037,93.2289554,-17.7101463,1220.207119082
