Displacement,FX,FY,FZ,MX,MY,MZ,L
15.0,2.41398811e-06,0.126966476,0.0518972799,22.4219444,-0.000170234549,-0.0167050348,1207.9439433530001
