Displacement,FX,FY,FZ,MX,MY,MZ,L
15.0,-2.87778675e-07,0.00231812149,0.000947859255,0.340715659,2.33659906e-05,0.000144972998,1207.9439433530001
