Displacement,FX,FY,FZ,MX,MY,MZ,L
15.0,-7.24568963e-07,-0.00022906065,0.00108780561,0.474948698,-2.48467097e-05,0.000787015729,1305.4988632529999
