Displacement,FX,FY,FZ,MX,MY,MZ,L
15.0,-2.01165676e-07,6.91413879e-06,2.00644135e-05,0.00967927662,-1.14419072e-05,0.000218075555,1366.973376629
