Displacement,FX,FY,FZ,MX,MY,MZ,L
11.126541877340001,0.527775946,-1.0706104e-06,-0.00433182018,-4.1498847,385.132703,-504.16753,1112.654187734
