Displacement,FX,FY,FZ,MX,MY,MZ,L
15.0,3.1106174e-07,-2.60472298e-05,0.000308922841,0.129058944,-1.46473605e-05,-0.000553878241,1276.231186255
