Displacement,FX,FY,FZ,MX,MY,MZ,L
15.0,-1.04308129e-07,-1.09672546e-05,0.0003239488,0.134908149,1.52046013e-05,0.000110086007,1276.231186255
