Displacement,FX,FY,FZ,MX,MY,MZ,L
15.0,2.69711018e-06,0.00212049484,0.00558061386,2.15662121,-0.000274958619,-0.00628914646,1243.685010427
