Displacement,FX,FY,FZ,MX,MY,MZ,L
10.825091446290001,32649.6338,-10.1751807,-440.625031,-466214.83,1416566.09,-30446182.3,1082.509144629
