Displacement,FX,FY,FZ,MX,MY,MZ,L
0.0628,-0.0858643651,-0.354632944,-0.00575971603,8.81149209,108.870568,-12.4407883,1265.742781186
