Displacement,FX,FY,FZ,MX,MY,MZ,L
15.0,-4.02331352e-07,-3.21865082e-06,1.44015066e-05,0.0072100205,-7.57958383e-07,0.000614430485,1366.973376629
