Displacement,FX,FY,FZ,MX,MY,MZ,L
15.0,-2.44006514e-07,-4.53293324e-05,-4.53616958e-05,-0.0132547036,-1.67675222e-05,6.62485169e-05,1360.63420683
