Displacement,FX,FY,FZ,MX,MY,MZ,L
15.0,-3.52098141e-07,-1.03563071e-06,1.74331945e-08,-2.69741399e-05,1.12119286e-05,0.000418373151,1195.335915728
