Displacement,FX,FY,FZ,MX,MY,MZ,L
0.0628,-0.00998758108,-0.0609575063,-0.000147461891,1.75802357,41.5373873,-8.29176022,1207.9439433530001
