Displacement,FX,FY,FZ,MX,MY,MZ,L
10.51128022036,76.6198729,-0.0982903857,-0.486546397,-435.11981,37104.3229,-69251.2027,1051.128022036
