Displacement,FX,FY,FZ,MX,MY,MZ,L
15.0,1.41561031e-07,-8.940696e-08,-1.77865149e-06,-0.00087384935,1.3034703e-05,-0.000152873741,1346.7924590819998
