Displacement,FX,FY,FZ,MX,MY,MZ,L
15.0,7.62939453e-06,0.0244140625,-0.386501312,-200.257244,-0.00495539281,-0.489346022,1127.252366515
