Displacement,FX,FY,FZ,MX,MY,MZ,L
0.0628,-313.965332,-5460.26074,68.515625,177030.478,751565.318,-100111.418,1207.9439433530001
