Displacement,FX,FY,FZ,MX,MY,MZ,L
13.231517784760001,0.0505467891,0.000343004149,-0.000879189465,-1.01600669,54.858291,-57.2747381,1323.1517784760001
