Displacement,FX,FY,FZ,MX,MY,MZ,L
15.0,-5.36441804e-07,0.15653038,0.0371915537,17.1343633,-0.000335150527,0.00253342139,1232.1219419559998
