Displacement,FX,FY,FZ,MX,MY,MZ,L
10.825091446290001,0.026204975,-1.09410924e-08,-0.000193966785,-0.197901764,18.8821693,-24.3615672,1082.509144629
