Displacement,FX,FY,FZ,MX,MY,MZ,L
15.0,-1.16974115e-06,0.000987321138,0.00129798939,0.447712037,-1.21658308e-05,0.00145159249,1112.654187734
