Displacement,FX,FY,FZ,MX,MY,MZ,L
15.0,1.04308128e-07,-0.00556313992,0.0165357251,7.62261535,-2.56128395e-05,0.000134560598,1346.7924590819998
