Displacement,FX,FY,FZ,MX,MY,MZ,L
15.0,9.49017703e-07,0.0651614666,-0.00992103666,-2.56628275,9.20157945e-05,-0.000132243314,1296.112065153
