Displacement,FX,FY,FZ,MX,MY,MZ,L
11.272523665149999,0.196095878,-3.91520421e-05,-0.00163088297,-1.588347,147.810318,-189.760389,1127.252366515
