Displacement,FX,FY,FZ,MX,MY,MZ,L
13.669733766290001,24768.5451,-3.35795756,-642.545584,-768701.473,1114518.7,-29046221.5,1366.973376629
