Displacement,FX,FY,FZ,MX,MY,MZ,L
15.0,-1.20699406e-06,-7.97510147e-05,0.000822810922,0.353449758,-1.25802187e-05,0.00131864092,1296.112065153
