Displacement,FX,FY,FZ,MX,MY,MZ,L
11.690997999219999,0.0557843575,-1.8593363e-09,-0.000471328502,-0.481635074,45.0069657,-55.961842,1169.0997999219999
