Displacement,FX,FY,FZ,MX,MY,MZ,L
15.0,1.96741894e-07,2.25380065e-07,8.5878128e-08,6.65593232e-05,1.26126353e-05,-0.000221295743,1232.1219419559998
