Displacement,FX,FY,FZ,MX,MY,MZ,L
15.0,1.40666962e-05,0.00667572021,0.0998048335,42.4938559,-0.000349688209,-0.0188485456,1254.8930234210002
