Displacement,FX,FY,FZ,MX,MY,MZ,L
12.43685010427,319.183833,-0.33204152,-1.76040527,-1851.54993,123320.731,-340825.44,1243.685010427
