Displacement,FX,FY,FZ,MX,MY,MZ,L
12.76231186255,0.289036809,-0.000922747626,-0.00339022977,-3.65906568,273.562629,-316.29403,1276.231186255
