Displacement,FX,FY,FZ,MX,MY,MZ,L
0.0628,-0.00994330738,-0.0408591768,-0.000672996044,1.01247651,13.6561379,-1.67716332,1265.742781186
