Displacement,FX,FY,FZ,MX,MY,MZ,L
15.0,9.06176865e-07,0.000848993659,0.000894654309,0.285008753,6.76220065e-05,-0.000248282031,1034.98507472
