Displacement,FX,FY,FZ,MX,MY,MZ,L
15.0,-6.55651092e-07,-0.0153565407,0.0765097849,35.5909035,6.65307714e-06,1.53024877e-05,1360.63420683
