Displacement,FX,FY,FZ,MX,MY,MZ,L
15.0,-3.5110861e-07,0.000313639641,0.000513522187,0.212639567,5.38129101e-06,0.000170544132,1141.528729776
