Displacement,FX,FY,FZ,MX,MY,MZ,L
15.0,-6.67572021e-06,-0.00177764893,0.049078539,22.3397902,-0.00037943758,0.0078111968,1346.7924590819998
