Displacement,FX,FY,FZ,MX,MY,MZ,L
13.467924590819997,3.29033843,0.000571333125,-0.0267615775,-30.8647807,3122.62079,-3795.94228,1346.7924590819998
