Displacement,FX,FY,FZ,MX,MY,MZ,L
12.321219419559998,3.7091572,-0.00145597524,-0.0310303045,-32.6810261,2976.5252,-3919.48311,1232.1219419559998
