Displacement,FX,FY,FZ,MX,MY,MZ,L
10.669708863139999,0.046115492,-1.03136869e-08,-0.000351558789,-0.34288571,32.5020377,-42.2630061,1066.970886314
