Displacement,FX,FY,FZ,MX,MY,MZ,L
15.0,-6.53788447e-07,0.000671982765,0.00292034028,1.26577415,3.54445753e-06,0.000247675826,1232.1219419559998
