Displacement,FX,FY,FZ,MX,MY,MZ,L
0.0628,0.0545293093,-1.09518433,0.0219135284,36.1843612,1131.79398,-272.934163,1097.738361015
