Displacement,FX,FY,FZ,MX,MY,MZ,L
15.0,-5.94137236e-06,0.079018712,-0.0136842094,-4.05336833,2.03555068e-05,0.00451521821,1286.355244347
