Displacement,FX,FY,FZ,MX,MY,MZ,L
15.0,-5.03659248e-06,0.0034570694,0.0432001706,19.1993125,0.000282657074,0.00427423101,1286.355244347
