Displacement,FX,FY,FZ,MX,MY,MZ,L
13.539065940979999,0.202997684,0.000563783857,-0.00213730615,-2.5084027,234.877283,-235.370672,1353.906594098
