Displacement,FX,FY,FZ,MX,MY,MZ,L
13.39293832775,2.22788477,0.000535169919,-0.0189130884,-21.7028778,2175.22662,-2556.10012,1339.293832775
