Displacement,FX,FY,FZ,MX,MY,MZ,L
11.82386635632,0.344490112,-0.00240453455,-0.00408023177,-4.02297739,278.449918,-349.776365,1182.386635632
