Displacement,FX,FY,FZ,MX,MY,MZ,L
11.272523665149999,0.0286095857,-7.92081964e-09,-0.00022642524,-0.231861256,21.8510157,-27.6842566,1127.252366515
