Displacement,FX,FY,FZ,MX,MY,MZ,L
0.0628,-0.00327489292,-0.0141168807,-0.000192970037,0.362532891,5.86054608,-0.877261943,1254.8930234210002
