Displacement,FX,FY,FZ,MX,MY,MZ,L
15.0,6.19329512e-07,0.00169587135,0.000852884317,0.298526765,-1.80492487e-05,-0.000373398851,1169.0997999219999
