Displacement,FX,FY,FZ,MX,MY,MZ,L
15.0,1.93482265e-07,8.04662706e-07,6.68514988e-08,3.4902762e-05,-1.50636909e-06,-4.11914684e-05,1141.528729776
