Displacement,FX,FY,FZ,MX,MY,MZ,L
0.0628,6.23529053,-33.2827969,1.09320068,1141.93561,31299.6927,-8034.05676,1034.98507472
