Displacement,FX,FY,FZ,MX,MY,MZ,L
0.0628,-0.341412067,-1.78314129,-0.0806846619,23.9099485,-698.672524,236.685343,1353.906594098
