Displacement,FX,FY,FZ,MX,MY,MZ,L
15.0,1.04308128e-06,-0.000252008438,0.00233682152,1.02729735,5.30886751e-06,-0.000680035822,1314.512958828
