Displacement,FX,FY,FZ,MX,MY,MZ,L
10.825091446290001,0.226460649,-8.99591648e-05,-0.00183529127,-1.72010107,160.880903,-210.547087,1082.509144629
