Displacement,FX,FY,FZ,MX,MY,MZ,L
10.97738361015,0.14908897,0.000237747564,-0.00190696993,-1.81574551,108.617945,-140.482529,1097.738361015
