Displacement,FX,FY,FZ,MX,MY,MZ,L
0.0628,-0.000745734666,-0.0062536574,1.90213323e-05,0.188388174,5.14051949,-1.0998035,1182.386635632
