Displacement,FX,FY,FZ,MX,MY,MZ,L
12.43685010427,1.16875946,-0.000422356847,-0.0107332519,-11.417225,1005.23934,-1246.45046,1243.685010427
