Displacement,FX,FY,FZ,MX,MY,MZ,L
15.0,-2.30967999e-07,2.38418578e-07,1.70939602e-05,0.00812599852,-2.12275545e-05,0.00100471094,1366.973376629
