Displacement,FX,FY,FZ,MX,MY,MZ,L
15.0,1.46403909e-06,0.0105816275,0.00282527506,1.24129259,0.000103796292,-0.000706260496,1314.512958828
