Displacement,FX,FY,FZ,MX,MY,MZ,L
11.95335915728,0.0683061729,0.00150390493,-0.000673212809,-0.771365034,57.1291497,-69.8484613,1195.335915728
