Displacement,FX,FY,FZ,MX,MY,MZ,L
15.0,-9.84966755e-06,0.0359125137,0.0388547555,14.0418326,-0.000149155247,0.00720033483,1051.128022036
