Displacement,FX,FY,FZ,MX,MY,MZ,L
15.0,4.97326255e-07,0.00537105277,0.001409519,0.540441068,-1.72165024e-05,-0.000986801071,1276.231186255
