Displacement,FX,FY,FZ,MX,MY,MZ,L
11.272523665149999,0.0444307813,-3.80067891e-09,-0.000360065023,-0.361448112,33.8663091,-42.9938663,1127.252366515
