Displacement,FX,FY,FZ,MX,MY,MZ,L
15.0,-6.29425049e-05,0.108093262,2.82659721,1262.34991,-0.000204569385,0.0573603294,1314.512958828
