Displacement,FX,FY,FZ,MX,MY,MZ,L
15.0,-2.68220902e-07,0.00209617615,0.0158658139,6.51062144,0.000371197864,-0.0019947967,1207.9439433530001
