Displacement,FX,FY,FZ,MX,MY,MZ,L
0.0628,-44.9274292,-326.749832,-13.6674805,5294.82062,-173805.411,43439.6097,1366.973376629
