Displacement,FX,FY,FZ,MX,MY,MZ,L
0.0628,784.803711,-4414.24072,157.367188,152298.991,2879982.13,-576574.125,1066.970886314
