Displacement,FX,FY,FZ,MX,MY,MZ,L
0.0628,-0.000464148819,-0.0112607395,0.000126868486,0.357296515,11.1114682,-2.54416635,1141.528729776
