Displacement,FX,FY,FZ,MX,MY,MZ,L
0.0628,-0.0672287494,-0.478729635,0.000311851501,14.1633246,336.80315,-69.4058675,1195.335915728
