Displacement,FX,FY,FZ,MX,MY,MZ,L
12.20207119082,0.0701926546,0.00135999975,-0.000790291931,-0.900136831,61.086546,-73.2919185,1220.207119082
