Displacement,FX,FY,FZ,MX,MY,MZ,L
0.0628,0.0192082822,-0.243487343,0.00543093681,8.10063569,274.191267,-66.9164627,1082.509144629
