Displacement,FX,FY,FZ,MX,MY,MZ,L
15.0,-3.4389086e-07,3.72529108e-09,2.07102857e-07,0.000138875889,-2.29095149e-05,-0.00046460022,1243.685010427
