Displacement,FX,FY,FZ,MX,MY,MZ,L
15.0,-4.84287735e-08,0.00191754103,0.00212370645,0.799536916,1.0879264e-05,0.00247841257,1220.207119082
