Displacement,FX,FY,FZ,MX,MY,MZ,L
0.0628,-0.00166812027,-0.00719596684,-9.82657075e-05,0.184897235,3.00483698,-0.451457855,1254.8930234210002
