Displacement,FX,FY,FZ,MX,MY,MZ,L
15.0,-1.92224979e-06,0.0013794899,0.00956659205,4.06775868,-0.000283312205,0.000828573148,1232.1219419559998
