Displacement,FX,FY,FZ,MX,MY,MZ,L
12.65742781186,0.229380151,-0.00232476683,-0.00309750687,-3.23811089,213.863558,-249.141287,1265.742781186
