Displacement,FX,FY,FZ,MX,MY,MZ,L
11.690997999219999,1.5406686,-0.00211010011,-0.0138307922,-13.7692378,1180.30601,-1545.85757,1169.0997999219999
