Displacement,FX,FY,FZ,MX,MY,MZ,L
15.0,-1.06915832e-06,-0.000789165497,0.00694717653,3.11884122,0.000107260491,0.00105314731,1331.4128559350002
