Displacement,FX,FY,FZ,MX,MY,MZ,L
11.82386635632,0.797708254,-0.00307299506,-0.00796477402,-7.92922006,633.914705,-809.635634,1182.386635632
