Displacement,FX,FY,FZ,MX,MY,MZ,L
15.0,-0.000518798828,-0.00276947021,0.191356182,83.5270412,-0.00271591533,0.374446272,1323.1517784760001
