Displacement,FX,FY,FZ,MX,MY,MZ,L
15.0,-4.60147858e-05,0.0047454834,0.0254503787,11.7727329,0.00117332984,0.0431618564,1331.4128559350002
