Displacement,FX,FY,FZ,MX,MY,MZ,L
13.467924590819997,1.05076881,0.000544681043,-0.0094975871,-10.9752254,1101.31153,-1212.19026,1346.7924590819998
