Displacement,FX,FY,FZ,MX,MY,MZ,L
12.76231186255,0.0336526417,1.50057321e-09,-0.00030593737,-0.336839143,32.7157358,-36.816113,1276.231186255
