Displacement,FX,FY,FZ,MX,MY,MZ,L
12.20207119082,1.14989471,-0.000773334647,-0.0105989483,-11.0478046,954.738678,-1203.49252,1220.207119082
