Displacement,FX,FY,FZ,MX,MY,MZ,L
0.0628,-0.214916348,-1.01741093,-0.0430784225,14.9452949,-346.660435,123.778313,1346.7924590819998
