Displacement,FX,FY,FZ,MX,MY,MZ,L
15.0,2.95450445e-06,0.000645160675,0.00202474091,0.68891756,1.81090545e-05,-0.00466385023,1082.509144629
