Displacement,FX,FY,FZ,MX,MY,MZ,L
11.41528729776,0.420122465,-0.00674581564,-0.00516181579,-4.73917566,320.241871,-412.580217,1141.528729776
