Displacement,FX,FY,FZ,MX,MY,MZ,L
15.0,-2.12341547e-07,0.000428915024,0.00045547029,0.175961465,2.31844417e-05,-6.39237006e-05,1066.970886314
