Displacement,FX,FY,FZ,MX,MY,MZ,L
13.054988632529998,0.12172908,-0.0011244604,-0.00189875253,-2.06272948,124.830023,-136.281472,1305.4988632529999
