Displacement,FX,FY,FZ,MX,MY,MZ,L
0.0628,0.00138428435,-0.0178244961,0.000393480062,0.592327579,20.7837321,-5.06446839,1082.509144629
