Displacement,FX,FY,FZ,MX,MY,MZ,L
13.669733766290001,0.0326781265,0.00022012334,-0.000605551613,-0.721473911,41.4709771,-38.2420262,1366.973376629
