Displacement,FX,FY,FZ,MX,MY,MZ,L
0.0628,-0.000277445186,-0.00671885954,7.5660646e-05,0.213159998,6.64556635,-1.52177777,1141.528729776
