Displacement,FX,FY,FZ,MX,MY,MZ,L
10.51128022036,0.0380006251,-1.44777529e-08,-0.000279326807,-0.274792988,26.2784413,-34.3144313,1051.128022036
