Displacement,FX,FY,FZ,MX,MY,MZ,L
11.95335915728,0.217650936,-2.36424701e-06,-0.00187595753,-1.92861234,180.246277,-223.188421,1195.335915728
