Displacement,FX,FY,FZ,MX,MY,MZ,L
0.0628,-0.00543770379,-0.0215606913,-0.000416696072,0.513742359,5.650556,-0.479519044,1276.231186255
