Displacement,FX,FY,FZ,MX,MY,MZ,L
15.0,2.95505742e-07,2.6915222e-07,2.53348839e-08,2.220753e-05,5.8740569e-06,-0.000111958038,1286.355244347
