Displacement,FX,FY,FZ,MX,MY,MZ,L
13.314128559350001,0.800599266,0.000470344144,-0.00745510682,-8.52140053,824.215881,-913.185542,1331.4128559350002
