Displacement,FX,FY,FZ,MX,MY,MZ,L
11.55479201803,0.0643966,-8.84752726e-10,-0.000540089794,-0.545619821,50.9125202,-63.8571187,1155.479201803
