Displacement,FX,FY,FZ,MX,MY,MZ,L
15.0,7.15255737e-07,0.18636322,0.329586864,125.672929,0.000151771491,0.0276087485,1141.528729776
