Displacement,FX,FY,FZ,MX,MY,MZ,L
10.825091446290001,4.82582141,-0.00823496716,-0.0388792455,-35.7686838,3176.79065,-4487.86015,1082.509144629
