Displacement,FX,FY,FZ,MX,MY,MZ,L
11.272523665149999,9.03202531,-0.0080826006,-0.0700063824,-67.3135122,6038.79629,-8741.8454,1127.252366515
