Displacement,FX,FY,FZ,MX,MY,MZ,L
12.079439433530002,3.63850351,-0.00221046279,-0.0305015874,-31.4655749,2830.93946,-3770.34071,1207.9439433530001
