Displacement,FX,FY,FZ,MX,MY,MZ,L
0.0628,-1.82198429,-13.919281,0.0311126709,417.289555,7579.16304,-1520.17462,1195.335915728
