Displacement,FX,FY,FZ,MX,MY,MZ,L
0.0628,-0.000640401733,-0.0053708991,1.63912773e-05,0.161845758,4.41730031,-0.945176316,1182.386635632
