Displacement,FX,FY,FZ,MX,MY,MZ,L
0.0628,0.0065119639,-0.0593707599,0.0014719367,1.98877567,70.7253081,-17.4603843,1066.970886314
