Displacement,FX,FY,FZ,MX,MY,MZ,L
15.0,-1.48266554e-06,-0.00538301468,0.0165649315,7.63180918,-1.39816812e-05,0.0012212882,1346.7924590819998
