Displacement,FX,FY,FZ,MX,MY,MZ,L
0.0628,5.37550354,-34.6145439,1.04699707,1182.59316,31418.8863,-7966.13105,1051.128022036
