Displacement,FX,FY,FZ,MX,MY,MZ,L
15.0,1.38580799e-06,-7.62939453e-06,0.00122946082,0.52003636,2.19731646e-05,-0.00178231242,1296.112065153
