Displacement,FX,FY,FZ,MX,MY,MZ,L
0.0628,-0.00446417047,-0.0177015997,-0.000342011452,0.421950461,4.65554664,-0.39739088,1276.231186255
