Displacement,FX,FY,FZ,MX,MY,MZ,L
15.0,5.1856041e-06,-0.00161123276,0.0107000638,4.8491714,1.2974384e-05,-0.00573524268,1339.293832775
