Displacement,FX,FY,FZ,MX,MY,MZ,L
15.0,-3.25031579e-07,0.0029090941,0.00173142896,0.659451023,2.03680688e-05,0.00111164599,1243.685010427
