Displacement,FX,FY,FZ,MX,MY,MZ,L
0.0628,-0.00107157079,-0.00752018159,2.11596489e-06,0.221840211,5.71676266,-1.18676921,1195.335915728
