Displacement,FX,FY,FZ,MX,MY,MZ,L
12.96112065153,0.0609160084,0.000652246592,-0.000933160976,-1.07263245,61.5408442,-67.6041491,1296.112065153
