Displacement,FX,FY,FZ,MX,MY,MZ,L
15.0,2.35624611e-07,-1.37835738e-07,4.53583198e-08,-1.82623792e-06,5.7733947e-06,-0.000145092258,1169.0997999219999
