Displacement,FX,FY,FZ,MX,MY,MZ,L
15.0,0.000946044922,1.45074463,4.24320865,1744.23931,0.0121594342,-0.174237864,1254.8930234210002
