Displacement,FX,FY,FZ,MX,MY,MZ,L
11.272523665149999,0.315681617,-0.00272533594,-0.0014093155,-1.25064771,236.170567,-305.896565,1127.252366515
