Displacement,FX,FY,FZ,MX,MY,MZ,L
15.0,3.09199095e-07,-2.37226486e-05,0.000303301495,0.126905313,-2.45336108e-07,-0.000352500191,1276.231186255
