Displacement,FX,FY,FZ,MX,MY,MZ,L
0.0628,0.0188177228,-0.388692081,0.00766515732,12.8204052,416.785518,-100.364191,1097.738361015
