Displacement,FX,FY,FZ,MX,MY,MZ,L
15.0,5.69224357e-06,0.00269317627,0.0254298933,10.6760712,0.000112940156,-0.00348849718,1232.1219419559998
