Displacement,FX,FY,FZ,MX,MY,MZ,L
15.0,1.51395798e-05,0.00298309326,0.00872433186,2.95449181,-0.00017259771,-0.0176581209,1127.252366515
