Displacement,FX,FY,FZ,MX,MY,MZ,L
15.0,-3.26894224e-07,-2.01165669e-07,-1.61321077e-06,-0.000760962069,-1.85980068e-05,0.000149116191,1346.7924590819998
