Displacement,FX,FY,FZ,MX,MY,MZ,L
15.0,9.406358e-08,0.000116497278,0.000177869049,0.0702284878,-3.37832131e-06,-0.000100236445,1243.685010427
