Displacement,FX,FY,FZ,MX,MY,MZ,L
13.467924590819997,0.208448268,0.00055782351,-0.00220916444,-2.57811278,235.757791,-240.438566,1346.7924590819998
