Displacement,FX,FY,FZ,MX,MY,MZ,L
10.825091446290001,0.0667479649,-3.81278679e-09,-0.000527957221,-0.5096875,47.8853445,-62.0531052,1082.509144629
