Displacement,FX,FY,FZ,MX,MY,MZ,L
15.0,-1.89756975e-07,-1.71363352e-07,6.93835325e-08,2.72783266e-05,-1.47131734e-05,6.79293142e-05,1051.128022036
