Displacement,FX,FY,FZ,MX,MY,MZ,L
10.669708863139999,4.67271233,-0.00880997957,-0.037574593,-34.045405,3024.88415,-4283.94999,1066.970886314
