Displacement,FX,FY,FZ,MX,MY,MZ,L
12.86355244347,1.17179123,5.95165232e-05,-0.0106998482,-11.7902148,1082.69757,-1291.98036,1286.355244347
