Displacement,FX,FY,FZ,MX,MY,MZ,L
13.314128559350001,17.3706252,-0.000406718406,-0.117123291,-133.268329,12947.0952,-19816.2657,1331.4128559350002
