Displacement,FX,FY,FZ,MX,MY,MZ,L
15.0,4.47500497e-07,0.000274837017,0.000301425694,0.116208734,4.80007302e-07,-7.70727824e-05,1051.128022036
