Displacement,FX,FY,FZ,MX,MY,MZ,L
0.0628,-3.39698792,-44.8098488,0.398681641,1407.17307,25657.1997,-5506.22552,1169.0997999219999
