Displacement,FX,FY,FZ,MX,MY,MZ,L
0.0628,-2.83824205,-14.9093542,-0.0906066895,416.002875,5545.66233,-891.785692,1232.1219419559998
