Displacement,FX,FY,FZ,MX,MY,MZ,L
15.0,-1.33514404e-05,0.013671875,0.237698674,92.9730405,0.00616103784,0.0102273599,1195.335915728
