Displacement,FX,FY,FZ,MX,MY,MZ,L
0.0628,0.000454897992,-0.00587107474,0.000129655004,0.195134331,6.88507857,-1.67763763,1082.509144629
