Displacement,FX,FY,FZ,MX,MY,MZ,L
15.0,5.55068255e-07,-5.42998314e-05,0.00047161791,0.200080121,1.08951029e-05,-0.000310811656,1286.355244347
