Displacement,FX,FY,FZ,MX,MY,MZ,L
0.0628,-0.00337084755,-0.0129035709,-0.000360250473,0.267103757,0.353794868,0.468508041,1305.4988632529999
