Displacement,FX,FY,FZ,MX,MY,MZ,L
15.0,-8.8475645e-08,-0.000884830952,0.0027697492,1.24120075,-7.12621473e-06,6.54005064e-05,1323.1517784760001
