Displacement,FX,FY,FZ,MX,MY,MZ,L
15.0,-9.31018382e-16,1.578125,-67.2258453,-29921.5342,-0.00619336486,1.19209423e-06,1265.742781186
