Displacement,FX,FY,FZ,MX,MY,MZ,L
15.0,1.93715095e-07,0.000945568085,0.00303301401,1.23170109,-0.000122161834,-0.000705404051,1169.0997999219999
