Displacement,FX,FY,FZ,MX,MY,MZ,L
15.0,-1.1138618e-06,0.000593423843,0.00253488729,1.1011433,2.06864465e-06,0.00102196672,1232.1219419559998
