Displacement,FX,FY,FZ,MX,MY,MZ,L
12.96112065153,95.4566087,-0.0263867589,-0.535441846,-590.133691,50457.9607,-106085.529,1296.112065153
