Displacement,FX,FY,FZ,MX,MY,MZ,L
0.0628,-0.00143257435,-0.00618127381,-8.44150782e-05,0.158806473,2.58349386,-0.38836696,1254.8930234210002
