Displacement,FX,FY,FZ,MX,MY,MZ,L
15.0,-5.40167091e-08,0.000503540039,0.00426050276,1.87537794,-3.59026021e-05,0.00022479309,1254.8930234210002
