Displacement,FX,FY,FZ,MX,MY,MZ,L
10.825091446290001,0.117507493,0.00128756904,-0.00132243941,-1.29875795,84.0325757,-109.03088,1082.509144629
