Displacement,FX,FY,FZ,MX,MY,MZ,L
15.0,-6.49131834e-07,3.42726705e-07,-6.48782588e-07,-0.000322115037,2.50659505e-06,0.000371306822,1339.293832775
