Displacement,FX,FY,FZ,MX,MY,MZ,L
0.0628,0.950017929,-10.9564199,0.262008667,367.696442,10203.0126,-2510.5137,1082.509144629
