Displacement,FX,FY,FZ,MX,MY,MZ,L
15.0,-7.07805153e-08,-0.000456064939,0.00169353798,0.749373647,-7.12008378e-06,0.000347865308,1314.512958828
