Displacement,FX,FY,FZ,MX,MY,MZ,L
15.0,-5.28991222e-06,0.00148522854,0.00344752986,1.25866726,-0.000103383607,0.00470690367,1169.0997999219999
