Displacement,FX,FY,FZ,MX,MY,MZ,L
10.669708863139999,0.139819568,0.000495059145,-0.00174591225,-1.63136848,98.0279811,-128.047358,1066.970886314
