Displacement,FX,FY,FZ,MX,MY,MZ,L
0.0628,0.0121105611,-0.252270654,0.00495195389,8.31549809,273.586501,-65.853195,1097.738361015
