Displacement,FX,FY,FZ,MX,MY,MZ,L
15.0,-3.05175781e-05,0.209960938,5.76326609,2543.93339,-0.0014619873,0.0274477624,1305.4988632529999
