Displacement,FX,FY,FZ,MX,MY,MZ,L
15.0,1.24424696e-06,-6.19888305e-06,7.13393092e-06,0.00357073185,2.46068928e-05,-0.00163239965,1360.63420683
