Displacement,FX,FY,FZ,MX,MY,MZ,L
11.41528729776,17.2976409,-0.0113799048,-0.127419014,-124.16475,11144.835,-16952.2949,1141.528729776
