Displacement,FX,FY,FZ,MX,MY,MZ,L
0.0628,-871.56543,-5683.58691,-65.78125,160581.097,-4609579.06,691743.218,1331.4128559350002
