Displacement,FX,FY,FZ,MX,MY,MZ,L
13.539065940979999,1.44022442,0.000579304651,-0.0126239393,-14.6546728,1494.26844,-1670.1341,1353.906594098
