Displacement,FX,FY,FZ,MX,MY,MZ,L
15.0,1.31130218e-06,0.0520782471,0.561590344,260.537574,0.000305203666,-0.000256077983,1339.293832775
