Displacement,FX,FY,FZ,MX,MY,MZ,L
0.0628,-0.0013102293,-0.0319912508,0.000361204147,1.01497251,31.3192627,-7.17015117,1141.528729776
