Displacement,FX,FY,FZ,MX,MY,MZ,L
11.55479201803,1.06110288,-0.00356932104,-0.0101099485,-9.85520979,807.237671,-1052.70306,1155.479201803
