Displacement,FX,FY,FZ,MX,MY,MZ,L
0.0628,971.148438,-4150.80811,166.664062,143457.861,3010439.98,-616559.537,1034.98507472
