Displacement,FX,FY,FZ,MX,MY,MZ,L
15.0,-3.45520675e-07,-1.43796206e-06,-9.13307303e-07,-0.000383002547,-8.60302712e-06,0.000330743777,1339.293832775
