Displacement,FX,FY,FZ,MX,MY,MZ,L
15.0,5.42402267e-06,0.0238189697,0.00873877946,3.9686034,1.84550986e-05,-0.00205309065,1155.479201803
