Displacement,FX,FY,FZ,MX,MY,MZ,L
11.690997999219999,0.168852421,-1.53006919e-05,-0.0014374773,-1.44907538,134.989485,-169.391823,1169.0997999219999
