Displacement,FX,FY,FZ,MX,MY,MZ,L
11.41528729776,90.1519434,-0.0854772965,-0.567696631,-551.171902,46183.8952,-88402.2962,1141.528729776
