Displacement,FX,FY,FZ,MX,MY,MZ,L
15.0,-4.37139534e-07,1.38441102e-06,2.70840247e-07,0.000132206892,-4.32055987e-06,0.000436622968,1265.742781186
