Displacement,FX,FY,FZ,MX,MY,MZ,L
15.0,8.81031156e-07,0.000375509262,0.000442806631,0.170876574,5.78911441e-06,-0.00032714507,1066.970886314
