Displacement,FX,FY,FZ,MX,MY,MZ,L
15.0,-3.69120018e-17,7.8671875,-281.929382,-132143.52,0.0104220207,-1.01327872e-06,1366.973376629
