Displacement,FX,FY,FZ,MX,MY,MZ,L
10.51128022036,0.464346331,-0.00261561247,-0.00256740488,-2.2384726,313.886077,-419.767914,1051.128022036
