Displacement,FX,FY,FZ,MX,MY,MZ,L
0.0628,-56.6220059,-296.466263,-2.05419922,8234.94005,40478.0301,-1483.5847,1254.8930234210002
