Displacement,FX,FY,FZ,MX,MY,MZ,L
12.96112065153,0.36636181,0.000226469783,-0.00380617986,-4.23822062,358.948649,-406.940847,1296.112065153
