Displacement,FX,FY,FZ,MX,MY,MZ,L
13.054988632529998,38.3092361,-0.00517126023,-0.240220055,-267.570221,24800.3819,-42869.2841,1305.4988632529999
