Displacement,FX,FY,FZ,MX,MY,MZ,L
0.0628,-0.00209076807,-0.00859583914,-0.000141665339,0.213096918,2.94115187,-0.368554866,1265.742781186
