Displacement,FX,FY,FZ,MX,MY,MZ,L
0.0628,-0.00104351062,-0.00551459519,-0.000250823796,0.0730355928,-2.49748032,0.812143733,1353.906594098
