Displacement,FX,FY,FZ,MX,MY,MZ,L
12.321219419559998,0.0330260464,-1.54145812e-09,-0.00029025774,-0.311016007,29.5142526,-34.8964374,1232.1219419559998
