Displacement,FX,FY,FZ,MX,MY,MZ,L
12.321219419559998,1742.21353,-1.92943608,-12.3752393,-13436.3395,350496.415,-1845828.97,1232.1219419559998
