Displacement,FX,FY,FZ,MX,MY,MZ,L
15.0,-2.83122063e-07,-1.06915831e-06,-1.00342731e-07,5.62295279e-05,-1.61889228e-05,0.000157655856,1220.207119082
