Displacement,FX,FY,FZ,MX,MY,MZ,L
15.0,1.3589859e-05,0.0068359375,0.0876058489,35.7167399,8.90891171e-05,-0.00998439798,1220.207119082
