Displacement,FX,FY,FZ,MX,MY,MZ,L
15.0,-4.76837159e-07,-0.00759887695,0.299417257,138.825723,-2.99913023e-05,0.00061457872,1366.973376629
