Displacement,FX,FY,FZ,MX,MY,MZ,L
15.0,-9.79751349e-07,-0.000536203384,0.00327684032,1.45971677,-2.49938039e-05,0.000930493275,1323.1517784760001
