Displacement,FX,FY,FZ,MX,MY,MZ,L
15.0,6.63574081e-16,0.0552978516,0.999568939,450.567002,0.000993660608,0.0288394671,1339.293832775
