Displacement,FX,FY,FZ,MX,MY,MZ,L
0.0628,-0.372037172,-1.76245824,-0.074344635,26.0453132,-589.402957,211.365037,1346.7924590819998
