Displacement,FX,FY,FZ,MX,MY,MZ,L
11.55479201803,0.0300284232,-2.92296742e-09,-0.000245830975,-0.253816292,23.8384294,-29.7767847,1155.479201803
