Displacement,FX,FY,FZ,MX,MY,MZ,L
15.0,1.78348273e-07,-3.72529065e-08,-1.60071066e-07,-6.21330295e-05,-7.13463535e-06,0.000143420528,1141.528729776
