Displacement,FX,FY,FZ,MX,MY,MZ,L
15.0,-1.97906047e-07,5.96046368e-08,-1.70897693e-07,-2.35098035e-05,-4.02566994e-05,0.000298467779,1034.98507472
