Displacement,FX,FY,FZ,MX,MY,MZ,L
12.96112065153,38.8736674,-0.00624762788,-0.246631101,-272.728,25142.3811,-43192.8548,1296.112065153
