Displacement,FX,FY,FZ,MX,MY,MZ,L
0.0628,0.68546772,-3.8219018,0.119255066,130.211209,4232.55179,-1078.38503,1034.98507472
