Displacement,FX,FY,FZ,MX,MY,MZ,L
0.0628,-0.00331654353,-0.0126949218,-0.000317841768,0.27668958,1.36323329,0.212454471,1296.112065153
