Displacement,FX,FY,FZ,MX,MY,MZ,L
10.97738361015,0.0995629027,0.00158240936,-0.00100926613,-1.03634831,72.6194722,-93.5982867,1097.738361015
