Displacement,FX,FY,FZ,MX,MY,MZ,L
15.0,1.64902303e-07,5.10364761e-07,9.06875367e-08,5.11119286e-05,6.1121968e-06,-0.000117850621,1066.970886314
