Displacement,FX,FY,FZ,MX,MY,MZ,L
0.0628,-99.5861816,-5297.13281,90.8125,175032.678,1378680.99,-227375.938,1182.386635632
