Displacement,FX,FY,FZ,MX,MY,MZ,L
15.0,1.33514404e-05,0.00673675537,0.125699833,54.0834469,0.000194923952,-0.015443136,1265.742781186
