Displacement,FX,FY,FZ,MX,MY,MZ,L
0.0628,-0.00188401021,-0.00747828372,-0.000144407153,0.17832014,1.98893983,-0.173305215,1276.231186255
