Displacement,FX,FY,FZ,MX,MY,MZ,L
15.0,1.61156058e-05,0.161926746,0.00478036329,4.59749476,0.00067181515,-0.0146931231,1265.742781186
