Displacement,FX,FY,FZ,MX,MY,MZ,L
15.0,3.33786011e-06,0.00020980835,-0.000794839114,-0.23244089,0.000106945131,-0.00519154493,1360.63420683
