Displacement,FX,FY,FZ,MX,MY,MZ,L
15.0,1.60932541e-06,0.000742912292,0.00239998521,0.993329854,6.1879459e-05,-0.00169981998,1182.386635632
