Displacement,FX,FY,FZ,MX,MY,MZ,L
15.0,-0.000881195068,0.816772461,6.86190796,2587.53778,-0.0302547826,0.789276795,1141.528729776
