Displacement,FX,FY,FZ,MX,MY,MZ,L
13.669733766290001,0.0716768091,0.00036532205,-0.000940460057,-1.12131377,89.5103448,-83.8886571,1366.973376629
