Displacement,FX,FY,FZ,MX,MY,MZ,L
15.0,3.2724347e-07,9.7602606e-07,-1.39290933e-07,-7.89161101e-05,8.46837564e-07,-0.000104111636,1097.738361015
