Displacement,FX,FY,FZ,MX,MY,MZ,L
15.0,4.74380802e-16,0.234375,-39.9981995,-16363.1865,-0.0505832611,-1.63912486e-07,1141.528729776
