Displacement,FX,FY,FZ,MX,MY,MZ,L
11.272523665149999,1.44066569,-0.00412012857,-0.0131084342,-12.4943515,1048.02373,-1394.67747,1127.252366515
