Displacement,FX,FY,FZ,MX,MY,MZ,L
0.0628,0.0047035329,-0.033179054,0.00090944767,1.11851998,40.9252391,-10.2196668,1051.128022036
