Displacement,FX,FY,FZ,MX,MY,MZ,L
15.0,2.48849392e-06,0.00076675415,0.00115227513,0.447543201,-0.000160216348,-0.00114787257,1112.654187734
