Displacement,FX,FY,FZ,MX,MY,MZ,L
15.0,3.63215805e-08,5.60730696e-05,6.79451041e-05,0.0303798464,-3.05154117e-06,3.43427796e-05,1082.509144629
