Displacement,FX,FY,FZ,MX,MY,MZ,L
15.0,1.60336494e-05,0.00633597374,0.00959178805,4.25969699,7.08692672e-05,-0.0135351473,1323.1517784760001
