Displacement,FX,FY,FZ,MX,MY,MZ,L
0.0628,-2.65161133,-18.4287367,-0.91897583,214.307657,-8321.37471,2603.04535,1366.973376629
