Displacement,FX,FY,FZ,MX,MY,MZ,L
0.0628,0.000338903163,-0.00310482201,7.69942999e-05,0.104054788,3.76882201,-0.929965374,1066.970886314
