Displacement,FX,FY,FZ,MX,MY,MZ,L
15.0,1.79279596e-07,-8.95857811e-05,0.000430666201,0.183818305,4.1452318e-06,-0.000115154688,1286.355244347
