Displacement,FX,FY,FZ,MX,MY,MZ,L
15.0,7.33416528e-07,-3.72901559e-06,2.33470928e-07,0.000411531839,3.23901545e-05,-0.000653424969,1243.685010427
