Displacement,FX,FY,FZ,MX,MY,MZ,L
0.0628,0.0486214161,-0.609125078,0.0137138367,20.2913886,668.623022,-163.380693,1082.509144629
