Displacement,FX,FY,FZ,MX,MY,MZ,L
13.054988632529998,303.651645,-0.149966246,-1.53806031,-1697.8661,112571.942,-340001.474,1305.4988632529999
