Displacement,FX,FY,FZ,MX,MY,MZ,L
10.51128022036,1.82054191,-0.00616668504,-0.0158213833,-14.03127,1198.18397,-1644.97295,1051.128022036
