Displacement,FX,FY,FZ,MX,MY,MZ,L
0.0628,-0.00147090526,-0.00610777515,-0.000223584473,0.104918409,-1.3076241,0.569930221,1331.4128559350002
