Displacement,FX,FY,FZ,MX,MY,MZ,L
0.0628,-0.000236921478,-0.00573525485,6.4574182e-05,0.181939243,5.67591039,-1.29979089,1141.528729776
