Displacement,FX,FY,FZ,MX,MY,MZ,L
12.321219419559998,0.0514120707,0.00141504101,-0.000476179179,-0.580322603,45.69378,-54.1572616,1232.1219419559998
