Displacement,FX,FY,FZ,MX,MY,MZ,L
15.0,-8.60568534e-17,2.95507813,211.914734,90908.8541,0.0139035624,-0.204718754,1265.742781186
