Displacement,FX,FY,FZ,MX,MY,MZ,L
0.0628,0.000563846435,-0.00398392673,0.00010933727,0.134373028,4.97405929,-1.24169394,1051.128022036
