Displacement,FX,FY,FZ,MX,MY,MZ,L
15.0,0.000219345093,0.0155029297,0.115579605,34.587128,0.00196015881,-0.162955138,1141.528729776
