Displacement,FX,FY,FZ,MX,MY,MZ,L
10.51128022036,0.868120374,0.00135849076,-0.00656905491,-6.01463546,581.133473,-783.703109,1051.128022036
