Displacement,FX,FY,FZ,MX,MY,MZ,L
0.0628,-0.108572185,-0.776988804,0.000599861145,23.0100647,534.595721,-109.935715,1195.335915728
