Displacement,FX,FY,FZ,MX,MY,MZ,L
11.690997999219999,2.26686534,-0.00264488922,-0.0196741577,-19.5996026,1713.23983,-2274.45718,1169.0997999219999
