Displacement,FX,FY,FZ,MX,MY,MZ,L
13.669733766290001,1.94600993,0.000605199204,-0.0164474746,-19.2646515,1991.02857,-2278.10545,1366.973376629
