Displacement,FX,FY,FZ,MX,MY,MZ,L
13.39293832775,0.13983543,0.000296352264,-0.00168866222,-1.95321054,156.353659,-160.413837,1339.293832775
