Displacement,FX,FY,FZ,MX,MY,MZ,L
15.0,1.2665987e-07,0.00106048584,0.00763426162,3.34278384,-4.52339317e-05,0.000382711397,1254.8930234210002
