Displacement,FX,FY,FZ,MX,MY,MZ,L
0.0628,-0.00395211857,-0.017035929,-0.000232815742,0.4375146,7.05689814,-1.05520584,1254.8930234210002
