Displacement,FX,FY,FZ,MX,MY,MZ,L
10.97738361015,4.97347501,-0.00761307386,-0.0401287079,-37.4668761,3328.27554,-4689.34985,1097.738361015
