Displacement,FX,FY,FZ,MX,MY,MZ,L
0.0628,0.105558395,-4.59159088,0.0824203491,150.666991,4188.25274,-996.378117,1112.654187734
