Displacement,FX,FY,FZ,MX,MY,MZ,L
15.0,5.53991412e-08,1.06543304e-06,9.09785738e-08,3.06076966e-05,5.56097477e-07,6.03555129e-05,1082.509144629
