Displacement,FX,FY,FZ,MX,MY,MZ,L
15.0,1.17719174e-06,0.000314593315,-0.000303606503,-0.0623436785,-6.28173957e-07,-0.000503747489,1360.63420683
