Displacement,FX,FY,FZ,MX,MY,MZ,L
15.0,-1.18091702e-06,0.00574666262,0.00411383156,1.61343733,-1.38710214e-05,0.00169226518,1265.742781186
