Displacement,FX,FY,FZ,MX,MY,MZ,L
12.65742781186,0.47858605,-0.00025332203,-0.00490714796,-5.30959115,438.816033,-519.344761,1265.742781186
