Displacement,FX,FY,FZ,MX,MY,MZ,L
0.0628,-0.00176966144,-0.00686800224,-0.00021135062,0.134539445,-0.358011736,0.380465229,1314.512958828
