Displacement,FX,FY,FZ,MX,MY,MZ,L
15.0,-4.03961166e-08,4.32133675e-05,5.07769873e-05,0.0232448572,7.39837133e-07,-5.47407889e-05,1082.509144629
