Displacement,FX,FY,FZ,MX,MY,MZ,L
0.0628,0.269892693,-1.85856795,0.0524311066,62.9033948,2080.20092,-522.636793,1051.128022036
