Displacement,FX,FY,FZ,MX,MY,MZ,L
15.0,2.57565779e-17,2.22460938,3.51787949,1554.65808,0.000229207631,-1.21072213e-07,1353.906594098
