Displacement,FX,FY,FZ,MX,MY,MZ,L
0.0628,-0.0309467316,-12.1108046,0.192337036,394.267933,9706.56151,-2268.15053,1127.252366515
