Displacement,FX,FY,FZ,MX,MY,MZ,L
0.0628,-0.00115360366,-0.00442595241,-0.000123254955,0.0918260649,0.129616763,0.158384364,1305.4988632529999
