Displacement,FX,FY,FZ,MX,MY,MZ,L
15.0,4.33623791e-06,0.000958919525,0.0019347351,0.686002003,0.000109451378,-0.00185079516,1141.528729776
