Displacement,FX,FY,FZ,MX,MY,MZ,L
15.0,2.98023224e-07,-2.02655792e-06,1.47665851e-05,0.00703770183,5.36183377e-06,-0.000270243039,1366.973376629
