Displacement,FX,FY,FZ,MX,MY,MZ,L
13.6063420683,0.158767485,0.000543864628,-0.00171531175,-2.02819703,189.327506,-184.982914,1360.63420683
