Displacement,FX,FY,FZ,MX,MY,MZ,L
11.690997999219999,0.783107709,-0.00434244974,-0.00797127362,-7.78679229,611.399314,-786.178293,1169.0997999219999
