Displacement,FX,FY,FZ,MX,MY,MZ,L
15.0,0.000854492188,0.243774414,0.19415617,147.809822,-0.00271587063,-0.589337895,1360.63420683
