Displacement,FX,FY,FZ,MX,MY,MZ,L
15.0,-2.9988587e-07,0.000293910503,0.00111554447,0.480085727,-2.88623278e-06,-6.1089668e-05,1207.9439433530001
