Displacement,FX,FY,FZ,MX,MY,MZ,L
10.97738361015,2.0077341,-0.00498122457,-0.0174825042,-16.2566183,1393.88016,-1893.26392,1097.738361015
