Displacement,FX,FY,FZ,MX,MY,MZ,L
0.0628,0.00651620328,-0.0833304748,0.00184679031,2.7703571,95.6810455,-23.3294638,1082.509144629
