Displacement,FX,FY,FZ,MX,MY,MZ,L
15.0,4.58955765e-06,-0.00278949738,0.0216479748,9.88637,4.03068491e-05,-0.00248521959,1346.7924590819998
