Displacement,FX,FY,FZ,MX,MY,MZ,L
15.0,1.3038516e-06,0.000494837761,0.00116195995,0.484605198,6.40308842e-05,-0.00139302999,1169.0997999219999
