Displacement,FX,FY,FZ,MX,MY,MZ,L
11.95335915728,0.0277368298,-1.71314349e-09,-0.000235358486,-0.24810708,23.3602119,-28.4424435,1195.335915728
