Displacement,FX,FY,FZ,MX,MY,MZ,L
15.0,-1.48639083e-06,-4.88758087e-06,-9.550713e-07,-0.000282650415,-3.25027873e-05,0.000906137852,1331.4128559350002
