Displacement,FX,FY,FZ,MX,MY,MZ,L
0.0628,0.00112140924,-0.0660588667,0.00110769272,2.15230417,70.4847386,-16.7002284,1112.654187734
