Displacement,FX,FY,FZ,MX,MY,MZ,L
15.0,-1.26287341e-06,0.000445127487,0.000815557316,0.334403602,-6.97759887e-06,0.000499795461,1141.528729776
