Displacement,FX,FY,FZ,MX,MY,MZ,L
13.539065940979999,1.02003119,0.000562280806,-0.00921775699,-10.7088941,1087.17567,-1182.85064,1353.906594098
