Displacement,FX,FY,FZ,MX,MY,MZ,L
12.96112065153,0.0850560386,-0.000652303652,-0.00149124165,-1.6214025,85.7609039,-94.5384141,1296.112065153
