Displacement,FX,FY,FZ,MX,MY,MZ,L
0.0628,-0.000388015993,-0.00940900762,0.000106006861,0.298553266,9.29282668,-2.12788752,1141.528729776
