Displacement,FX,FY,FZ,MX,MY,MZ,L
15.0,-3.4449622e-06,0.0899735689,-0.0177155659,-5.5478597,-0.00014515689,0.00133785809,1296.112065153
