Displacement,FX,FY,FZ,MX,MY,MZ,L
10.97738361015,0.512797581,-2.70530768e-05,-0.00346350967,-3.28195059,367.009245,-483.381287,1097.738361015
