Displacement,FX,FY,FZ,MX,MY,MZ,L
15.0,7.84173607e-07,-6.58631324e-06,-1.37656461e-05,-0.00531785696,-1.86068078e-05,-0.00109341641,1353.906594098
