Displacement,FX,FY,FZ,MX,MY,MZ,L
10.51128022036,250.657573,-0.518053794,-1.46556702,-1310.05413,93139.1781,-226776.465,1051.128022036
