Displacement,FX,FY,FZ,MX,MY,MZ,L
15.0,-9.46223736e-07,0.00101232529,0.00382253435,1.56699983,9.88597417e-06,0.000902713006,1182.386635632
