Displacement,FX,FY,FZ,MX,MY,MZ,L
10.825091446290001,266.598965,-0.526972927,-1.56057727,-1435.51746,100521.663,-248311.576,1082.509144629
