Displacement,FX,FY,FZ,MX,MY,MZ,L
10.669708863139999,0.0393670709,-1.32453177e-08,-0.000296449551,-0.292097874,27.7660286,-36.0782835,1066.970886314
