Displacement,FX,FY,FZ,MX,MY,MZ,L
15.0,2.38418579e-05,0.00453948975,0.0402045101,15.7162126,0.000260950596,-0.0287198705,1182.386635632
