Displacement,FX,FY,FZ,MX,MY,MZ,L
0.0628,-413.790283,-5530.9502,56.859375,177447.611,402265.266,-32443.2525,1220.207119082
