Displacement,FX,FY,FZ,MX,MY,MZ,L
0.0628,-0.00170343136,-0.00707043917,-0.000258907676,0.121409287,-1.51390669,0.659952299,1331.4128559350002
