Displacement,FX,FY,FZ,MX,MY,MZ,L
15.0,-9.56933938e-08,-4.90806993e-07,1.28959072e-07,5.77602136e-05,-1.07428537e-05,8.54776401e-05,1243.685010427
