Displacement,FX,FY,FZ,MX,MY,MZ,L
15.0,-7.71135092e-06,0.0195081234,0.0164472386,6.28633162,-0.00023764246,0.00372080025,1066.970886314
