Displacement,FX,FY,FZ,MX,MY,MZ,L
15.0,-3.28291208e-07,0.000229209661,0.000271844212,0.106918706,-1.32336423e-06,0.000106528932,1066.970886314
