Displacement,FX,FY,FZ,MX,MY,MZ,L
13.539065940979999,0.0761644022,0.000164297375,-0.00109158954,-1.27481918,90.5194826,-88.3124797,1353.906594098
