Displacement,FX,FY,FZ,MX,MY,MZ,L
10.825091446290001,0.289375297,-0.00249910048,-0.00115581322,-0.988661858,204.515663,-269.442342,1082.509144629
