Displacement,FX,FY,FZ,MX,MY,MZ,L
12.548930234210001,0.367865432,-0.00143018166,-0.00417211861,-4.41342959,332.940431,-395.945881,1254.8930234210002
