Displacement,FX,FY,FZ,MX,MY,MZ,L
15.0,-9.03382897e-08,-9.23872e-07,3.47208697e-06,0.00172126393,-1.93453595e-06,0.000108137433,1360.63420683
