Displacement,FX,FY,FZ,MX,MY,MZ,L
0.0628,-0.0188782066,-0.0750295315,-0.00253009796,1.37831587,-10.1790392,5.637562,1323.1517784760001
