Displacement,FX,FY,FZ,MX,MY,MZ,L
11.55479201803,0.0546208511,-1.754526e-09,-0.000456523674,-0.462795289,43.2278584,-54.1632481,1155.479201803
