Displacement,FX,FY,FZ,MX,MY,MZ,L
15.0,-1.61770731e-06,0.000410377979,0.000556736719,0.221080623,1.86311769e-05,0.00121962048,1097.738361015
