Displacement,FX,FY,FZ,MX,MY,MZ,L
15.0,2.54716725e-07,1.66939572e-06,-8.42264849e-08,-8.53707244e-05,-2.94530134e-05,-0.000152532737,1265.742781186
