Displacement,FX,FY,FZ,MX,MY,MZ,L
15.0,-2.3432076e-06,0.00150084496,0.001570347,0.568570796,4.79901196e-06,0.00124038463,1182.386635632
