Displacement,FX,FY,FZ,MX,MY,MZ,L
15.0,1.87661499e-07,5.17815359e-07,7.37636578e-08,3.28002678e-08,2.98837447e-05,-6.03993045e-05,1207.9439433530001
