Displacement,FX,FY,FZ,MX,MY,MZ,L
0.0628,-0.0011971069,-0.00592469762,-4.76837158e-05,0.16206962,3.32983514,-0.603082634,1232.1219419559998
