Displacement,FX,FY,FZ,MX,MY,MZ,L
0.0628,-0.00106574025,-0.00579119148,-3.04505229e-05,0.162841273,3.65303629,-0.70013027,1220.207119082
