Displacement,FX,FY,FZ,MX,MY,MZ,L
15.0,-3.71932983e-05,1.3605957,4.88267231,1988.55621,0.00670964096,0.0199927548,1243.685010427
