Displacement,FX,FY,FZ,MX,MY,MZ,L
15.0,1.10920519e-06,5.96046389e-08,3.8491562e-06,0.00198447754,1.48497598e-05,-0.0002775245,1360.63420683
