Displacement,FX,FY,FZ,MX,MY,MZ,L
15.0,9.73232092e-08,3.41758132e-05,3.79603298e-05,0.0174943704,-4.87082484e-06,-4.09704524e-05,1066.970886314
