Displacement,FX,FY,FZ,MX,MY,MZ,L
15.0,-2.97650695e-06,0.00235247612,0.00190412061,0.719506402,9.7545656e-06,0.00127405411,1232.1219419559998
