Displacement,FX,FY,FZ,MX,MY,MZ,L
15.0,-3.90410423e-06,0.0164194107,-0.00623152032,0.356091875,-7.0949937e-06,0.00518348189,1366.973376629
