Displacement,FX,FY,FZ,MX,MY,MZ,L
0.0628,-0.0467637032,-0.185996339,-0.00625944138,3.4219827,-25.536061,14.0225606,1323.1517784760001
