Displacement,FX,FY,FZ,MX,MY,MZ,L
13.314128559350001,9.41783702,0.000197751116,-0.0690191537,-78.6009821,7750.38928,-10743.2906,1331.4128559350002
