Displacement,FX,FY,FZ,MX,MY,MZ,L
0.0628,-0.24487561,-0.97793749,-0.0326299667,18.1114943,-138.962657,74.3412436,1323.1517784760001
