Displacement,FX,FY,FZ,MX,MY,MZ,L
12.548930234210001,0.288005969,-0.00235173503,-0.00362022311,-3.7717148,262.061069,-310.122212,1254.8930234210002
