Displacement,FX,FY,FZ,MX,MY,MZ,L
12.321219419559998,2.42379262,-0.00120728319,-0.0209793878,-22.0870537,1988.82661,-2561.23022,1232.1219419559998
