Displacement,FX,FY,FZ,MX,MY,MZ,L
15.0,-0.0078125,1.8125,-44.3441772,-19052.1705,-0.461040482,2.43762666,1207.9439433530001
