Displacement,FX,FY,FZ,MX,MY,MZ,L
15.0,2.51457091e-08,-0.000687837601,0.0029225531,1.30513755,4.15530784e-06,0.000485066392,1323.1517784760001
