Displacement,FX,FY,FZ,MX,MY,MZ,L
15.0,-1.54024747e-07,5.66244141e-07,-2.22935343e-08,-4.57830203e-05,-5.03049476e-06,0.000115460196,1082.509144629
