Displacement,FX,FY,FZ,MX,MY,MZ,L
0.0628,-11.9327955,-53.3410473,-0.698730469,1380.08788,7869.02417,-112.130374,1265.742781186
