Displacement,FX,FY,FZ,MX,MY,MZ,L
0.0628,0.00295061618,-0.0269632246,0.000667482615,0.903182882,32.3700447,-7.98844024,1066.970886314
