Displacement,FX,FY,FZ,MX,MY,MZ,L
15.0,-1.07288361e-06,-0.00299072266,0.172580302,79.5954911,2.19631208e-06,0.000895453267,1360.63420683
