Displacement,FX,FY,FZ,MX,MY,MZ,L
15.0,-3.4570694e-06,0.00232076645,0.0496659065,22.519577,-4.68862574e-05,0.0015500463,1305.4988632529999
