Displacement,FX,FY,FZ,MX,MY,MZ,L
0.0628,-0.0583395064,-0.276165627,-0.0117521286,4.02310087,-97.955105,34.5819946,1346.7924590819998
