Displacement,FX,FY,FZ,MX,MY,MZ,L
15.0,-9.40635797e-08,1.55717134e-06,-1.02128251e-06,-0.000449771289,9.44570995e-07,0.000109485583,1339.293832775
