Displacement,FX,FY,FZ,MX,MY,MZ,L
12.96112065153,1.16465385,0.000163579994,-0.0106167193,-11.7913172,1095.80765,-1293.71803,1296.112065153
