Displacement,FX,FY,FZ,MX,MY,MZ,L
15.0,-1.15390867e-06,0.00226059556,0.00104463339,0.378387799,2.4836592e-06,0.00108738849,1207.9439433530001
