Displacement,FX,FY,FZ,MX,MY,MZ,L
15.0,-1.01327896e-06,0.00511741638,0.0765545219,34.221156,0.000129440936,-0.00124757364,1296.112065153
