Displacement,FX,FY,FZ,MX,MY,MZ,L
0.0628,-0.0983304381,-0.391617268,-0.0131425858,7.21969091,-54.4745907,29.6224198,1323.1517784760001
