Displacement,FX,FY,FZ,MX,MY,MZ,L
0.0628,-0.00149908965,-0.0057469036,-0.000143669546,0.125384157,0.627305599,0.0934628723,1296.112065153
