Displacement,FX,FY,FZ,MX,MY,MZ,L
0.0628,-0.00263850787,-0.0185231287,5.27501106e-06,0.546275943,13.9986367,-2.90385183,1195.335915728
