Displacement,FX,FY,FZ,MX,MY,MZ,L
0.0628,-4.13710213,-17.5674865,-0.608459473,317.510029,-3774.92252,1581.02569,1331.4128559350002
