Displacement,FX,FY,FZ,MX,MY,MZ,L
15.0,-2.9169023e-06,0.000643014908,0.000507603399,0.194091629,-1.94306188e-05,0.00128431306,1066.970886314
