Displacement,FX,FY,FZ,MX,MY,MZ,L
15.0,1.85798854e-07,5.70118427e-05,7.06436695e-05,0.0331842833,3.92228395e-07,5.35285452e-05,1127.252366515
