Displacement,FX,FY,FZ,MX,MY,MZ,L
13.314128559350001,5.54182792,0.000397602764,-0.043222703,-49.252678,4887.8712,-6321.5975,1331.4128559350002
