Displacement,FX,FY,FZ,MX,MY,MZ,L
15.0,1.01368641e-07,-3.56696547e-07,2.17056368e-07,0.00014413618,6.2132316e-06,0.000113600546,1254.8930234210002
