Displacement,FX,FY,FZ,MX,MY,MZ,L
15.0,-0.000122070313,0.4296875,9.79436874,4144.91282,0.00933368797,0.10735758,1276.231186255
