Displacement,FX,FY,FZ,MX,MY,MZ,L
0.0628,-0.00414503738,-0.0249620493,-0.00121420622,0.293428573,-12.9952161,4.05426502,1360.63420683
