Displacement,FX,FY,FZ,MX,MY,MZ,L
15.0,-7.74860382e-07,0.0157898664,0.00580762606,2.6537384,-5.0199058e-06,-0.000947897116,1141.528729776
