Displacement,FX,FY,FZ,MX,MY,MZ,L
15.0,3.55765224e-07,0.000646650791,0.00152111053,0.494963668,1.67985796e-06,0.000494771678,1034.98507472
