Displacement,FX,FY,FZ,MX,MY,MZ,L
15.0,1.60307338e-16,5.6484375,-219.035583,-101731.207,-0.115268454,0.280593365,1346.7924590819998
