Displacement,FX,FY,FZ,MX,MY,MZ,L
15.0,-2.19210051e-07,-4.69386576e-07,1.2805686e-08,-3.70943688e-06,1.49150953e-06,9.80264733e-05,1051.128022036
