Displacement,FX,FY,FZ,MX,MY,MZ,L
15.0,-9.50880348e-07,2.95229259e-07,2.6327325e-07,7.35146298e-05,-2.24649344e-05,0.000319294184,1276.231186255
