Displacement,FX,FY,FZ,MX,MY,MZ,L
15.0,7.10785389e-06,-0.000809669495,0.00771460496,3.46292629,-6.77055559e-05,-0.00637500751,1331.4128559350002
