Displacement,FX,FY,FZ,MX,MY,MZ,L
0.0628,-0.0268147588,-0.69550854,0.00816822052,22.1367969,635.630192,-145.521079,1141.528729776
