Displacement,FX,FY,FZ,MX,MY,MZ,L
15.0,2.15135515e-07,0.000342339277,0.000677702366,0.285481965,1.58912199e-05,-3.08467134e-05,1169.0997999219999
