Displacement,FX,FY,FZ,MX,MY,MZ,L
15.0,4.414469e-07,0.000430166721,0.00128445204,0.552072733,2.22413014e-06,-0.000453837346,1207.9439433530001
