Displacement,FX,FY,FZ,MX,MY,MZ,L
0.0628,-0.00174987363,-0.00697063375,-0.000234797597,0.128308906,-0.928382745,0.519589921,1323.1517784760001
