Displacement,FX,FY,FZ,MX,MY,MZ,L
10.51128022036,4.51493897,-0.00934208889,-0.0362227075,-32.3073314,2873.21995,-4078.68855,1051.128022036
