Displacement,FX,FY,FZ,MX,MY,MZ,L
15.0,-1.34110451e-06,-0.000422954559,0.00396892056,1.76311924,4.15203144e-05,0.00113705796,1323.1517784760001
