Displacement,FX,FY,FZ,MX,MY,MZ,L
15.0,4.9173832e-07,4.05311585e-06,2.30912119e-05,0.0114394063,4.72289498e-05,0.000252984502,1366.973376629
