Displacement,FX,FY,FZ,MX,MY,MZ,L
15.0,-1.23586506e-06,0.00607615709,0.00329837669,1.3537379,-0.000223796801,0.0013470122,1296.112065153
