Displacement,FX,FY,FZ,MX,MY,MZ,L
0.0628,33.854126,-200.679733,6.49951172,6909.27102,156828.12,-39313.8594,1051.128022036
