Displacement,FX,FY,FZ,MX,MY,MZ,L
0.0628,-871.734375,-5778.06104,-25.65625,170801.821,-2602725.5,461249.176,1296.112065153
