Displacement,FX,FY,FZ,MX,MY,MZ,L
0.0628,-0.000673749484,-0.00712679978,4.12836671e-05,0.218828153,6.27238954,-1.37687078,1169.0997999219999
