Displacement,FX,FY,FZ,MX,MY,MZ,L
11.690997999219999,0.579998562,-0.00691942424,-0.00656636938,-6.25191596,456.051934,-582.771426,1169.0997999219999
