Displacement,FX,FY,FZ,MX,MY,MZ,L
15.0,-1.9185245e-07,0.000671625137,0.00261513004,1.1235812,-4.85050506e-06,0.000421557729,1220.207119082
