Displacement,FX,FY,FZ,MX,MY,MZ,L
15.0,6.67572021e-05,-0.00540542603,0.16799593,73.1010734,0.00701283556,-0.0638287275,1314.512958828
