Displacement,FX,FY,FZ,MX,MY,MZ,L
15.0,-3.80910933e-07,9.23872001e-07,-2.54751649e-06,-0.00112420609,-3.87848972e-06,0.000362787837,1346.7924590819998
