Displacement,FX,FY,FZ,MX,MY,MZ,L
15.0,-4.91738319e-07,1.37090683e-06,-3.72040086e-06,-0.00259443429,-5.81539566e-05,0.000967441653,1339.293832775
