Displacement,FX,FY,FZ,MX,MY,MZ,L
15.0,7.54371285e-07,-0.000416517258,0.00173109025,0.765503567,7.21952884e-06,-0.000532720343,1314.512958828
