Displacement,FX,FY,FZ,MX,MY,MZ,L
15.0,1.19209289e-07,-0.00211906433,-0.00208997726,-0.766553422,3.6816084e-05,-0.00210149913,1360.63420683
