Displacement,FX,FY,FZ,MX,MY,MZ,L
15.0,2.10129656e-07,5.19678004e-07,2.6164344e-08,2.38333291e-05,-1.16374087e-06,-8.3804158e-05,1182.386635632
