Displacement,FX,FY,FZ,MX,MY,MZ,L
0.0628,0.00107838027,-0.00761858653,0.000208795071,0.256866506,9.48695909,-2.36821729,1051.128022036
