Displacement,FX,FY,FZ,MX,MY,MZ,L
10.669708863139999,0.649650093,0.000142090842,-0.00453571408,-4.18628471,445.704553,-595.374898,1066.970886314
