Displacement,FX,FY,FZ,MX,MY,MZ,L
13.6063420683,0.535305294,0.000538152033,-0.00510818884,-5.97669977,604.342449,-623.772127,1360.63420683
