Displacement,FX,FY,FZ,MX,MY,MZ,L
15.0,1.10864639e-05,0.00332641602,0.0230933353,9.08064051,-8.70175981e-06,-0.00859047541,1182.386635632
