Displacement,FX,FY,FZ,MX,MY,MZ,L
12.43685010427,10.2794397,-0.00235965256,-0.0788793098,-83.8761385,7751.65083,-10963.5156,1243.685010427
