Displacement,FX,FY,FZ,MX,MY,MZ,L
0.0628,-208.805908,-5382.17432,79.828125,176195.32,1077288.55,-165277.95,1195.335915728
