Displacement,FX,FY,FZ,MX,MY,MZ,L
15.0,-2.40281224e-06,0.000534653664,0.00106763979,0.433199613,-3.93385634e-05,0.00149930147,1141.528729776
