Displacement,FX,FY,FZ,MX,MY,MZ,L
0.0628,0.00153011084,-0.0893348306,0.00150060654,2.91122054,94.9079081,-22.4892282,1112.654187734
