Displacement,FX,FY,FZ,MX,MY,MZ,L
11.82386635632,1691.85768,-1.53912602,-11.7162728,-12405.1066,340825.477,-1721423.61,1182.386635632
