Displacement,FX,FY,FZ,MX,MY,MZ,L
12.548930234210001,19.1615561,-0.00408456095,-0.137645356,-147.592388,13630.2731,-20620.0442,1254.8930234210002
