Displacement,FX,FY,FZ,MX,MY,MZ,L
0.0628,-0.00124087511,-0.00674229534,-3.55243683e-05,0.18952121,4.25026308,-0.814515701,1220.207119082
