Displacement,FX,FY,FZ,MX,MY,MZ,L
15.0,8.27014446e-07,0.000990867615,0.000732520595,0.266534628,-5.85831054e-05,-0.000868995462,1082.509144629
