Displacement,FX,FY,FZ,MX,MY,MZ,L
0.0628,0.0223741531,-1.13283801,0.0196208954,37.031636,1120.18448,-265.963144,1112.654187734
