Displacement,FX,FY,FZ,MX,MY,MZ,L
12.20207119082,0.12005925,-0.00066433055,-0.00187784854,-1.93285512,104.279238,-125.718037,1220.207119082
