Displacement,FX,FY,FZ,MX,MY,MZ,L
11.272523665149999,88.2255572,-0.0885750642,-0.557285428,-534.332013,44846.136,-85444.6309,1127.252366515
