Displacement,FX,FY,FZ,MX,MY,MZ,L
0.0628,-0.00893797074,-0.0341942515,-0.000855982304,0.745108519,3.54628485,0.601092464,1296.112065153
