Displacement,FX,FY,FZ,MX,MY,MZ,L
15.0,6.19911585e-08,-4.35858965e-07,6.03977234e-08,3.22351686e-05,8.53919688e-06,-0.000104960507,1195.335915728
