Displacement,FX,FY,FZ,MX,MY,MZ,L
15.0,3.70666384e-07,-0.000188112259,0.00116555067,0.508349898,-5.63611224e-06,-0.00027041564,1305.4988632529999
