Displacement,FX,FY,FZ,MX,MY,MZ,L
15.0,1.50408596e-07,1.67265535e-06,-3.29862814e-07,-0.000190797215,1.00211969e-05,-7.83051021e-05,1323.1517784760001
