Displacement,FX,FY,FZ,MX,MY,MZ,L
15.0,-3.91155487e-08,-5.43892383e-07,-1.08368114e-07,-9.69705699e-05,-9.32139564e-06,0.000115560768,1155.479201803
