Displacement,FX,FY,FZ,MX,MY,MZ,L
15.0,-2.16532498e-07,7.94231892e-06,9.68400564e-05,0.03860295,-4.15820612e-06,0.000136726808,1243.685010427
