Displacement,FX,FY,FZ,MX,MY,MZ,L
0.0628,-1.46300316,-13.5721169,0.0676422119,415.045889,8135.17611,-1702.245,1182.386635632
