Displacement,FX,FY,FZ,MX,MY,MZ,L
15.0,4.96394932e-07,0.000214487314,0.000270363875,0.108232746,7.26442338e-06,-0.00023036416,1082.509144629
