Displacement,FX,FY,FZ,MX,MY,MZ,L
13.39293832775,9.16786571,0.000327636347,-0.0667052045,-76.4163548,7584.75283,-10519.0982,1339.293832775
