Displacement,FX,FY,FZ,MX,MY,MZ,L
10.349850747200001,0.105720284,0.00173140469,-0.000913402066,-0.910699912,71.1977985,-93.7199655,1034.98507472
