Displacement,FX,FY,FZ,MX,MY,MZ,L
11.55479201803,0.568378845,-0.00367692344,-0.00346516818,-3.26689557,437.773295,-564.154531,1155.479201803
