Displacement,FX,FY,FZ,MX,MY,MZ,L
15.0,-2.10897997e-06,0.00358455628,0.00159242179,0.605120241,-1.71737688e-05,0.00176546375,1254.8930234210002
