Displacement,FX,FY,FZ,MX,MY,MZ,L
15.0,-4.65661233e-09,0.000116288662,0.000137602736,0.0538575752,-2.21740113e-05,0.000269756524,1232.1219419559998
