Displacement,FX,FY,FZ,MX,MY,MZ,L
15.0,8.44302121e-08,-7.91624192e-07,6.11180442e-08,5.5549767e-05,4.82531383e-06,-7.73315536e-05,1097.738361015
