Displacement,FX,FY,FZ,MX,MY,MZ,L
0.0628,0.0587146282,-0.334188908,0.0101280212,11.3357813,408.284396,-103.325294,1034.98507472
