Displacement,FX,FY,FZ,MX,MY,MZ,L
15.0,2.14902684e-07,-4.35858961e-07,-9.45870807e-11,1.65391433e-05,1.00702468e-06,-6.22197813e-05,1207.9439433530001
