Displacement,FX,FY,FZ,MX,MY,MZ,L
15.0,2.67028809e-05,0.0169067383,0.346797645,146.493653,-0.00214177877,-0.0629776609,1254.8930234210002
