Displacement,FX,FY,FZ,MX,MY,MZ,L
11.690997999219999,17.9901072,-0.00950130614,-0.132260714,-132.043705,11883.2161,-18051.5979,1169.0997999219999
