Displacement,FX,FY,FZ,MX,MY,MZ,L
12.43685010427,2.43929558,-0.00093523983,-0.0210875815,-22.4199787,2034.44589,-2601.48243,1243.685010427
