Displacement,FX,FY,FZ,MX,MY,MZ,L
12.079439433530002,1725.26293,-1.73711538,-12.1235368,-13014.6317,347757.69,-1792698.91,1207.9439433530001
