Displacement,FX,FY,FZ,MX,MY,MZ,L
15.0,2.02795491e-07,-1.36322342e-06,-5.66942621e-08,-4.86182779e-06,-4.52054995e-06,-0.000168184066,1305.4988632529999
