Displacement,FX,FY,FZ,MX,MY,MZ,L
0.0628,-0.0111771375,-0.0787177011,2.95639038e-05,2.32350744,58.3631304,-12.083918,1195.335915728
