Displacement,FX,FY,FZ,MX,MY,MZ,L
15.0,-9.68575475e-08,0.00042116642,0.000381650869,0.142355775,-3.77516736e-05,0.000146889348,1034.98507472
