Displacement,FX,FY,FZ,MX,MY,MZ,L
15.0,-7.86781311e-06,-0.0112991333,0.251503199,116.770809,-0.000437358475,0.011240474,1366.973376629
