Displacement,FX,FY,FZ,MX,MY,MZ,L
11.41528729776,0.0533717686,-1.04704974e-09,-0.000440840609,-0.443442232,41.4355564,-52.2926227,1141.528729776
