Displacement,FX,FY,FZ,MX,MY,MZ,L
15.0,3.50177288e-07,-2.65240669e-06,-1.2176577e-05,-0.00462498352,1.74792118e-05,-0.000122625167,1353.906594098
