Displacement,FX,FY,FZ,MX,MY,MZ,L
15.0,-1.93715095e-06,0.00412082672,0.0572821088,25.9724018,6.4095236e-05,0.00355407876,1305.4988632529999
