Displacement,FX,FY,FZ,MX,MY,MZ,L
12.548930234210001,98.434087,-0.0451895153,-0.581663832,-620.586317,52385.3293,-105971.635,1254.8930234210002
