Displacement,FX,FY,FZ,MX,MY,MZ,L
0.0628,-0.0132105466,-0.0806942582,-0.000193238258,2.32775194,54.6972068,-10.9114813,1207.9439433530001
