Displacement,FX,FY,FZ,MX,MY,MZ,L
0.0628,-0.0204205513,-0.088135317,-0.00119757652,2.26517708,35.3394246,-5.19576115,1254.8930234210002
