Displacement,FX,FY,FZ,MX,MY,MZ,L
0.0628,0.00233910233,-0.0165169388,0.000452518463,0.556846883,20.4809821,-5.11310375,1051.128022036
