Displacement,FX,FY,FZ,MX,MY,MZ,L
12.96112065153,0.122588194,-0.0013874306,-0.00196588761,-2.10852455,122.998985,-136.297584,1296.112065153
