Displacement,FX,FY,FZ,MX,MY,MZ,L
13.669733766290001,0.238965479,0.000526301239,-0.00245030079,-2.89560539,286.412228,-279.718688,1366.973376629
