Displacement,FX,FY,FZ,MX,MY,MZ,L
12.96112065153,308.545137,-0.177537059,-1.58942842,-1741.6859,115575.137,-343054.204,1296.112065153
