Displacement,FX,FY,FZ,MX,MY,MZ,L
15.0,2.93552876e-06,-1.04308128e-05,-2.71052122e-05,-0.0103228851,8.42795136e-06,-0.00372127359,1353.906594098
