Displacement,FX,FY,FZ,MX,MY,MZ,L
15.0,8.97794962e-07,0.000444710255,0.000935942866,0.391535344,-3.59500782e-05,-0.00031241404,1169.0997999219999
