Displacement,FX,FY,FZ,MX,MY,MZ,L
0.0628,-0.000133205438,-0.0032209605,3.63476574e-05,0.102231758,3.19243269,-0.731192124,1141.528729776
