Displacement,FX,FY,FZ,MX,MY,MZ,L
15.0,-1.42911449e-06,0.00164851546,0.00164091703,0.600371274,-4.51585767e-05,0.000657470124,1195.335915728
