Displacement,FX,FY,FZ,MX,MY,MZ,L
13.539065940979999,0.0466275158,9.8373269e-05,-0.000825144234,-0.962425241,55.9272831,-54.0639602,1353.906594098
