Displacement,FX,FY,FZ,MX,MY,MZ,L
11.126541877340001,0.190861793,-6.41556452e-05,-0.00157379173,-1.51427643,141.177326,-182.333783,1112.654187734
