Displacement,FX,FY,FZ,MX,MY,MZ,L
0.0628,-668.582031,-5408.35938,-95.46875,147140.597,-6647577.03,812280.017,1360.63420683
