Displacement,FX,FY,FZ,MX,MY,MZ,L
15.0,1.01327896e-06,-0.035115242,0.176345587,82.5992046,-2.66873114e-05,-0.00225917684,1366.973376629
