Displacement,FX,FY,FZ,MX,MY,MZ,L
12.86355244347,0.0522772409,0.00100949529,-0.000710307024,-0.838614565,51.6826566,-57.5398061,1286.355244347
