Displacement,FX,FY,FZ,MX,MY,MZ,L
0.0628,-0.0318950526,-0.158339381,-0.00125098228,4.33609995,84.5951873,-15.121713,1232.1219419559998
