Displacement,FX,FY,FZ,MX,MY,MZ,L
11.272523665149999,35.5054383,-0.0262746227,-0.2448306,-235.368793,20820.4061,-34372.3513,1127.252366515
