Displacement,FX,FY,FZ,MX,MY,MZ,L
0.0628,-1.70473099,-6.73918462,-0.199249268,135.191006,-619.674452,421.600876,1314.512958828
