Displacement,FX,FY,FZ,MX,MY,MZ,L
15.0,1.18091703e-06,0.000671625137,0.00242560217,1.01828619,1.37354143e-05,-0.000859203881,1195.335915728
