Displacement,FX,FY,FZ,MX,MY,MZ,L
12.079439433530002,18.7571852,-0.00695420116,-0.13699054,-141.36028,12823.0006,-19438.9656,1207.9439433530001
