Displacement,FX,FY,FZ,MX,MY,MZ,L
15.0,-4.16301191e-07,0.000425636768,0.000850215554,0.353203726,1.36561192e-05,1.13045324e-05,1155.479201803
