Displacement,FX,FY,FZ,MX,MY,MZ,L
0.0628,0.000475227833,-0.0102035012,0.000197783113,0.335899442,11.5158546,-2.76818731,1097.738361015
