Displacement,FX,FY,FZ,MX,MY,MZ,L
0.0628,-1.54976034,-6.32391473,-0.11403656,153.378566,1024.06777,-5.97282833,1276.231186255
