Displacement,FX,FY,FZ,MX,MY,MZ,L
15.0,1.05202198e-05,0.114519596,0.0229378689,11.0933554,-0.000471441808,0.00523618296,1232.1219419559998
