Displacement,FX,FY,FZ,MX,MY,MZ,L
15.0,-2.22353264e-07,0.000178724527,0.000278482563,0.115938986,-6.77312563e-06,0.000247462184,1127.252366515
