Displacement,FX,FY,FZ,MX,MY,MZ,L
15.0,1.80289269e-16,1.671875,-41.5778809,-17622.908,0.0129280548,-0.89490138,1182.386635632
