Displacement,FX,FY,FZ,MX,MY,MZ,L
11.41528729776,0.253294544,-0.00176516307,-0.00104555953,-0.954618807,193.639567,-248.44458,1141.528729776
