Displacement,FX,FY,FZ,MX,MY,MZ,L
0.0628,-0.00513282232,-0.0243631213,-0.00103846192,0.353790601,-9.03347221,3.14360763,1346.7924590819998
