Displacement,FX,FY,FZ,MX,MY,MZ,L
15.0,-5.05447388e-05,0.034942627,0.843094826,370.949452,-0.00350331618,0.0601409338,1296.112065153
