Displacement,FX,FY,FZ,MX,MY,MZ,L
15.0,-2.52388418e-06,0.000620603561,0.00210718438,0.898607415,-4.90352041e-05,0.00171418023,1207.9439433530001
