Displacement,FX,FY,FZ,MX,MY,MZ,L
11.41528729776,0.0629250321,-8.21089825e-10,-0.000521997688,-0.522941477,48.8043572,-61.652753,1141.528729776
