Displacement,FX,FY,FZ,MX,MY,MZ,L
12.43685010427,0.148715029,-0.0024072626,-0.00240784721,-2.44322594,134.16806,-158.857692,1243.685010427
