Displacement,FX,FY,FZ,MX,MY,MZ,L
15.0,-1.50268897e-06,0.00522876158,0.00158335222,0.611799075,-7.12785274e-07,0.00070073418,1276.231186255
