Displacement,FX,FY,FZ,MX,MY,MZ,L
11.82386635632,0.0416903262,-1.71362986e-09,-0.000353746582,-0.366589527,34.3563849,-42.2929635,1182.386635632
