Displacement,FX,FY,FZ,MX,MY,MZ,L
13.14512958828,0.0836474323,-0.000508693938,-0.0014165563,-1.56768661,88.217414,-94.2588478,1314.512958828
