Displacement,FX,FY,FZ,MX,MY,MZ,L
0.0628,-9.18120766,-50.3968277,-0.241577148,1424.42669,15752.9137,-2372.76975,1232.1219419559998
