Displacement,FX,FY,FZ,MX,MY,MZ,L
0.0628,-0.0582379028,-0.240162663,-0.00391578674,5.9630014,75.3635501,-8.78027349,1265.742781186
