Displacement,FX,FY,FZ,MX,MY,MZ,L
10.51128022036,30.7331231,-0.033191134,-0.211799477,-189.727251,16937.7936,-27766.1867,1051.128022036
