Displacement,FX,FY,FZ,MX,MY,MZ,L
10.669708863139999,0.0253464624,-1.17501643e-08,-0.00018241012,-0.186522654,17.9086261,-23.2288253,1066.970886314
