Displacement,FX,FY,FZ,MX,MY,MZ,L
13.6063420683,0.0624328153,0.000191550948,-0.000930344919,-1.09476579,76.353654,-72.7419333,1360.63420683
