Displacement,FX,FY,FZ,MX,MY,MZ,L
0.0628,-0.647394598,-2.85345685,-0.0364265442,74.047868,912.440535,-117.728179,1254.8930234210002
