Displacement,FX,FY,FZ,MX,MY,MZ,L
15.0,-3.9935112e-06,0.390900612,0.0254332889,13.4412252,0.000431190969,0.00171769646,1353.906594098
