Displacement,FX,FY,FZ,MX,MY,MZ,L
0.0628,-0.000678758137,-0.00492478371,-0.000253543258,0.0513535195,-2.97804999,0.891097079,1366.973376629
