Displacement,FX,FY,FZ,MX,MY,MZ,L
15.0,2.88709995e-08,-5.66244118e-07,-1.95922621e-06,-0.00084911301,1.08733075e-05,1.407252e-05,1346.7924590819998
