Displacement,FX,FY,FZ,MX,MY,MZ,L
0.0628,0.000121358782,-0.00742836017,0.00012396276,0.241915026,8.0673617,-1.91096158,1112.654187734
