Displacement,FX,FY,FZ,MX,MY,MZ,L
10.825091446290001,0.375889766,-3.35517013e-05,-0.00304703077,-2.84862137,265.393908,-349.457342,1082.509144629
