Displacement,FX,FY,FZ,MX,MY,MZ,L
12.96112065153,5.92229041,-0.000156159078,-0.0469761193,-52.1016334,4993.62526,-6578.93807,1296.112065153
