Displacement,FX,FY,FZ,MX,MY,MZ,L
15.0,3.49362381e-07,-2.90572642e-07,-7.55535449e-08,-9.65040836e-05,-1.60441841e-05,-0.000319880678,1296.112065153
