Displacement,FX,FY,FZ,MX,MY,MZ,L
0.0628,0.000667269807,-0.0038242219,0.000115107745,0.129663814,4.90035907,-1.23672965,1034.98507472
