Displacement,FX,FY,FZ,MX,MY,MZ,L
12.321219419559998,0.10057647,-0.000244999936,-0.00161467618,-1.69483097,89.2474514,-106.294107,1232.1219419559998
