Displacement,FX,FY,FZ,MX,MY,MZ,L
15.0,7.62939453e-06,0.481933594,0.943618059,371.720386,0.00163851215,-0.000558309606,1195.335915728
