Displacement,FX,FY,FZ,MX,MY,MZ,L
0.0628,0.000865143724,-0.00792204076,0.000196039677,0.265357458,9.58267376,-2.36430488,1066.970886314
