Displacement,FX,FY,FZ,MX,MY,MZ,L
12.96112065153,0.101690106,-0.000927776979,-0.00169548532,-1.83324231,102.29496,-113.041244,1296.112065153
