Displacement,FX,FY,FZ,MX,MY,MZ,L
15.0,7.39097595e-05,0.0420532227,-0.0455514193,-9.39858972,-0.00139385233,-0.0234479456,1366.973376629
