Displacement,FX,FY,FZ,MX,MY,MZ,L
15.0,-1.78441405e-06,0.00196996331,0.00148808502,0.548430554,3.05734825e-05,0.00110200348,1207.9439433530001
