Displacement,FX,FY,FZ,MX,MY,MZ,L
15.0,9.23871994e-07,0.062171936,-0.0154701024,0.885754841,0.000139272018,0.00059125289,1366.973376629
