Displacement,FX,FY,FZ,MX,MY,MZ,L
12.548930234210001,0.101947431,-0.000351792178,-0.00163285004,-1.73929385,94.1809251,-109.720492,1254.8930234210002
