Displacement,FX,FY,FZ,MX,MY,MZ,L
15.0,-3.06963921e-06,0.0132007599,0.0101077333,4.78001414,7.03248443e-05,0.00283608458,1323.1517784760001
