Displacement,FX,FY,FZ,MX,MY,MZ,L
0.0628,-0.00908486359,-0.0347539654,-0.000970184803,0.719343827,0.850734728,1.28526739,1305.4988632529999
