Displacement,FX,FY,FZ,MX,MY,MZ,L
15.0,-7.49807805e-06,0.126158714,-0.0284336917,-9.50016758,0.000104448207,0.00508151668,1296.112065153
