Displacement,FX,FY,FZ,MX,MY,MZ,L
10.349850747200001,0.203809552,-0.00235178811,-0.00271750661,-2.32327273,137.088282,-181.620975,1034.98507472
