Displacement,FX,FY,FZ,MX,MY,MZ,L
15.0,2.20537186e-06,0.00113391876,0.0280466974,11.7498862,6.20904172e-05,-0.00531550613,1296.112065153
