Displacement,FX,FY,FZ,MX,MY,MZ,L
0.0628,-0.0014562885,-0.00564948376,-0.000125095248,0.12912843,1.06488808,-0.0198928069,1286.355244347
