Displacement,FX,FY,FZ,MX,MY,MZ,L
15.0,-5.90085983e-06,0.00146865845,0.00299262255,1.12686588,-0.000190219893,0.00489176589,1127.252366515
