Displacement,FX,FY,FZ,MX,MY,MZ,L
15.0,3.65078449e-07,-0.00492680073,0.0166819964,7.67500474,4.11120226e-05,-7.05358609e-05,1346.7924590819998
