Displacement,FX,FY,FZ,MX,MY,MZ,L
15.0,1.91293657e-06,0.00267787278,0.00143640874,0.536215052,-5.66405515e-05,-0.00106296349,1232.1219419559998
