Displacement,FX,FY,FZ,MX,MY,MZ,L
11.55479201803,0.0466310765,-2.86327585e-09,-0.000388139975,-0.395001618,36.938084,-46.2403912,1155.479201803
