Displacement,FX,FY,FZ,MX,MY,MZ,L
0.0628,-0.0013225833,-0.00507233484,-0.000141352415,0.105152303,0.147635756,0.181831023,1305.4988632529999
