Displacement,FX,FY,FZ,MX,MY,MZ,L
15.0,9.53674316e-06,0.0102539062,-0.0368719101,-22.8030575,0.00179969945,-0.00666414946,1112.654187734
