Displacement,FX,FY,FZ,MX,MY,MZ,L
15.0,1.51991844e-06,-1.00135803e-05,-3.68191395e-05,-0.0151883122,-3.72948309e-05,-0.00147867559,1353.906594098
