Displacement,FX,FY,FZ,MX,MY,MZ,L
13.14512958828,0.0330808744,0.0010070912,-0.000407603104,-0.515367063,35.1044476,-37.1764019,1314.512958828
