Displacement,FX,FY,FZ,MX,MY,MZ,L
15.0,1.35973095e-07,7.45803118e-06,-4.62887692e-06,-0.00186224227,1.05113625e-05,2.32942527e-05,1353.906594098
