Displacement,FX,FY,FZ,MX,MY,MZ,L
0.0628,-0.0112663414,-0.043104481,-0.00107896328,0.939061914,4.42093579,0.768583814,1296.112065153
