Displacement,FX,FY,FZ,MX,MY,MZ,L
15.0,-1.28746033e-05,0.000732421875,0.120303154,49.9803059,0.00358518328,0.0242351207,1286.355244347
