Displacement,FX,FY,FZ,MX,MY,MZ,L
15.0,6.97327776e-08,5.14090063e-07,5.96628522e-08,2.46887007e-05,-1.28917862e-05,-5.61518736e-05,1112.654187734
