Displacement,FX,FY,FZ,MX,MY,MZ,L
0.0628,-0.107953191,-0.642353227,-0.0311937332,7.61908503,-301.076047,96.6101741,1360.63420683
