Displacement,FX,FY,FZ,MX,MY,MZ,L
0.0628,-21.3350525,-263.172607,2.3515625,8285.28687,113191.187,-22639.8811,1182.386635632
