Displacement,FX,FY,FZ,MX,MY,MZ,L
15.0,5.86733222e-07,0.00145320594,0.00099910982,0.350850692,-6.63711002e-06,-0.000321252766,1155.479201803
