Displacement,FX,FY,FZ,MX,MY,MZ,L
0.0628,0.00214473903,-0.12382324,0.00208449364,4.03597793,130.836648,-31.0073621,1112.654187734
