Displacement,FX,FY,FZ,MX,MY,MZ,L
15.0,3.79979611e-07,0.000419735909,0.000466458499,0.179445081,2.33854927e-05,-0.000204895311,1066.970886314
