Displacement,FX,FY,FZ,MX,MY,MZ,L
15.0,3.49245932e-09,4.96581197e-05,5.92698634e-05,0.0272925201,-4.54169486e-06,4.24979491e-05,1097.738361015
