Displacement,FX,FY,FZ,MX,MY,MZ,L
15.0,5.55883198e-09,4.08850608e-07,-2.67813448e-07,-0.000275151647,1.33239191e-05,6.11042321e-05,1296.112065153
