Displacement,FX,FY,FZ,MX,MY,MZ,L
0.0628,-0.0176793039,-0.105937993,-0.00515675545,1.24515622,-53.3183689,16.7932112,1360.63420683
