Displacement,FX,FY,FZ,MX,MY,MZ,L
0.0628,-0.00547919609,-0.0240489035,-0.000953346491,0.381144523,-7.046637,2.68075745,1339.293832775
