Displacement,FX,FY,FZ,MX,MY,MZ,L
0.0628,-0.0914956536,-0.502359927,-0.00246524811,14.1650366,289.281835,-54.5165726,1220.207119082
