Displacement,FX,FY,FZ,MX,MY,MZ,L
15.0,-1.54227018e-06,0.000398635864,-0.000366593711,-0.0807852401,-0.000132652812,0.00091471688,1360.63420683
