Displacement,FX,FY,FZ,MX,MY,MZ,L
15.0,-9.94652509e-07,-9.03606415e-05,0.000869752839,0.372987247,-5.04873447e-05,0.00100589183,1296.112065153
