Displacement,FX,FY,FZ,MX,MY,MZ,L
15.0,5.52972782e-08,4.30271027e-07,-1.44762453e-07,-0.000155821473,1.84316697e-05,-4.22666414e-05,1296.112065153
