Displacement,FX,FY,FZ,MX,MY,MZ,L
15.0,2.35438347e-06,0.00293064117,0.0334060267,14.7096099,0.000299296204,0.000357458428,1276.231186255
