Displacement,FX,FY,FZ,MX,MY,MZ,L
15.0,-2.87778676e-07,-0.00295722485,0.00866385421,3.95970713,2.62831641e-06,0.000381068632,1339.293832775
