Displacement,FX,FY,FZ,MX,MY,MZ,L
11.126541877340001,86.148699,-0.0912872278,-0.545470119,-516.263519,43422.6669,-82365.8286,1112.654187734
