Displacement,FX,FY,FZ,MX,MY,MZ,L
0.0628,-0.00946357101,-0.100927554,0.000597000122,3.10127077,86.4272822,-18.9469297,1169.0997999219999
