Displacement,FX,FY,FZ,MX,MY,MZ,L
15.0,2.23517414e-08,-8.94069637e-08,-1.19616743e-07,6.15932918e-05,3.9636714e-06,4.83429387e-05,1155.479201803
