Displacement,FX,FY,FZ,MX,MY,MZ,L
15.0,-1.34855509e-05,0.0348479748,0.00396241341,2.44148014,1.0181235e-06,0.00758663205,1207.9439433530001
