Displacement,FX,FY,FZ,MX,MY,MZ,L
11.95335915728,0.0810673906,0.00141208978,-0.000893513672,-0.991718973,67.7651572,-82.9449544,1195.335915728
