Displacement,FX,FY,FZ,MX,MY,MZ,L
0.0628,-0.255081937,-1.41414762,-0.00651550293,39.9943572,766.240859,-142.776421,1220.207119082
