Displacement,FX,FY,FZ,MX,MY,MZ,L
13.467924590819997,2.16749151,0.000571273256,-0.0183686251,-21.1969586,2145.41701,-2500.52286,1346.7924590819998
