Displacement,FX,FY,FZ,MX,MY,MZ,L
15.0,-4.17232514e-07,-1.69873237e-06,-1.53668227e-08,0.00012668746,-1.50578935e-06,0.000210832312,1314.512958828
