Displacement,FX,FY,FZ,MX,MY,MZ,L
15.0,-2.4959445e-07,0.000315189362,0.000393072958,0.151765448,5.02160663e-06,8.85499537e-05,1066.970886314
