Displacement,FX,FY,FZ,MX,MY,MZ,L
0.0628,-0.000391542912,-0.031006515,0.000434458256,0.997610068,31.9093695,-7.43749538,1127.252366515
