Displacement,FX,FY,FZ,MX,MY,MZ,L
0.0628,-592.909668,-5648.27725,33.046875,177252.756,-363118.648,108360.04,1243.685010427
