Displacement,FX,FY,FZ,MX,MY,MZ,L
15.0,-1.43656507e-07,7.11679459e-05,9.45565698e-05,0.0435159259,2.18054802e-06,6.29243001e-05,1127.252366515
