Displacement,FX,FY,FZ,MX,MY,MZ,L
0.0628,-0.0205048705,-0.111716129,-0.000574946404,3.14339219,67.8721337,-12.9130643,1220.207119082
