Displacement,FX,FY,FZ,MX,MY,MZ,L
0.0628,-0.0218495689,-0.0898747332,-0.00147533417,2.22873196,29.3904307,-3.54606054,1265.742781186
