Displacement,FX,FY,FZ,MX,MY,MZ,L
0.0628,-0.141208053,-0.619586751,-0.0244274139,9.88831135,-173.452343,66.9795508,1339.293832775
