Displacement,FX,FY,FZ,MX,MY,MZ,L
0.0628,-0.00206080265,-0.00799516053,-0.000246107578,0.156583484,-0.418338166,0.443373733,1314.512958828
