Displacement,FX,FY,FZ,MX,MY,MZ,L
10.349850747200001,0.60438543,-0.0019647704,-0.00374515867,-3.28069199,399.015103,-537.832677,1034.98507472
