Displacement,FX,FY,FZ,MX,MY,MZ,L
0.0628,-0.00301749632,-0.0138289278,-0.000150069594,0.367060562,6.75030731,-1.13006849,1243.685010427
