Displacement,FX,FY,FZ,MX,MY,MZ,L
15.0,-2.51457095e-07,0.000210881233,0.000304313086,0.12493747,-4.85168155e-07,0.000203362905,1112.654187734
