Displacement,FX,FY,FZ,MX,MY,MZ,L
15.0,8.90344382e-07,0.000597238541,0.00159648992,0.65953918,2.34724232e-05,-0.00139312235,1169.0997999219999
