Displacement,FX,FY,FZ,MX,MY,MZ,L
15.0,-2.62260437e-06,0.108291626,0.315430105,108.929951,-0.000571188563,0.00933581793,1034.98507472
