Displacement,FX,FY,FZ,MX,MY,MZ,L
0.0628,-8.45538452e-05,-0.00651037367,9.1008842e-05,0.20942262,6.76641863,-1.57722761,1127.252366515
