Displacement,FX,FY,FZ,MX,MY,MZ,L
10.669708863139999,0.033808884,-1.31310614e-08,-0.000251128949,-0.250242853,23.8613088,-30.9843743,1066.970886314
