Displacement,FX,FY,FZ,MX,MY,MZ,L
0.0628,-0.00364163239,-0.0166880705,-0.000181168318,0.442845106,8.13041624,-1.36005585,1243.685010427
