Displacement,FX,FY,FZ,MX,MY,MZ,L
15.0,-5.26662915e-07,4.43309542e-07,-2.52621257e-08,0.000116306819,-5.31468652e-06,-4.07559358e-05,1305.4988632529999
