Displacement,FX,FY,FZ,MX,MY,MZ,L
11.95335915728,2.3442337,-0.00207207129,-0.0203385881,-20.7399749,1831.30861,-2404.16242,1195.335915728
