Displacement,FX,FY,FZ,MX,MY,MZ,L
15.0,-5.55301084e-08,-1.49011571e-08,9.25501845e-09,2.93198734e-05,-4.54862003e-06,5.950726e-05,1207.9439433530001
