Displacement,FX,FY,FZ,MX,MY,MZ,L
15.0,-3.80096026e-08,6.70552221e-08,-3.82424329e-08,-3.25996233e-05,5.31047607e-06,-5.80481888e-05,1097.738361015
