Displacement,FX,FY,FZ,MX,MY,MZ,L
0.0628,-0.0165145509,-0.067898497,-0.00111615658,1.68325089,22.3984913,-2.7216779,1265.742781186
