Displacement,FX,FY,FZ,MX,MY,MZ,L
15.0,2.26777047e-07,7.45058773e-09,-1.25142105e-06,-0.00047673702,-3.86742064e-06,-0.000251794937,1346.7924590819998
