Displacement,FX,FY,FZ,MX,MY,MZ,L
12.43685010427,0.122187576,-0.00176194823,-0.00207635178,-2.1233533,110.498391,-130.495619,1243.685010427
