Displacement,FX,FY,FZ,MX,MY,MZ,L
10.349850747200001,74.0016363,-0.0991355469,-0.469503701,-413.441022,35423.8724,-65869.4166,1034.98507472
