Displacement,FX,FY,FZ,MX,MY,MZ,L
15.0,-8.21892177e-08,-1.78813935e-06,2.36276537e-06,0.00119469902,1.14959617e-05,0.00019264459,1353.906594098
