Displacement,FX,FY,FZ,MX,MY,MZ,L
15.0,2.47359276e-06,0.0116312504,0.00587701146,3.29079783,-3.48371913e-05,-0.00390861318,1339.293832775
