Displacement,FX,FY,FZ,MX,MY,MZ,L
15.0,2.46800479e-08,-1.96695326e-06,0.000137102586,0.0558126632,4.11119252e-06,2.61451859e-05,1254.8930234210002
