Displacement,FX,FY,FZ,MX,MY,MZ,L
15.0,3.24249268e-05,1.2020874,5.40668011,2191.09897,-0.000184330442,-0.0288647674,1232.1219419559998
