Displacement,FX,FY,FZ,MX,MY,MZ,L
15.0,-9.67979431e-05,0.00689697266,0.0572784543,21.5975263,-0.00254746391,0.0765946949,1169.0997999219999
