Displacement,FX,FY,FZ,MX,MY,MZ,L
11.690997999219999,9.62635696,-0.005751356,-0.0746108964,-74.4923198,6717.33024,-9658.58707,1169.0997999219999
