Displacement,FX,FY,FZ,MX,MY,MZ,L
15.0,4.36790288e-07,0.000377058983,0.000379696721,0.1418596,-1.00053061e-05,-0.000805990478,1034.98507472
