Displacement,FX,FY,FZ,MX,MY,MZ,L
12.86355244347,10.2006401,-0.000888877696,-0.0770645365,-84.7826288,8045.70591,-11247.883,1286.355244347
