Displacement,FX,FY,FZ,MX,MY,MZ,L
0.0628,-0.000559709035,-0.0135917617,0.000153124332,0.431217238,13.3968171,-3.0673552,1141.528729776
