Displacement,FX,FY,FZ,MX,MY,MZ,L
15.0,-3.0361116e-07,-9.38773148e-07,-2.88692536e-06,-0.00128978884,1.81191554e-06,0.000360707617,1346.7924590819998
