Displacement,FX,FY,FZ,MX,MY,MZ,L
15.0,-1.2088567e-06,-1.74641609e-05,0.00033441477,0.139697346,-8.90124617e-07,0.000726768659,1276.231186255
