Displacement,FX,FY,FZ,MX,MY,MZ,L
15.0,-1.51412678e-07,-3.72527482e-09,-1.89174917e-09,4.02079365e-06,-9.23841586e-07,6.21175843e-05,1082.509144629
