Displacement,FX,FY,FZ,MX,MY,MZ,L
15.0,2.08616257e-06,0.0101242065,0.00827032886,4.43598429,0.000365149356,-0.0044299855,1339.293832775
