Displacement,FX,FY,FZ,MX,MY,MZ,L
15.0,2.75205821e-07,4.69386579e-07,4.53437685e-08,-5.42854806e-05,6.30817175e-06,-0.000104899787,1051.128022036
