Displacement,FX,FY,FZ,MX,MY,MZ,L
15.0,2.75671482e-07,-0.00265997648,0.00875821663,3.99678009,2.42958905e-05,-2.94975946e-05,1339.293832775
