Displacement,FX,FY,FZ,MX,MY,MZ,L
15.0,1.90734863e-06,0.0420227051,1.05866486,470.175376,0.000512653989,0.00192795802,1305.4988632529999
