Displacement,FX,FY,FZ,MX,MY,MZ,L
15.0,1.43051147e-06,0.0150299072,0.0300004967,16.5353119,-0.00237282629,-0.00175633677,1346.7924590819998
