Displacement,FX,FY,FZ,MX,MY,MZ,L
0.0628,-0.00705007836,-0.0291942693,-0.00107103586,0.499956601,-6.24542956,2.72580831,1331.4128559350002
