Displacement,FX,FY,FZ,MX,MY,MZ,L
0.0628,7.51041807e-05,-0.0046170135,7.71209598e-05,0.150400207,5.02254748,-1.18980133,1112.654187734
