Displacement,FX,FY,FZ,MX,MY,MZ,L
15.0,1.97440386e-07,6.5565109e-07,2.90921889e-07,0.00017942921,-6.7317772e-06,-0.000164172738,1339.293832775
