Displacement,FX,FY,FZ,MX,MY,MZ,L
12.76231186255,0.18456469,-0.00228621619,-0.0026856265,-2.81595395,176.333558,-202.137573,1276.231186255
