Displacement,FX,FY,FZ,MX,MY,MZ,L
15.0,-4.73111868e-07,-1.09523534e-06,1.4033867e-07,0.000131659988,-7.86543315e-06,0.000422297565,1141.528729776
