Displacement,FX,FY,FZ,MX,MY,MZ,L
13.39293832775,0.582858538,0.000511736731,-0.00556557346,-6.40785668,620.743594,-668.691506,1339.293832775
