Displacement,FX,FY,FZ,MX,MY,MZ,L
0.0628,0.234880447,-4.43988276,0.0915756226,147.176576,4246.07013,-1026.77624,1097.738361015
