Displacement,FX,FY,FZ,MX,MY,MZ,L
13.14512958828,0.180291912,-0.000137053317,-0.00222044438,-2.49285191,187.433143,-203.087486,1314.512958828
