Displacement,FX,FY,FZ,MX,MY,MZ,L
11.126541877340001,0.0709055514,-4.04201896e-09,-0.000576745253,-0.565780454,52.8689698,-67.7336441,1112.654187734
