Displacement,FX,FY,FZ,MX,MY,MZ,L
0.0628,-0.00190041307,-0.0100232448,-0.000456571579,0.132325843,-4.52197812,1.47299417,1353.906594098
