Displacement,FX,FY,FZ,MX,MY,MZ,L
15.0,-7.07805156e-07,0.000820636749,-5.45606017e-05,-0.0233793611,-3.80174164e-05,-0.000634612347,1034.98507472
