Displacement,FX,FY,FZ,MX,MY,MZ,L
15.0,-4.57763672e-05,0.489624023,6.13228893,2102.27996,0.00742171692,0.119948928,1034.98507472
