Displacement,FX,FY,FZ,MX,MY,MZ,L
0.0628,0.00408197194,-0.0863451883,0.0016824007,2.84398143,95.5633898,-22.9844176,1097.738361015
