Displacement,FX,FY,FZ,MX,MY,MZ,L
13.231517784760001,9.63709322,4.08728383e-05,-0.0711174533,-80.4869204,7878.36234,-10926.1968,1323.1517784760001
