Displacement,FX,FY,FZ,MX,MY,MZ,L
15.0,-7.74860381e-07,0.00224399567,0.0252328822,11.1507509,-0.00012848529,-0.000638087731,1276.231186255
