Displacement,FX,FY,FZ,MX,MY,MZ,L
13.054988632529998,9.98156965,-0.000361048068,-0.0745995268,-83.2979176,8027.42329,-11167.8915,1305.4988632529999
