Displacement,FX,FY,FZ,MX,MY,MZ,L
10.97738361015,0.18540677,-0.00205413419,-0.00261421385,-2.37517656,134.973559,-175.065352,1097.738361015
