Displacement,FX,FY,FZ,MX,MY,MZ,L
12.65742781186,0.0293278621,8.28734094e-10,-0.000264293514,-0.289430529,27.9265714,-31.8243018,1265.742781186
