Displacement,FX,FY,FZ,MX,MY,MZ,L
13.231517784760001,1.59038044,0.000418010747,-0.014002013,-15.8794908,1548.21158,-1802.98051,1323.1517784760001
