Displacement,FX,FY,FZ,MX,MY,MZ,L
15.0,-7.57107045e-07,-2.07684941e-07,-2.43308027e-08,-2.93467349e-05,-3.30808242e-06,0.000412156251,1265.742781186
