Displacement,FX,FY,FZ,MX,MY,MZ,L
15.0,-2.14669853e-07,7.18981031e-07,-3.81493009e-07,-0.000216339333,5.36838361e-06,0.000165427974,1331.4128559350002
