Displacement,FX,FY,FZ,MX,MY,MZ,L
13.539065940979999,32.4661333,-0.000757270374,-0.187762616,-216.982424,20391.181,-37654.6143,1353.906594098
