Displacement,FX,FY,FZ,MX,MY,MZ,L
15.0,-3.11993064e-08,-0.000312969089,2.29981961e-05,0.0241696695,1.35344228e-05,2.69853736e-05,1366.973376629
