Displacement,FX,FY,FZ,MX,MY,MZ,L
15.0,2.80328095e-07,0.000269442797,0.00122871727,0.533565227,1.19815528e-05,-0.000237263435,1220.207119082
