Displacement,FX,FY,FZ,MX,MY,MZ,L
15.0,-3.47848981e-07,3.70666388e-07,1.02387276e-07,0.000131164202,-5.6194932e-06,0.00025024431,1323.1517784760001
