Displacement,FX,FY,FZ,MX,MY,MZ,L
15.0,-7.0780516e-08,0.000116452575,0.000123331614,0.0481681981,-8.36472294e-06,-2.27474597e-05,1220.207119082
