Displacement,FX,FY,FZ,MX,MY,MZ,L
12.079439433530002,0.0693194131,0.00146821993,-0.000689988025,-0.794125523,59.1220724,-71.6391275,1207.9439433530001
