Displacement,FX,FY,FZ,MX,MY,MZ,L
15.0,-1.39465555e-07,-2.01165678e-07,1.09313988e-07,-2.16796836e-06,-9.07055243e-06,-1.1212972e-05,1034.98507472
