Displacement,FX,FY,FZ,MX,MY,MZ,L
11.82386635632,1.10299955,-0.00189471951,-0.0103047318,-10.3592396,868.955797,-1119.18809,1182.386635632
