Displacement,FX,FY,FZ,MX,MY,MZ,L
15.0,2.94297933e-07,-6.31809234e-06,-1.06019434e-05,-0.00381595482,1.33711182e-05,-9.979548e-05,1353.906594098
