Displacement,FX,FY,FZ,MX,MY,MZ,L
15.0,4.67523933e-07,-8.3476305e-05,0.000433876819,0.185091276,5.39155451e-06,-0.000295404303,1286.355244347
