Displacement,FX,FY,FZ,MX,MY,MZ,L
15.0,4.50611114e-05,0.00551986694,0.0277860165,13.4933057,-0.000131755284,-0.0208812575,1339.293832775
