Displacement,FX,FY,FZ,MX,MY,MZ,L
15.0,0.000122070313,0.145172119,3.64542794,1681.12506,-0.00110367982,-0.132547813,1346.7924590819998
