Displacement,FX,FY,FZ,MX,MY,MZ,L
15.0,-2.23517413e-08,0.000985622406,0.00467872433,1.96662091,7.0531494e-05,0.00141802438,1207.9439433530001
