Displacement,FX,FY,FZ,MX,MY,MZ,L
0.0628,-3.07871628,-18.2932858,-0.854827881,237.49317,-7491.08314,2424.35469,1360.63420683
