Displacement,FX,FY,FZ,MX,MY,MZ,L
15.0,4.32133675e-07,-6.61611557e-06,1.21821649e-05,0.00583074467,5.49738179e-06,-9.27999936e-05,1366.973376629
