Displacement,FX,FY,FZ,MX,MY,MZ,L
0.0628,-0.00131719094,-0.00627232715,-0.000266723335,0.0914651827,-2.34741994,0.813624244,1346.7924590819998
