Displacement,FX,FY,FZ,MX,MY,MZ,L
0.0628,-0.0669667721,-0.333557397,-0.002597332,9.14442826,173.299957,-30.7648418,1232.1219419559998
