Displacement,FX,FY,FZ,MX,MY,MZ,L
15.0,3.81469727e-05,0.0705566406,1.78420782,737.438628,0.00440382502,-0.0355085093,1243.685010427
