Displacement,FX,FY,FZ,MX,MY,MZ,L
0.0628,0.0653648376,-0.58705622,0.0147733688,19.7049952,667.254964,-165.162042,1066.970886314
