Displacement,FX,FY,FZ,MX,MY,MZ,L
0.0628,-0.000663995277,-0.00969625916,8.27163458e-05,0.302869999,9.06212173,-2.03416572,1155.479201803
