Displacement,FX,FY,FZ,MX,MY,MZ,L
15.0,1.4717225e-06,0.00440762006,0.00149086548,0.568254254,0.000101831395,-0.000481987998,1265.742781186
