Displacement,FX,FY,FZ,MX,MY,MZ,L
15.0,-3.73111108e-08,9.18284061e-07,5.27070367e-08,1.38247671e-05,-2.56091051e-06,3.5150465e-05,1112.654187734
