Displacement,FX,FY,FZ,MX,MY,MZ,L
13.6063420683,0.129380911,0.00051279215,-0.00145361564,-1.72188512,155.285883,-150.739808,1360.63420683
