Displacement,FX,FY,FZ,MX,MY,MZ,L
0.0628,-0.0122911409,-0.103709869,0.000327944756,3.12632862,82.7534121,-17.6664717,1182.386635632
