Displacement,FX,FY,FZ,MX,MY,MZ,L
0.0628,-0.415706277,-2.61610007,-0.00410842896,76.0236965,1511.91099,-295.24305,1207.9439433530001
