Displacement,FX,FY,FZ,MX,MY,MZ,L
15.0,1.1594966e-07,0.00341366231,0.00107772258,0.396724838,-1.78569496e-05,0.000279484345,1243.685010427
