Displacement,FX,FY,FZ,MX,MY,MZ,L
15.0,2.47359276e-06,0.00194549561,0.00967926532,3.87367858,7.95194241e-05,-0.00592436027,1182.386635632
