Displacement,FX,FY,FZ,MX,MY,MZ,L
15.0,5.35976142e-07,0.000880032778,0.00104472763,0.344846901,8.03371071e-06,-0.000474016877,1066.970886314
