Displacement,FX,FY,FZ,MX,MY,MZ,L
0.0628,-0.00431961566,-0.031064438,-0.00160571933,0.320470569,-18.2952372,5.51668972,1366.973376629
