Displacement,FX,FY,FZ,MX,MY,MZ,L
15.0,1.66893005e-06,0.00567626953,0.0792292506,33.3559059,0.000800511236,-0.00150577837,1243.685010427
