Displacement,FX,FY,FZ,MX,MY,MZ,L
15.0,-1.00582838e-06,0.00100326538,0.00238278694,0.939010664,-2.217382e-05,-0.00141610478,1141.528729776
