Displacement,FX,FY,FZ,MX,MY,MZ,L
0.0628,-0.00178476237,-0.026143657,0.000223696232,0.816747315,24.2643149,-5.4453138,1155.479201803
