Displacement,FX,FY,FZ,MX,MY,MZ,L
15.0,1.87754631e-06,-0.0122451782,0.0834769346,38.708767,-3.76983635e-05,-0.000668632202,1360.63420683
