Displacement,FX,FY,FZ,MX,MY,MZ,L
13.14512958828,0.224062471,0.000157145374,-0.00254188292,-2.8706361,231.755039,-252.365875,1314.512958828
