Displacement,FX,FY,FZ,MX,MY,MZ,L
15.0,-1.124572e-07,3.98606066e-07,-1.90222636e-07,-5.42666364e-05,-1.22199878e-05,0.000119566616,1314.512958828
