Displacement,FX,FY,FZ,MX,MY,MZ,L
0.0628,-0.0019639266,-0.00761352759,-0.000168710947,0.173938897,1.43031234,-0.0253881092,1286.355244347
