Displacement,FX,FY,FZ,MX,MY,MZ,L
15.0,5.42402267e-06,0.123381734,-0.0281563625,-8.38349506,-0.000154859674,-0.00643145783,1323.1517784760001
