Displacement,FX,FY,FZ,MX,MY,MZ,L
0.0628,0.0380305946,-0.216865018,0.00655436516,7.3530155,267.497912,-67.6498301,1034.98507472
