Displacement,FX,FY,FZ,MX,MY,MZ,L
12.76231186255,39.6409372,-0.00865370987,-0.256844819,-279.654867,25505.6728,-43379.5394,1276.231186255
