Displacement,FX,FY,FZ,MX,MY,MZ,L
0.0628,0.000396764837,-0.00852461671,0.000165313482,0.280692615,9.62937848,-2.31471398,1097.738361015
