Displacement,FX,FY,FZ,MX,MY,MZ,L
12.96112065153,0.228050952,-0.000484945535,-0.00274951244,-3.02726823,226.023833,-253.365993,1296.112065153
