Displacement,FX,FY,FZ,MX,MY,MZ,L
0.0628,-0.000641226768,-0.0515484065,0.000723898411,1.6588651,52.759366,-12.2977307,1127.252366515
