Displacement,FX,FY,FZ,MX,MY,MZ,L
0.0628,0.0018774718,-0.0171719817,0.000424832106,0.575121224,20.6834741,-5.10376098,1066.970886314
