Displacement,FX,FY,FZ,MX,MY,MZ,L
15.0,1.76223693e-07,-3.91155466e-07,3.40805853e-08,-7.34866197e-06,3.27936266e-06,-0.000145441014,1082.509144629
