Displacement,FX,FY,FZ,MX,MY,MZ,L
12.86355244347,0.184240232,-0.0015141444,-0.00255545019,-2.73593932,179.665124,-203.278677,1286.355244347
