Displacement,FX,FY,FZ,MX,MY,MZ,L
0.0628,-0.00383570755,-0.0233709961,-5.78165054e-05,0.673712752,16.1377026,-3.22718092,1207.9439433530001
