Displacement,FX,FY,FZ,MX,MY,MZ,L
15.0,-6.86645508e-05,0.423583984,9.53802872,4305.68252,-0.00118234341,-0.0280292863,1331.4128559350002
