Displacement,FX,FY,FZ,MX,MY,MZ,L
0.0628,0.00958441943,-0.0548571683,0.00164932013,1.85868252,69.0843918,-17.4468706,1034.98507472
