Displacement,FX,FY,FZ,MX,MY,MZ,L
15.0,4.58955765e-06,0.00406441838,0.00286496757,1.13589511,4.34771185e-05,-0.00448331604,1276.231186255
