Displacement,FX,FY,FZ,MX,MY,MZ,L
12.43685010427,0.474853268,-0.00122794129,-0.00505655538,-5.32791395,419.132795,-506.53052,1243.685010427
