Displacement,FX,FY,FZ,MX,MY,MZ,L
0.0628,-0.539204538,-2.73798418,-0.0195770264,75.5448365,1236.15419,-211.402454,1232.1219419559998
