Displacement,FX,FY,FZ,MX,MY,MZ,L
15.0,3.53902579e-07,0.000755310059,0.001917894,0.776276989,-1.69754723e-05,-4.67370807e-06,1155.479201803
