Displacement,FX,FY,FZ,MX,MY,MZ,L
0.0628,-0.0190845504,-0.0739283543,-0.00227689743,1.4458051,-4.2376585,4.18370097,1314.512958828
