Displacement,FX,FY,FZ,MX,MY,MZ,L
10.669708863139999,0.0221096608,-1.03686217e-08,-0.000156283961,-0.16216427,15.6290651,-20.2623982,1066.970886314
