Displacement,FX,FY,FZ,MX,MY,MZ,L
15.0,3.981404e-08,-3.24100259e-07,7.97444952e-08,4.67361305e-05,4.38795915e-06,-0.00018460802,1034.98507472
