Displacement,FX,FY,FZ,MX,MY,MZ,L
15.0,4.7861249e-08,1.03516504e-06,4.46016199e-08,-2.3473162e-05,-6.81155027e-06,8.17422368e-06,1254.8930234210002
