Displacement,FX,FY,FZ,MX,MY,MZ,L
15.0,-1.45053491e-07,-3.52039936e-07,4.56930111e-09,1.83576555e-05,-6.38197974e-07,7.95441821e-05,1034.98507472
