Displacement,FX,FY,FZ,MX,MY,MZ,L
10.825091446290001,0.0406996114,-1.27993904e-08,-0.000313143246,-0.309494633,29.2731436,-37.8367746,1082.509144629
