Displacement,FX,FY,FZ,MX,MY,MZ,L
0.0628,-0.00198381208,-0.00823086151,-0.000301510096,0.141258307,-1.7625117,0.768499332,1331.4128559350002
