Displacement,FX,FY,FZ,MX,MY,MZ,L
13.39293832775,0.341768657,0.000561688717,-0.00342849782,-3.9616923,372.115149,-392.078665,1339.293832775
