Displacement,FX,FY,FZ,MX,MY,MZ,L
11.126541877340001,1547.46471,-1.17985942,-10.2402458,-10337.9166,308231.006,-1482894.42,1112.654187734
