Displacement,FX,FY,FZ,MX,MY,MZ,L
15.0,-3.6239624e-05,0.0341186523,0.983313799,418.534852,-0.000462153604,-0.0127020511,1265.742781186
