Displacement,FX,FY,FZ,MX,MY,MZ,L
15.0,-0.000240325928,0.00469970703,-0.12624073,-41.7031311,-0.00150169393,0.0494125562,1366.973376629
