Displacement,FX,FY,FZ,MX,MY,MZ,L
0.0628,-0.00403423235,-0.0154392129,-0.000431030989,0.319629162,0.416630354,0.562285907,1305.4988632529999
