Displacement,FX,FY,FZ,MX,MY,MZ,L
12.321219419559998,0.0440394742,7.22342658e-10,-0.00038826291,-0.41446588,39.2860779,-46.5336044,1232.1219419559998
