Displacement,FX,FY,FZ,MX,MY,MZ,L
0.0628,-0.000575222308,-0.00608389825,3.52412462e-05,0.186800603,5.35771086,-1.17614124,1169.0997999219999
