Displacement,FX,FY,FZ,MX,MY,MZ,L
15.0,-6.4074993e-07,0.000425696373,0.000568304909,0.225150981,-2.39854247e-05,0.000757336933,1097.738361015
