Displacement,FX,FY,FZ,MX,MY,MZ,L
15.0,-7.04079867e-07,0.00124605,0.000938458485,0.322349529,-6.17725574e-05,0.000486511307,1127.252366515
