Displacement,FX,FY,FZ,MX,MY,MZ,L
0.0628,-0.23874259,-0.991571575,-0.036026001,17.1405862,-208.864722,91.237662,1331.4128559350002
