Displacement,FX,FY,FZ,MX,MY,MZ,L
13.39293832775,1.52490239,0.000527942881,-0.0133872079,-15.3712652,1534.34723,-1749.53286,1339.293832775
