Displacement,FX,FY,FZ,MX,MY,MZ,L
0.0628,-0.00530116819,-0.0445772819,0.000137627125,1.34294752,36.072204,-7.70763487,1182.386635632
