Displacement,FX,FY,FZ,MX,MY,MZ,L
0.0628,-0.00350365252,-0.0143970037,-0.000237390399,0.35680621,4.89916984,-0.610817149,1265.742781186
