Displacement,FX,FY,FZ,MX,MY,MZ,L
12.96112065153,33773.9869,-7.26461202,-824.440369,-979994.684,1497946.71,-37613915.6,1296.112065153
