Displacement,FX,FY,FZ,MX,MY,MZ,L
0.0628,-0.0595716108,-0.326149225,-0.00162792206,9.19023564,191.423822,-36.1989431,1220.207119082
