Displacement,FX,FY,FZ,MX,MY,MZ,L
12.079439433530002,315.116134,-0.417914693,-1.78635597,-1826.48104,122384.887,-326987.442,1207.9439433530001
