Displacement,FX,FY,FZ,MX,MY,MZ,L
11.690997999219999,304.241069,-0.482506366,-1.75654441,-1740.38246,117820.132,-305714.166,1169.0997999219999
