Displacement,FX,FY,FZ,MX,MY,MZ,L
15.0,-3.96370888e-06,0.10311842,0.0271553495,12.4767465,0.000752522703,0.00223219856,1220.207119082
