Displacement,FX,FY,FZ,MX,MY,MZ,L
0.0628,0.00127595663,-0.00731459958,0.000219799578,0.247883097,9.3474576,-2.35899487,1034.98507472
