Displacement,FX,FY,FZ,MX,MY,MZ,L
0.0628,4.97705078,-236.778702,4.60839844,7862.08145,142665.239,-32694.0243,1127.252366515
