Displacement,FX,FY,FZ,MX,MY,MZ,L
13.14512958828,0.0512020518,0.000650231137,-0.000799545058,-0.936832967,54.2285924,-57.6167116,1314.512958828
