Displacement,FX,FY,FZ,MX,MY,MZ,L
15.0,-3.11434269e-06,0.0126264691,0.00314772315,1.47475095,-1.69679895e-05,0.00135525285,1323.1517784760001
