Displacement,FX,FY,FZ,MX,MY,MZ,L
15.0,-3.52039934e-07,-0.000655889511,0.00297848019,1.33000461,2.89638545e-06,0.000250046993,1323.1517784760001
