Displacement,FX,FY,FZ,MX,MY,MZ,L
15.0,4.52622772e-07,0.000422418118,0.000796179636,0.330698682,2.28845711e-05,-0.000254895467,1155.479201803
