Displacement,FX,FY,FZ,MX,MY,MZ,L
15.0,3.19443643e-07,-0.000797152519,0.00282011402,1.26184514,1.080819e-05,-0.000269195154,1323.1517784760001
