Displacement,FX,FY,FZ,MX,MY,MZ,L
10.825091446290001,0.14452702,0.000367802651,-0.00182766607,-1.72399168,103.300483,-134.291315,1082.509144629
