Displacement,FX,FY,FZ,MX,MY,MZ,L
15.0,5.7220459e-06,0.382568359,10.9448533,5115.42534,0.000190916925,-0.00397445122,1366.973376629
