Displacement,FX,FY,FZ,MX,MY,MZ,L
12.86355244347,0.0611717955,0.000706338511,-0.000935106305,-1.06987728,60.4447478,-67.3750581,1286.355244347
