Displacement,FX,FY,FZ,MX,MY,MZ,L
15.0,-1.05239451e-07,-0.000356271863,-1.32410787e-05,0.0249537105,-8.40707296e-06,0.000123154514,1366.973376629
