Displacement,FX,FY,FZ,MX,MY,MZ,L
0.0628,0.0109728277,-0.0772502646,0.00212168694,2.60481389,94.4222789,-23.5907606,1051.128022036
