Displacement,FX,FY,FZ,MX,MY,MZ,L
15.0,-4.76837158e-07,0.00910949707,0.158526421,68.8346047,-1.87100841e-05,-0.00949528418,1276.231186255
