Displacement,FX,FY,FZ,MX,MY,MZ,L
15.0,-3.58559195e-08,3.5762787e-06,0.000137759314,0.0556821565,-2.88225625e-05,0.000100471237,1254.8930234210002
