Displacement,FX,FY,FZ,MX,MY,MZ,L
0.0628,-0.308317184,-5.03521681,0.0494613647,158.704066,3853.26478,-861.535778,1155.479201803
