Displacement,FX,FY,FZ,MX,MY,MZ,L
11.95335915728,0.142252785,-0.00114837048,-0.00216378283,-2.16348876,118.652217,-146.009462,1195.335915728
