Displacement,FX,FY,FZ,MX,MY,MZ,L
11.55479201803,0.205730176,-1.31417918e-05,-0.00173775409,-1.73141118,161.010711,-204.008635,1155.479201803
