Displacement,FX,FY,FZ,MX,MY,MZ,L
0.0628,0.00810626149,-0.0571162067,0.00156736374,1.92574995,70.0689043,-17.502454,1051.128022036
