Displacement,FX,FY,FZ,MX,MY,MZ,L
15.0,-3.51108611e-07,0.000350534916,0.00198114908,0.862507897,3.35138601e-06,-0.00014219104,1232.1219419559998
