Displacement,FX,FY,FZ,MX,MY,MZ,L
0.0628,-0.00162899122,-0.00716735807,-0.000283583999,0.113925677,-2.11099769,0.800862238,1339.293832775
