Displacement,FX,FY,FZ,MX,MY,MZ,L
15.0,-9.31322575e-07,-5.30481338e-06,-2.29737489e-05,-0.00873145517,-1.06513451e-05,3.81075796e-05,1353.906594098
