Displacement,FX,FY,FZ,MX,MY,MZ,L
15.0,2.18348578e-05,0.180155993,-0.0487364009,-17.3267485,-0.0016938194,-0.0148781883,1296.112065153
