Displacement,FX,FY,FZ,MX,MY,MZ,L
0.0628,-6.20810315e-05,-0.00477210991,6.67795539e-05,0.153553899,4.96495622,-1.15743589,1127.252366515
