Displacement,FX,FY,FZ,MX,MY,MZ,L
15.0,-5.2084215e-07,1.84145755e-06,1.71203282e-07,9.3245118e-05,7.50235906e-07,0.000386668158,1265.742781186
