Displacement,FX,FY,FZ,MX,MY,MZ,L
15.0,-1.60932541e-06,0.00119781494,0.00230140425,0.882488427,0.00020289676,0.000779371768,1127.252366515
