Displacement,FX,FY,FZ,MX,MY,MZ,L
11.95335915728,0.810813766,-0.0021170992,-0.00796698494,-8.06392432,655.862751,-831.704391,1195.335915728
