Displacement,FX,FY,FZ,MX,MY,MZ,L
15.0,-1.01327896e-05,0.00300598145,0.00413127244,1.24370276,-0.00136986438,0.0036151262,1112.654187734
