Displacement,FX,FY,FZ,MX,MY,MZ,L
0.0628,-0.00113995536,-0.00522992312,-5.6669116e-05,0.138886903,2.56981076,-0.431507264,1243.685010427
