Displacement,FX,FY,FZ,MX,MY,MZ,L
0.0628,-0.00113510923,-0.00435447483,-0.000108741224,0.0950883308,0.477175341,0.0703127356,1296.112065153
