Displacement,FX,FY,FZ,MX,MY,MZ,L
15.0,-1.67265534e-06,0.000473380089,0.000628712587,0.247651819,-1.21405473e-05,0.000774211192,1097.738361015
