Displacement,FX,FY,FZ,MX,MY,MZ,L
0.0628,-0.00414796732,-0.0348560698,0.000107347965,1.05022908,28.2930697,-6.04674729,1182.386635632
