Displacement,FX,FY,FZ,MX,MY,MZ,L
15.0,1.88350677e-05,0.00676727295,0.0185024217,9.23028104,0.00170228746,-0.0132449261,1339.293832775
