Displacement,FX,FY,FZ,MX,MY,MZ,L
13.314128559350001,0.348753238,0.000553070047,-0.00350786885,-4.02893433,371.641926,-397.769506,1331.4128559350002
