Displacement,FX,FY,FZ,MX,MY,MZ,L
15.0,-4.39584256e-07,-0.00015938282,0.00125888968,0.548681623,-6.92592059e-07,0.000384867673,1305.4988632529999
