Displacement,FX,FY,FZ,MX,MY,MZ,L
11.41528729776,1.47637474,-0.00321924778,-0.0133488243,-12.9270392,1092.79091,-1446.9829,1141.528729776
