Displacement,FX,FY,FZ,MX,MY,MZ,L
15.0,-6.10351562e-05,0.339920044,1.10383952,416.987264,-0.0053352045,0.0338593463,1141.528729776
