Displacement,FX,FY,FZ,MX,MY,MZ,L
0.0628,-0.0113154054,-0.0809506232,-0.00418794155,0.834596824,-46.4526907,14.1019957,1366.973376629
