Displacement,FX,FY,FZ,MX,MY,MZ,L
15.0,1.71363354e-07,-1.01327897e-06,4.39351425e-06,0.00204831707,2.10294892e-05,7.3115275e-06,1360.63420683
