Displacement,FX,FY,FZ,MX,MY,MZ,L
11.690997999219999,0.0353277589,-2.25400423e-09,-0.000294976053,-0.304776623,28.574941,-35.4401177,1169.0997999219999
