Displacement,FX,FY,FZ,MX,MY,MZ,L
13.539065940979999,0.324789764,0.00055036262,-0.00325178285,-3.79845184,369.151226,-376.608195,1353.906594098
