Displacement,FX,FY,FZ,MX,MY,MZ,L
15.0,-9.90927219e-07,0.0112998486,0.00216735527,0.951689992,-5.02425182e-06,0.000617005644,1314.512958828
