Displacement,FX,FY,FZ,MX,MY,MZ,L
13.539065940979999,15.7638126,0.00024180333,-0.103024958,-119.21778,11688.9076,-18282.0109,1353.906594098
