Displacement,FX,FY,FZ,MX,MY,MZ,L
15.0,2.98023224e-06,0.228338242,0.070175981,30.6767018,6.67810366e-05,-0.00417628512,1232.1219419559998
