Displacement,FX,FY,FZ,MX,MY,MZ,L
12.65742781186,0.852052473,2.54509359e-06,-0.00802778825,-8.70566766,768.228772,-924.576215,1265.742781186
