Displacement,FX,FY,FZ,MX,MY,MZ,L
15.0,5.96046447e-07,-0.0304508209,0.18034064,84.3161455,-0.000277875069,0.00402662365,1366.973376629
