Displacement,FX,FY,FZ,MX,MY,MZ,L
0.0628,-0.0113622211,-0.0451570246,-0.00152355433,0.829310028,-6.0948824,3.38701377,1323.1517784760001
