Displacement,FX,FY,FZ,MX,MY,MZ,L
0.0628,-2.18972778,-43.604702,0.506408691,1391.242,27068.8862,-5999.85687,1155.479201803
