Displacement,FX,FY,FZ,MX,MY,MZ,L
0.0628,-0.0381963924,-0.165118681,-0.00223231316,4.24725526,64.8167878,-9.42797251,1254.8930234210002
