Displacement,FX,FY,FZ,MX,MY,MZ,L
13.6063420683,26027.4919,-4.17481397,-690.442444,-826267.886,1162279.58,-30386918.7,1360.63420683
