Displacement,FX,FY,FZ,MX,MY,MZ,L
13.231517784760001,0.278128021,0.000475815724,-0.00291860211,-3.33307367,292.235794,-315.271613,1323.1517784760001
