Displacement,FX,FY,FZ,MX,MY,MZ,L
15.0,-1.28746033e-05,0.11699295,0.13609843,52.7417199,-0.000278998826,-0.00353831734,1141.528729776
