Displacement,FX,FY,FZ,MX,MY,MZ,L
15.0,-7.5250864e-07,-1.43945217e-05,-9.99034382e-05,-0.0215676181,4.5287433e-05,0.000434680942,1360.63420683
