Displacement,FX,FY,FZ,MX,MY,MZ,L
12.079439433530002,36244.3136,-8.80047056,-675.139593,-775247.636,1621903.71,-37665672.8,1207.9439433530001
