Displacement,FX,FY,FZ,MX,MY,MZ,L
15.0,1.66594982e-05,0.128223181,0.0178669365,9.2855623,-1.03935352e-05,-0.0201276902,1243.685010427
