Displacement,FX,FY,FZ,MX,MY,MZ,L
15.0,-4.76837158e-05,0.0252380371,0.559748739,249.36443,0.000228152406,0.0137869241,1305.4988632529999
