Displacement,FX,FY,FZ,MX,MY,MZ,L
15.0,1.19209289e-07,-0.000225067139,0.00282885414,1.24274034,6.13586624e-07,0.000380376329,1314.512958828
