Displacement,FX,FY,FZ,MX,MY,MZ,L
15.0,3.83588485e-08,4.65661289e-07,1.22236094e-08,-4.51920177e-05,4.84753781e-06,-5.13192473e-05,1051.128022036
