Displacement,FX,FY,FZ,MX,MY,MZ,L
15.0,8.39233398e-05,0.607666016,6.59770203,2362.52145,0.00313628301,0.000933643896,1082.509144629
