Displacement,FX,FY,FZ,MX,MY,MZ,L
15.0,-5.35510485e-08,6.17057085e-05,8.03284929e-05,0.0366689942,-4.80794563e-06,4.2121393e-05,1112.654187734
