Displacement,FX,FY,FZ,MX,MY,MZ,L
15.0,1.5203841e-07,-4.86150381e-07,-3.12575139e-08,-6.9560084e-06,-6.74856666e-06,-8.43258823e-05,1169.0997999219999
