Displacement,FX,FY,FZ,MX,MY,MZ,L
15.0,-3.34251672e-06,0.000758230686,0.00172850117,0.595683005,-0.000153556337,0.00182847243,1097.738361015
