Displacement,FX,FY,FZ,MX,MY,MZ,L
0.0628,-4.23690033,-17.3505802,-0.549957275,334.010502,-2785.18339,1343.43463,1323.1517784760001
