Displacement,FX,FY,FZ,MX,MY,MZ,L
0.0628,-0.00697539374,-0.0270089116,-0.000598907471,0.616653143,4.95273052,-0.0614959303,1286.355244347
