Displacement,FX,FY,FZ,MX,MY,MZ,L
0.0628,-0.225510776,-0.902672827,-0.017036438,21.6375708,194.560891,-10.9807043,1276.231186255
