Displacement,FX,FY,FZ,MX,MY,MZ,L
15.0,5.19072637e-06,0.00413218141,0.00442010909,1.71948514,-0.000153507311,-0.00361953439,1254.8930234210002
