Displacement,FX,FY,FZ,MX,MY,MZ,L
15.0,-2.28174031e-07,0.00129087269,0.000852160389,0.290559104,-5.95865028e-06,0.000152919389,1127.252366515
