Displacement,FX,FY,FZ,MX,MY,MZ,L
0.0628,-0.00114888017,-0.00472882786,-7.78287649e-05,0.117287177,1.62462108,-0.20448748,1265.742781186
