Displacement,FX,FY,FZ,MX,MY,MZ,L
10.97738361015,0.0311455927,-9.28127059e-09,-0.000239216955,-0.241587506,22.8711578,-29.3576157,1097.738361015
