Displacement,FX,FY,FZ,MX,MY,MZ,L
11.55479201803,0.134504437,0.00025613296,-0.00180677185,-1.80840269,105.879166,-133.332439,1155.479201803
