Displacement,FX,FY,FZ,MX,MY,MZ,L
15.0,6.03497028e-07,0.000699520111,0.00193936611,0.796029261,2.48729302e-05,-0.00018937527,1169.0997999219999
