Displacement,FX,FY,FZ,MX,MY,MZ,L
13.39293832775,0.0798131128,-0.000254023507,-0.00127081003,-1.44359796,90.3494761,-91.5873376,1339.293832775
