Displacement,FX,FY,FZ,MX,MY,MZ,L
15.0,1.59780028e-08,1.23865904e-07,1.04191719e-08,2.2779117e-06,1.57927517e-06,-1.85286511e-05,1051.128022036
