Displacement,FX,FY,FZ,MX,MY,MZ,L
12.43685010427,0.182827941,-0.00356255888,-0.00286353735,-2.86888671,164.51381,-195.366471,1243.685010427
