Displacement,FX,FY,FZ,MX,MY,MZ,L
15.0,2.41026282e-06,0.000749111176,0.000311555341,0.115773314,6.25897473e-05,-0.000910285283,1051.128022036
