Displacement,FX,FY,FZ,MX,MY,MZ,L
15.0,5.41098416e-07,0.000194728374,0.000278384017,0.131427999,1.60751315e-05,-0.000431901966,1207.9439433530001
