Displacement,FX,FY,FZ,MX,MY,MZ,L
10.97738361015,0.0270377476,-1.19458417e-08,-0.0002051841,-0.209286515,19.8657664,-25.4855483,1097.738361015
