Displacement,FX,FY,FZ,MX,MY,MZ,L
15.0,-1.9557774e-08,-1.78813925e-07,6.75907359e-07,0.000290684831,1.27634842e-05,6.98660546e-05,1346.7924590819998
