Displacement,FX,FY,FZ,MX,MY,MZ,L
15.0,-3.87430191e-06,0.0021212101,0.0257209986,10.3409588,0.000270077988,-0.0095452558,1276.231186255
