Displacement,FX,FY,FZ,MX,MY,MZ,L
15.0,1.12690031e-07,-1.06170777e-07,-1.21362976e-08,-8.53252205e-06,6.56100744e-07,7.97081911e-06,1034.98507472
