Displacement,FX,FY,FZ,MX,MY,MZ,L
15.0,-5.569309e-07,0.000381946564,0.000512936153,0.203853566,-2.37944994e-05,0.00019507361,1097.738361015
