Displacement,FX,FY,FZ,MX,MY,MZ,L
11.55479201803,0.0261948673,-5.38843797e-09,-0.00021295785,-0.22116162,20.8072877,-25.9753339,1155.479201803
