Displacement,FX,FY,FZ,MX,MY,MZ,L
0.0628,-0.000989537919,-0.00454109232,-4.92036343e-05,0.120587501,2.23258489,-0.375028611,1243.685010427
