Displacement,FX,FY,FZ,MX,MY,MZ,L
15.0,3.49245965e-07,0.00711748004,0.00562140439,2.30020287,4.18915833e-05,-0.000158477084,1286.355244347
