Displacement,FX,FY,FZ,MX,MY,MZ,L
15.0,-0.000121116638,0.188781738,4.77369082,2216.49037,0.000761712423,0.149797359,1353.906594098
