Displacement,FX,FY,FZ,MX,MY,MZ,L
15.0,-1.01551414e-05,0.00321602821,0.0126694068,5.12925213,-0.000437880243,0.00988641246,1286.355244347
