Displacement,FX,FY,FZ,MX,MY,MZ,L
15.0,2.08121491e-07,1.90362334e-06,1.35652954e-07,7.17603362e-06,6.21157295e-06,-3.21816698e-05,1254.8930234210002
