Displacement,FX,FY,FZ,MX,MY,MZ,L
15.0,-1.77621841e-05,0.0725383759,0.134007275,47.4784085,2.30779643e-05,0.0131118612,1051.128022036
