Displacement,FX,FY,FZ,MX,MY,MZ,L
0.0628,-0.00583518483,-0.0223260848,-0.000559151173,0.486329965,2.35577611,0.383420902,1296.112065153
