Displacement,FX,FY,FZ,MX,MY,MZ,L
15.0,5.424954e-07,-1.32271089e-06,-3.13739296e-08,5.1800623e-06,2.16979595e-05,-0.000470345121,1305.4988632529999
