Displacement,FX,FY,FZ,MX,MY,MZ,L
15.0,1.52923167e-06,0.000720858574,0.00210076571,0.725114824,4.08894795e-05,-0.000910139432,1097.738361015
