Displacement,FX,FY,FZ,MX,MY,MZ,L
13.539065940979999,79.285917,-0.00525421455,-0.396066338,-456.545207,38857.3205,-91966.0002,1353.906594098
