Displacement,FX,FY,FZ,MX,MY,MZ,L
15.0,2.68965959e-06,-0.000269889832,0.00217540236,0.957280688,3.84668401e-05,-0.0023420143,1314.512958828
