Displacement,FX,FY,FZ,MX,MY,MZ,L
15.0,8.07456672e-07,0.000342726707,0.000370075461,0.138250751,1.54337725e-05,-0.000807876061,1034.98507472
