Displacement,FX,FY,FZ,MX,MY,MZ,L
13.669733766290001,0.692025721,0.000548400707,-0.00644338294,-7.56548439,779.567656,-810.099053,1366.973376629
