Displacement,FX,FY,FZ,MX,MY,MZ,L
0.0628,-2.51400375,-14.5882912,-0.0481872559,417.691126,6281.54588,-1113.6349,1220.207119082
