Displacement,FX,FY,FZ,MX,MY,MZ,L
12.43685010427,1.66046757,-0.000702728325,-0.014810747,-15.7461816,1409.20821,-1770.86459,1243.685010427
