Displacement,FX,FY,FZ,MX,MY,MZ,L
10.349850747200001,0.0600402467,-1.02857107e-08,-0.000449563842,-0.425947048,40.6047618,-53.3928157,1034.98507472
