Displacement,FX,FY,FZ,MX,MY,MZ,L
15.0,-3.44123691e-07,0.000883921981,0.000814781757,0.257831485,-1.52033875e-05,0.000430047475,1034.98507472
