Displacement,FX,FY,FZ,MX,MY,MZ,L
13.539065940979999,1393.4903,-0.639939997,-8.8196969,-10127.7594,250109.4,-1617604.2,1353.906594098
