Displacement,FX,FY,FZ,MX,MY,MZ,L
15.0,1.50315464e-06,0.000697612762,0.00161768682,0.542394503,-5.47001254e-05,-0.000962910799,1066.970886314
