Displacement,FX,FY,FZ,MX,MY,MZ,L
15.0,2.06753612e-07,-8.6426734e-07,5.68456017e-07,0.000308513725,-6.30839063e-06,-8.91584963e-05,1346.7924590819998
