Displacement,FX,FY,FZ,MX,MY,MZ,L
10.97738361015,83.9356203,-0.0936105088,-0.532366931,-497.13767,41925.3352,-79186.9624,1097.738361015
