Displacement,FX,FY,FZ,MX,MY,MZ,L
13.231517784760001,0.815207232,0.0004260285,-0.00760211237,-8.63363451,823.337004,-924.160443,1323.1517784760001
