Displacement,FX,FY,FZ,MX,MY,MZ,L
15.0,1.24424696e-06,9.29832459e-05,0.000328541966,0.133002468,1.74356541e-05,-0.000748738883,1265.742781186
