Displacement,FX,FY,FZ,MX,MY,MZ,L
12.548930234210001,1741.29618,-2.06595121,-12.4352331,-13629.6874,348644.828,-1878175.77,1254.8930234210002
