Displacement,FX,FY,FZ,MX,MY,MZ,L
15.0,-3.57627869e-06,0.123886108,2.98882598,1393.61,-0.0015265232,0.00233999096,1353.906594098
