Displacement,FX,FY,FZ,MX,MY,MZ,L
0.0628,-0.00112140924,-0.0922926515,0.00130057335,2.97068098,93.6880995,-21.8402021,1127.252366515
