Displacement,FX,FY,FZ,MX,MY,MZ,L
13.6063420683,75.9824388,-0.00369571221,-0.374034151,-433.415543,36441.8708,-88562.521,1360.63420683
