Displacement,FX,FY,FZ,MX,MY,MZ,L
13.231517784760001,0.605834974,0.000464827589,-0.00579940854,-6.59453462,619.886245,-686.792285,1323.1517784760001
