Displacement,FX,FY,FZ,MX,MY,MZ,L
15.0,-3.42028215e-07,0.00016477704,0.000218213419,0.0891880483,-1.60431824e-05,0.000124339513,1097.738361015
