Displacement,FX,FY,FZ,MX,MY,MZ,L
13.054988632529998,0.226374727,-0.000112456343,-0.00264207227,-2.94880533,229.157478,-253.267397,1305.4988632529999
