Displacement,FX,FY,FZ,MX,MY,MZ,L
12.20207119082,0.466630992,-0.00296934882,-0.00523442752,-5.32699104,396.854269,-488.693022,1220.207119082
