Displacement,FX,FY,FZ,MX,MY,MZ,L
0.0628,683.223633,-4540.80908,151.515625,156303.405,2779861.4,-549247.005,1082.509144629
