Displacement,FX,FY,FZ,MX,MY,MZ,L
0.0628,-0.00400159042,-0.0159154134,-0.000536859035,0.292449662,-2.13057224,1.18984805,1323.1517784760001
