Displacement,FX,FY,FZ,MX,MY,MZ,L
0.0628,-0.00215021148,-0.0180452634,5.49852848e-05,0.543509826,14.7428952,-3.15240094,1182.386635632
