Displacement,FX,FY,FZ,MX,MY,MZ,L
0.0628,-0.00279261312,-0.0106927436,-0.000267624855,0.233113473,1.15312814,0.177599823,1296.112065153
