Displacement,FX,FY,FZ,MX,MY,MZ,L
15.0,-4.76837158e-06,0.119567871,2.80046499,1282.54327,-0.00186209419,-0.00435976352,1339.293832775
