Displacement,FX,FY,FZ,MX,MY,MZ,L
15.0,-3.09664756e-08,-1.33737922e-06,4.22005544e-08,1.80596393e-05,6.62463063e-06,2.8552077e-05,1127.252366515
