Displacement,FX,FY,FZ,MX,MY,MZ,L
0.0628,-3.87985229,-16.0973239,-0.278808594,394.33766,2120.43371,81.8913565,1276.231186255
