Displacement,FX,FY,FZ,MX,MY,MZ,L
13.539065940979999,0.163566886,0.000538564822,-0.00178373116,-2.09748334,190.573064,-189.646133,1353.906594098
