Displacement,FX,FY,FZ,MX,MY,MZ,L
15.0,-6.8628727e-16,-0.00981140137,0.21528101,97.2036634,0.0018266873,0.0165907126,1331.4128559350002
