Displacement,FX,FY,FZ,MX,MY,MZ,L
15.0,1.83582306e-05,0.0134124756,0.277194321,120.021219,-0.001098913,-0.0177637673,1276.231186255
