Displacement,FX,FY,FZ,MX,MY,MZ,L
0.0628,-0.009176597,-0.135953873,0.00118112564,4.25059274,123.21219,-27.6373483,1155.479201803
