Displacement,FX,FY,FZ,MX,MY,MZ,L
15.0,-8.81846064e-08,-1.34110454e-07,-1.61962819e-08,-1.26431933e-05,4.24464551e-06,-4.5931907e-06,1034.98507472
