Displacement,FX,FY,FZ,MX,MY,MZ,L
15.0,-2.87294388e-05,0.0825805664,2.16946244,986.672931,-0.00316486449,0.0359459078,1331.4128559350002
