Displacement,FX,FY,FZ,MX,MY,MZ,L
0.0628,-0.00832868624,-0.0330238305,-0.000637888908,0.786954494,8.57668099,-0.716841755,1276.231186255
