Displacement,FX,FY,FZ,MX,MY,MZ,L
15.0,7.97212124e-06,0.011018157,0.0089013502,3.97159642,0.000140871091,-0.00558629523,1314.512958828
