Displacement,FX,FY,FZ,MX,MY,MZ,L
15.0,-6.61239028e-07,-1.31130219e-06,5.46406955e-06,0.00255301044,-1.36811573e-05,0.000749681936,1360.63420683
