Displacement,FX,FY,FZ,MX,MY,MZ,L
12.321219419559998,0.147547284,-0.00250929433,-0.00241719908,-2.42560082,130.522461,-156.18719,1232.1219419559998
