Displacement,FX,FY,FZ,MX,MY,MZ,L
15.0,1.13947317e-06,1.80676581e-06,1.25102816e-07,-1.80663893e-05,-5.33939063e-06,-0.000564443949,1243.685010427
