Displacement,FX,FY,FZ,MX,MY,MZ,L
12.20207119082,0.0995908396,0.000524560019,-0.00142095838,-1.51600869,86.5685953,-104.155676,1220.207119082
