Displacement,FX,FY,FZ,MX,MY,MZ,L
15.0,-1.44238584e-07,-2.75671484e-07,2.44472134e-09,-8.92459033e-06,1.14978338e-05,9.33014628e-05,1066.970886314
