Displacement,FX,FY,FZ,MX,MY,MZ,L
15.0,3.15904617e-06,0.00214385986,0.0012108013,0.294261491,-0.000461922454,-0.00404638555,1097.738361015
