Displacement,FX,FY,FZ,MX,MY,MZ,L
0.0628,0.029743731,-0.375170916,0.00839948654,12.4869554,417.928334,-102.048996,1082.509144629
