Displacement,FX,FY,FZ,MX,MY,MZ,L
15.0,-1.18976458e-07,1.26063824e-05,6.94198534e-05,0.0270665997,-4.4085093e-06,2.11985776e-05,1232.1219419559998
