Displacement,FX,FY,FZ,MX,MY,MZ,L
15.0,3.26195732e-07,0.000175192952,0.000218485191,0.0878867236,8.18348616e-06,-0.000247614573,1082.509144629
