Displacement,FX,FY,FZ,MX,MY,MZ,L
0.0628,-0.000803839881,-0.00486965748,-0.00023599714,0.0577488334,-2.58090684,0.800491094,1360.63420683
