Displacement,FX,FY,FZ,MX,MY,MZ,L
10.97738361015,0.692509932,0.00143940539,-0.00536147854,-5.13449102,493.254195,-652.542881,1097.738361015
