Displacement,FX,FY,FZ,MX,MY,MZ,L
0.0628,-0.00115702138,-0.00449534156,-0.000138200819,0.0881375132,-0.23214977,0.248320452,1314.512958828
