Displacement,FX,FY,FZ,MX,MY,MZ,L
15.0,-1.07288361e-06,-0.00780963898,0.0350407641,16.1964503,-6.13137823e-06,8.76664314e-05,1353.906594098
