Displacement,FX,FY,FZ,MX,MY,MZ,L
11.95335915728,1.12091223,-0.00139205872,-0.0104077156,-10.6006721,898.632959,-1149.60255,1195.335915728
