Displacement,FX,FY,FZ,MX,MY,MZ,L
15.0,-5.00679016e-06,0.0016002655,0.000389888883,0.0861568998,2.7686928e-05,0.00328014179,1082.509144629
