Displacement,FX,FY,FZ,MX,MY,MZ,L
0.0628,-0.0012128275,-0.00481851399,-9.29534435e-05,0.114944679,1.28599846,-0.112857654,1276.231186255
