Displacement,FX,FY,FZ,MX,MY,MZ,L
15.0,1.32422428e-08,8.3819033e-08,4.03088058e-08,1.31739051e-05,1.63462456e-06,-2.1462463e-05,1051.128022036
