Displacement,FX,FY,FZ,MX,MY,MZ,L
0.0628,0.000777198002,-0.00445456593,0.000134006143,0.151008364,5.70468741,-1.43970645,1034.98507472
