Displacement,FX,FY,FZ,MX,MY,MZ,L
0.0628,-0.0186142549,-0.199559748,0.00119781494,6.13562919,168.302662,-36.8753785,1169.0997999219999
