Displacement,FX,FY,FZ,MX,MY,MZ,L
15.0,6.58258796e-06,-0.00061416626,0.00878485665,3.93772931,-0.000159305034,-0.0038703527,1331.4128559350002
