Displacement,FX,FY,FZ,MX,MY,MZ,L
12.65742781186,0.368923526,-0.000808847512,-0.00407077326,-4.37360217,340.429259,-400.405114,1265.742781186
