Displacement,FX,FY,FZ,MX,MY,MZ,L
11.272523665149999,0.0729890335,0.00166328064,-0.000628331443,-0.699153361,55.3784316,-70.3814904,1127.252366515
