Displacement,FX,FY,FZ,MX,MY,MZ,L
12.43685010427,19.134137,-0.00474233832,-0.138141789,-146.795432,13486.0246,-20408.9657,1243.685010427
