Displacement,FX,FY,FZ,MX,MY,MZ,L
15.0,-4.48897481e-07,-2.0712614e-06,-3.75814852e-06,-0.00160407528,-4.13574074e-06,0.000274351424,1346.7924590819998
