Displacement,FX,FY,FZ,MX,MY,MZ,L
0.0628,-1.13776839,-5.84924555,-0.0394973755,162.052881,2442.59546,-408.078919,1232.1219419559998
