Displacement,FX,FY,FZ,MX,MY,MZ,L
15.0,-1.57568138e-07,5.40167083e-07,6.36500782e-08,1.22682357e-05,-3.6200986e-06,9.94118004e-07,1066.970886314
