Displacement,FX,FY,FZ,MX,MY,MZ,L
15.0,-4.76837158e-07,-0.00204658508,0.0270592347,12.3330161,-2.81384163e-05,-0.000445148461,1346.7924590819998
