Displacement,FX,FY,FZ,MX,MY,MZ,L
15.0,2.02655792e-06,-0.000154495239,-0.000994764268,-0.321823596,0.000119375617,-0.00179588769,1360.63420683
