Displacement,FX,FY,FZ,MX,MY,MZ,L
15.0,5.30853868e-07,1.66893005e-06,5.46174124e-06,0.0028101377,-1.89641921e-06,-0.000178501951,1360.63420683
