Displacement,FX,FY,FZ,MX,MY,MZ,L
12.65742781186,0.28888623,-0.00156275662,-0.00350403262,-3.71929216,268.045093,-313.633268,1265.742781186
