Displacement,FX,FY,FZ,MX,MY,MZ,L
10.51128022036,0.134997453,0.00122924578,-0.00147234194,-1.39761336,92.7318793,-121.691041,1051.128022036
