Displacement,FX,FY,FZ,MX,MY,MZ,L
11.126541877340001,0.102505905,0.00155042509,-0.00105352094,-1.08944564,76.212687,-97.6814067,1112.654187734
