Displacement,FX,FY,FZ,MX,MY,MZ,L
15.0,-4.76371497e-07,-1.03563071e-06,-8.26330506e-07,-0.000417552886,-2.14773348e-05,0.000497188095,1339.293832775
