Displacement,FX,FY,FZ,MX,MY,MZ,L
0.0628,-0.00091010984,-0.00481219502,-0.000218823552,0.0637351915,-2.18059661,0.708884216,1353.906594098
