Displacement,FX,FY,FZ,MX,MY,MZ,L
0.0628,-0.0471077263,-0.180471536,-0.00501990318,3.74066083,2.81727761,7.01267787,1305.4988632529999
