Displacement,FX,FY,FZ,MX,MY,MZ,L
13.669733766290001,1274.67522,-0.351374522,-7.71179676,-8939.77859,218663.492,-1493371.95,1366.973376629
