Displacement,FX,FY,FZ,MX,MY,MZ,L
11.82386635632,0.139900488,-0.00104936726,-0.00212512609,-2.10634983,114.489651,-142.051268,1182.386635632
