Displacement,FX,FY,FZ,MX,MY,MZ,L
0.0628,0.00174017623,-0.0370956585,0.000720381737,1.22139013,41.4783489,-9.97260514,1097.738361015
