Displacement,FX,FY,FZ,MX,MY,MZ,L
13.39293832775,0.783549952,0.000505559774,-0.00728761498,-8.38081411,822.155317,-898.951587,1339.293832775
