Displacement,FX,FY,FZ,MX,MY,MZ,L
15.0,-1.3271347e-08,0.000190272927,0.000272822974,0.112065122,-5.46268636e-06,0.00018343446,1112.654187734
