Displacement,FX,FY,FZ,MX,MY,MZ,L
15.0,-2.99420207e-07,0.000109598041,0.000158800802,0.0738799928,-5.4665424e-06,0.000156606246,1169.0997999219999
