Displacement,FX,FY,FZ,MX,MY,MZ,L
15.0,-2.14576721e-05,0.020614624,0.440197051,194.32873,-0.00184521253,-0.0109666741,1296.112065153
