Displacement,FX,FY,FZ,MX,MY,MZ,L
15.0,-5.96046448e-06,0.00510025024,0.0628065467,26.1080583,-0.000433155193,0.00986087661,1232.1219419559998
