Displacement,FX,FY,FZ,MX,MY,MZ,L
15.0,-1.47614628e-07,-8.9034438e-07,-1.40862537e-08,-6.77608865e-05,-1.64646122e-05,8.59844221e-05,1141.528729776
