Displacement,FX,FY,FZ,MX,MY,MZ,L
15.0,3.59863043e-06,0.0404376984,0.0252737552,10.0887189,0.000230972817,0.000625482391,1127.252366515
