Displacement,FX,FY,FZ,MX,MY,MZ,L
15.0,-2.79396766e-09,3.4250319e-05,3.82371363e-05,0.0179826138,1.86147998e-07,-6.82729412e-06,1082.509144629
