Displacement,FX,FY,FZ,MX,MY,MZ,L
10.97738361015,33.732433,-0.0291184845,-0.232933286,-218.02212,19325.7847,-31810.9219,1097.738361015
