Displacement,FX,FY,FZ,MX,MY,MZ,L
12.079439433530002,0.278160451,-0.00154086464,-0.0034008418,-3.44767436,234.277371,-288.393894,1207.9439433530001
