Displacement,FX,FY,FZ,MX,MY,MZ,L
15.0,-1.8440187e-07,-0.000398993492,0.0017571788,0.776699752,2.37228035e-05,-9.92150352e-05,1314.512958828
