Displacement,FX,FY,FZ,MX,MY,MZ,L
0.0628,-0.00108061644,-0.00658307504,-1.63167715e-05,0.189835549,4.58697671,-0.918673499,1207.9439433530001
