Displacement,FX,FY,FZ,MX,MY,MZ,L
15.0,-2.4959445e-07,-0.000170707703,0.00120503805,0.525004759,-4.96523794e-06,-0.000266875329,1305.4988632529999
