Displacement,FX,FY,FZ,MX,MY,MZ,L
0.0628,-0.0920739174,-0.649272568,-0.0335512161,6.76122663,-340.073028,105.586513,1366.973376629
