Displacement,FX,FY,FZ,MX,MY,MZ,L
15.0,2.38709618e-07,-7.41332771e-07,5.82076599e-09,5.06838743e-06,1.31242689e-05,-0.000154758913,1296.112065153
