Displacement,FX,FY,FZ,MX,MY,MZ,L
15.0,5.19677997e-07,0.000472187996,0.000968236243,0.399561475,-5.80223598e-05,-0.000160703522,1155.479201803
