Displacement,FX,FY,FZ,MX,MY,MZ,L
0.0628,-0.451160431,-5.17837811,0.0367126465,160.514633,3686.19459,-802.147626,1169.0997999219999
