Displacement,FX,FY,FZ,MX,MY,MZ,L
15.0,4.29153442e-06,-0.00746154785,0.147456884,62.8653455,-0.00360405822,-0.0111389947,1305.4988632529999
