Displacement,FX,FY,FZ,MX,MY,MZ,L
15.0,-2.02655792e-06,-0.000863075256,0.00596186891,2.67887486,7.78693184e-05,0.000977105821,1331.4128559350002
