Displacement,FX,FY,FZ,MX,MY,MZ,L
13.669733766290001,0.190386677,0.000532380856,-0.00199614296,-2.36496536,230.405108,-222.849013,1366.973376629
