Displacement,FX,FY,FZ,MX,MY,MZ,L
15.0,6.91413879e-06,0.0131759644,0.255682975,113.235905,0.00145452234,-0.00640571291,1296.112065153
