Displacement,FX,FY,FZ,MX,MY,MZ,L
0.0628,-0.260195494,-1.82119872,-0.0937347412,19.2756714,-901.090944,283.191167,1366.973376629
