Displacement,FX,FY,FZ,MX,MY,MZ,L
0.0628,-0.00358057441,-0.0194468843,-0.000102251768,0.546676965,12.1663238,-2.32715838,1220.207119082
