Displacement,FX,FY,FZ,MX,MY,MZ,L
15.0,6.43730164e-06,0.00382232666,-0.00885185599,-3.98224755,0.00116317264,0.00230844531,1082.509144629
