Displacement,FX,FY,FZ,MX,MY,MZ,L
15.0,-5.7220459e-06,0.0044631958,0.0421706438,19.0712312,-0.000353225791,-0.00259933341,1331.4128559350002
