Displacement,FX,FY,FZ,MX,MY,MZ,L
15.0,-1.23977661e-05,0.0214033127,0.0157397185,8.99632926,-0.000192002397,0.0101599689,1346.7924590819998
