Displacement,FX,FY,FZ,MX,MY,MZ,L
15.0,-1.51619315e-06,0.000731945038,0.00327551481,1.42022202,-3.53342876e-05,0.00159571087,1232.1219419559998
