Displacement,FX,FY,FZ,MX,MY,MZ,L
0.0628,-0.00141880661,-0.0102581534,-0.000529170036,0.10637698,-6.15773974,1.84690556,1366.973376629
