Displacement,FX,FY,FZ,MX,MY,MZ,L
15.0,-2.31713057e-06,-0.000208377838,0.00254589412,1.11857367,0.000107867058,0.00138102666,1314.512958828
