Displacement,FX,FY,FZ,MX,MY,MZ,L
15.0,-6.7404471e-08,-3.72529012e-08,-4.09381753e-08,4.23118108e-05,-8.6671083e-06,7.95586264e-05,1232.1219419559998
