Displacement,FX,FY,FZ,MX,MY,MZ,L
15.0,6.519258e-08,0.0012768507,0.00107728713,0.376194314,-2.54963797e-05,0.000472053589,1141.528729776
