Displacement,FX,FY,FZ,MX,MY,MZ,L
10.669708863139999,31913.3064,-8.99131392,-416.796927,-435478.063,1376275.34,-29336449.4,1066.970886314
