Displacement,FX,FY,FZ,MX,MY,MZ,L
11.272523665149999,1.01215074,-0.00662775279,-0.00995147508,-9.32305459,743.453848,-980.381621,1127.252366515
