Displacement,FX,FY,FZ,MX,MY,MZ,L
13.14512958828,0.614623528,0.000433377532,-0.00589265866,-6.65560755,616.445228,-692.268453,1314.512958828
