Displacement,FX,FY,FZ,MX,MY,MZ,L
0.0628,-0.0993661284,-0.38591674,-0.0118179321,7.57413064,-25.1853852,22.4367804,1314.512958828
