Displacement,FX,FY,FZ,MX,MY,MZ,L
15.0,-6.74044715e-08,-2.53319738e-07,-1.93831513e-08,7.51054299e-05,3.82950835e-06,0.000157128726,1112.654187734
