Displacement,FX,FY,FZ,MX,MY,MZ,L
15.0,-2.49943696e-07,-4.24683097e-07,-1.21770426e-07,-0.000119023851,-4.34625039e-06,0.000219614911,1097.738361015
