Displacement,FX,FY,FZ,MX,MY,MZ,L
11.82386635632,9.78963119,-0.00507513894,-0.0758232074,-76.5849561,6925.22083,-9932.66347,1182.386635632
