Displacement,FX,FY,FZ,MX,MY,MZ,L
15.0,-2.67475843e-06,0.00619268417,-0.00343984552,0.18909318,9.76278436e-06,0.00207396274,1366.973376629
