Displacement,FX,FY,FZ,MX,MY,MZ,L
0.0628,-0.00349010155,-0.0165779144,-0.000706255436,0.240978341,-6.16871057,2.14386354,1346.7924590819998
