Displacement,FX,FY,FZ,MX,MY,MZ,L
0.0628,-0.99533844,-42.3748817,0.606506348,1371.18442,28280.2775,-6441.93247,1141.528729776
