Displacement,FX,FY,FZ,MX,MY,MZ,L
15.0,-2.22818927e-07,0.000120714307,0.000164279278,0.0776480787,2.70800007e-06,0.000126270434,1182.386635632
