Displacement,FX,FY,FZ,MX,MY,MZ,L
12.96112065153,0.0386900784,0.00113584558,-0.000413063448,-0.521848865,39.1512418,-42.8722172,1296.112065153
