Displacement,FX,FY,FZ,MX,MY,MZ,L
15.0,2.0980835e-05,0.0238037109,0.409335613,168.877679,-0.00188763406,-0.0206877189,1276.231186255
