Displacement,FX,FY,FZ,MX,MY,MZ,L
15.0,4.39584256e-07,5.84125519e-05,-0.000145225087,-0.0299717867,3.31951458e-05,-6.65410275e-05,1360.63420683
