Displacement,FX,FY,FZ,MX,MY,MZ,L
0.0628,-0.304037809,-1.80276836,-0.0871334076,21.6720114,-803.00189,260.666924,1360.63420683
