Displacement,FX,FY,FZ,MX,MY,MZ,L
15.0,1.78068876e-06,0.000679731369,0.00310351932,1.33056066,-2.56102002e-05,-0.000859401213,1220.207119082
