Displacement,FX,FY,FZ,MX,MY,MZ,L
0.0628,-0.00131164771,-0.00522914331,-0.000175982714,0.096349894,-0.695262417,0.3893377,1323.1517784760001
