Displacement,FX,FY,FZ,MX,MY,MZ,L
15.0,-2.74181366e-05,0.0214233398,0.425453618,191.707356,0.000537177393,0.0321862117,1314.512958828
