Displacement,FX,FY,FZ,MX,MY,MZ,L
0.0628,-1.22246075,-7.23894286,-0.344848633,90.1193711,-3031.40519,990.767198,1360.63420683
