Displacement,FX,FY,FZ,MX,MY,MZ,L
15.0,-1.78813934e-07,0.000367343426,0.000619115308,0.255495294,6.24281702e-06,5.6999348e-05,1141.528729776
