Displacement,FX,FY,FZ,MX,MY,MZ,L
0.0628,-898.488281,-5754.41309,-46.875,166149.641,-3592214.03,586490.048,1314.512958828
