Displacement,FX,FY,FZ,MX,MY,MZ,L
15.0,3.19480896e-05,0.00921630859,0.175889254,74.6155007,0.00029801527,-0.0325894609,1254.8930234210002
