Displacement,FX,FY,FZ,MX,MY,MZ,L
0.0628,-12.6350365,-54.2466406,-0.861572266,1355.87203,5000.93289,671.790098,1276.231186255
