Displacement,FX,FY,FZ,MX,MY,MZ,L
15.0,1.07288361e-06,0.00357055664,0.0457822084,20.1068282,-8.52025384e-05,-0.00262336739,1276.231186255
