Displacement,FX,FY,FZ,MX,MY,MZ,L
15.0,-1.36904419e-07,0.000211089849,0.000416959752,0.175638431,5.54390884e-06,9.17520012e-05,1155.479201803
