Displacement,FX,FY,FZ,MX,MY,MZ,L
15.0,1.35600567e-06,0.0259375572,-0.00843851268,0.491168297,3.02905758e-05,-0.00204092361,1366.973376629
