Displacement,FX,FY,FZ,MX,MY,MZ,L
15.0,-1.20848417e-05,0.00161838531,0.00869749859,3.55413275,-0.000470566663,0.00805305607,1195.335915728
