Displacement,FX,FY,FZ,MX,MY,MZ,L
15.0,-1.52587891e-05,-0.00732421875,-1.43848228,-539.79704,-0.00454469095,-0.0691369195,1034.98507472
