Displacement,FX,FY,FZ,MX,MY,MZ,L
15.0,8.88109207e-06,0.141805649,0.0453269659,20.0587435,0.00101798452,-0.00312694908,1220.207119082
