Displacement,FX,FY,FZ,MX,MY,MZ,L
11.690997999219999,0.137297263,-0.000932588617,-0.00207952628,-2.04328927,110.250018,-137.850133,1169.0997999219999
