Displacement,FX,FY,FZ,MX,MY,MZ,L
10.825091446290001,0.671434045,0.000914431699,-0.00494572101,-4.65778502,469.412249,-624.074537,1082.509144629
