Displacement,FX,FY,FZ,MX,MY,MZ,L
0.0628,0.000656742603,-0.00464026886,0.000127293169,0.156490475,5.79034811,-1.44544059,1051.128022036
