Displacement,FX,FY,FZ,MX,MY,MZ,L
13.14512958828,0.0440171013,0.000729106512,-0.000698431279,-0.82732884,46.6759752,-49.5171883,1314.512958828
