Displacement,FX,FY,FZ,MX,MY,MZ,L
13.6063420683,3.06860552,0.000618179645,-0.0248282962,-28.9295894,2964.40121,-3575.93715,1360.63420683
