Displacement,FX,FY,FZ,MX,MY,MZ,L
15.0,-4.58210707e-07,-1.93715096e-06,-1.91456638e-06,-0.000823323974,-4.4336719e-06,7.88624058e-05,1339.293832775
