Displacement,FX,FY,FZ,MX,MY,MZ,L
0.0628,-0.151694477,-1.31365645,0.00485610962,39.7637862,954.727855,-202.654516,1182.386635632
