Displacement,FX,FY,FZ,MX,MY,MZ,L
15.0,4.47034843e-08,0.00349080563,0.00953385606,3.89737294,5.47848489e-05,0.000755157081,1286.355244347
