Displacement,FX,FY,FZ,MX,MY,MZ,L
15.0,1.2665987e-07,-3.55243683e-05,0.000520734116,0.220221196,-6.83879621e-06,-0.000241348461,1286.355244347
