Displacement,FX,FY,FZ,MX,MY,MZ,L
0.0628,-0.147898629,-0.81526792,-0.00390529633,23.0106016,457.599274,-85.8326645,1220.207119082
