Displacement,FX,FY,FZ,MX,MY,MZ,L
13.539065940979999,27232.4075,-4.28919177,-731.556365,-875669.518,1209500.43,-31642368.2,1353.906594098
