Displacement,FX,FY,FZ,MX,MY,MZ,L
15.0,1.99303031e-07,0.000359833241,0.000459633069,0.180186323,1.26700044e-05,8.81720842e-05,1082.509144629
