Displacement,FX,FY,FZ,MX,MY,MZ,L
12.079439433530002,0.0983595743,0.000598039066,-0.00139553721,-1.47869593,83.8423375,-101.832798,1207.9439433530001
