Displacement,FX,FY,FZ,MX,MY,MZ,L
15.0,2.08988786e-06,-6.05583191e-05,0.000932952389,0.399069284,4.69882911e-05,-0.00104064171,1296.112065153
