Displacement,FX,FY,FZ,MX,MY,MZ,L
0.0628,0.000574247912,-0.0123168202,0.000238731503,0.405445866,13.8870159,-3.3382807,1097.738361015
