Displacement,FX,FY,FZ,MX,MY,MZ,L
15.0,-1.97440385e-07,-6.40749933e-07,-8.33053491e-07,-0.000361927784,2.06256622e-07,0.000264030492,1339.293832775
