Displacement,FX,FY,FZ,MX,MY,MZ,L
12.321219419559998,0.038038927,-1.08851703e-09,-0.000334898476,-0.358138447,33.9652497,-40.1932203,1232.1219419559998
