Displacement,FX,FY,FZ,MX,MY,MZ,L
0.0628,0.000728191808,-0.00666926801,0.000165097415,0.223432198,8.07352095,-1.99192924,1066.970886314
