Displacement,FX,FY,FZ,MX,MY,MZ,L
15.0,7.28107989e-06,0.00870031118,0.00617288239,2.58347569,-1.04578986e-05,-0.00381971885,1296.112065153
