Displacement,FX,FY,FZ,MX,MY,MZ,L
0.0628,0.000576127321,-0.00330148754,9.94205475e-05,0.11195236,4.23282732,-1.06829046,1034.98507472
