Displacement,FX,FY,FZ,MX,MY,MZ,L
0.0628,0.00881785154,-0.0802970231,0.0019929409,2.69021845,95.29022,-23.529847,1066.970886314
