Displacement,FX,FY,FZ,MX,MY,MZ,L
0.0628,-0.000837348402,-0.0203807559,0.000229805708,0.646625404,20.0319691,-4.58635277,1141.528729776
