Displacement,FX,FY,FZ,MX,MY,MZ,L
15.0,1.04308128e-07,0.00218054652,0.00225128687,0.854403541,-0.000152339719,0.000199262878,1232.1219419559998
