Displacement,FX,FY,FZ,MX,MY,MZ,L
13.467924590819997,0.333771882,0.000559394517,-0.00334339542,-3.885102,371.319811,-385.018633,1346.7924590819998
