Displacement,FX,FY,FZ,MX,MY,MZ,L
15.0,-3.15904617e-06,0.00268745422,0.0281981118,12.144295,-0.000183159807,0.00133216068,1254.8930234210002
