Displacement,FX,FY,FZ,MX,MY,MZ,L
15.0,-3.81469727e-06,0.213012695,5.37634087,2454.44943,0.00160719335,0.00740369293,1339.293832775
