Displacement,FX,FY,FZ,MX,MY,MZ,L
0.0628,-0.010261327,-0.0616080621,-0.00299847126,0.723963754,-31.4760228,9.87263534,1360.63420683
