Displacement,FX,FY,FZ,MX,MY,MZ,L
15.0,-4.09781933e-06,-0.00040435791,0.00565512106,2.51062825,-5.40021704e-05,0.00241301178,1323.1517784760001
