Displacement,FX,FY,FZ,MX,MY,MZ,L
15.0,-1.07288361e-06,2.83718109e-05,0.00074874633,0.312807181,-7.61923777e-06,0.000568897969,1286.355244347
