Displacement,FX,FY,FZ,MX,MY,MZ,L
11.272523665149999,0.0873088473,0.00163794541,-0.000816949178,-0.879148167,66.2054964,-84.241016,1127.252366515
