Displacement,FX,FY,FZ,MX,MY,MZ,L
15.0,0.000183105469,0.0209960938,-1.3539238,-519.906696,0.00749030914,-0.199571413,1051.128022036
