Displacement,FX,FY,FZ,MX,MY,MZ,L
13.6063420683,4.87713764,0.00061723518,-0.0373300258,-43.4728992,4419.9879,-5683.55441,1360.63420683
