Displacement,FX,FY,FZ,MX,MY,MZ,L
0.0628,-0.00139391702,-0.00689764495,-5.55291772e-05,0.188678712,3.87387316,-0.701471628,1232.1219419559998
