Displacement,FX,FY,FZ,MX,MY,MZ,L
13.14512958828,92.219799,-0.018517268,-0.501258045,-560.420959,48194.7665,-103917.073,1314.512958828
