Displacement,FX,FY,FZ,MX,MY,MZ,L
13.39293832775,0.114983337,0.00012228463,-0.00150819088,-1.73669328,129.157925,-131.912588,1339.293832775
