Displacement,FX,FY,FZ,MX,MY,MZ,L
15.0,2.09547573e-08,-0.00164112449,0.00477687811,2.16366694,-4.45368373e-06,4.71156337e-05,1331.4128559350002
