Displacement,FX,FY,FZ,MX,MY,MZ,L
0.0628,28.6879883,-208.089615,6.20678711,7130.1765,155923.877,-38534.0848,1066.970886314
