Displacement,FX,FY,FZ,MX,MY,MZ,L
10.669708863139999,0.279958624,-0.00235276121,-0.00107698562,-0.914465606,194.080749,-256.978617,1066.970886314
