Displacement,FX,FY,FZ,MX,MY,MZ,L
15.0,4.17232513e-06,0.28793335,1.11615419,411.38321,0.000333210844,0.0247374433,1112.654187734
