Displacement,FX,FY,FZ,MX,MY,MZ,L
0.0628,-0.00311728206,-0.0189900761,-4.69982624e-05,0.547504918,13.1397522,-2.62845142,1207.9439433530001
