Displacement,FX,FY,FZ,MX,MY,MZ,L
15.0,-4.08291817e-06,-0.0030708313,0.0644980371,29.5808966,-0.000380477885,0.00233517835,1353.906594098
