Displacement,FX,FY,FZ,MX,MY,MZ,L
15.0,1.87754631e-06,-0.0397062302,0.174654434,81.9334189,0.000198601818,-0.000797746328,1366.973376629
