Displacement,FX,FY,FZ,MX,MY,MZ,L
15.0,-1.90921127e-07,7.23674893e-05,8.59784486e-05,0.0412595269,-9.54697869e-06,0.000143401861,1155.479201803
