Displacement,FX,FY,FZ,MX,MY,MZ,L
15.0,5.81741333e-05,0.222427368,0.310242027,121.029147,-0.000563992926,-0.0317142418,1169.0997999219999
