Displacement,FX,FY,FZ,MX,MY,MZ,L
0.0628,-0.0945574567,-0.367715389,-0.00806617737,8.42434656,58.5167916,1.09000985,1286.355244347
