Displacement,FX,FY,FZ,MX,MY,MZ,L
15.0,-1.31130219e-05,0.152984619,0.121062934,48.9126618,-0.0008681726,-0.000957247874,1182.386635632
