Displacement,FX,FY,FZ,MX,MY,MZ,L
13.669733766290001,29.7057701,-4.15652872e-05,-0.167645615,-195.65227,18067.9727,-34779.0888,1366.973376629
