Displacement,FX,FY,FZ,MX,MY,MZ,L
15.0,1.01185709e-16,1.75976563,13.6410332,6131.96282,-0.000278890766,-6.8545343e-07,1339.293832775
