Displacement,FX,FY,FZ,MX,MY,MZ,L
0.0628,-0.00140657602,-0.00619135099,-0.000244922936,0.0984248037,-1.82409936,0.691794163,1339.293832775
