Displacement,FX,FY,FZ,MX,MY,MZ,L
15.0,4.93600965e-07,0.00165590644,0.000933989009,0.32879087,2.24487069e-05,-0.000411079018,1169.0997999219999
