Displacement,FX,FY,FZ,MX,MY,MZ,L
15.0,-3.52039934e-07,-0.000140309334,0.000672825496,0.290537534,2.53407036e-06,0.00034380417,1296.112065153
