Displacement,FX,FY,FZ,MX,MY,MZ,L
15.0,3.2056123e-06,0.00120380521,0.00104341446,0.359395667,8.99059265e-05,-0.00172599095,1127.252366515
