Displacement,FX,FY,FZ,MX,MY,MZ,L
10.51128022036,0.0244662121,-1.12332792e-08,-0.000170589949,-0.175223351,16.9479463,-22.0927282,1051.128022036
