Displacement,FX,FY,FZ,MX,MY,MZ,L
10.669708863139999,79.1573204,-0.0970995387,-0.502782285,-456.398999,38755.0946,-72610.2719,1066.970886314
