Displacement,FX,FY,FZ,MX,MY,MZ,L
10.51128022036,0.0281839044,-1.258472e-08,-0.000200329261,-0.202572811,19.5132655,-25.4498376,1051.128022036
