Displacement,FX,FY,FZ,MX,MY,MZ,L
15.0,1.04308128e-05,-0.000797271729,-0.00125478208,-0.430342153,0.000128219074,-0.0117114332,1360.63420683
