Displacement,FX,FY,FZ,MX,MY,MZ,L
0.0628,-27.8734741,-269.301025,1.69628906,8338.11364,103312.506,-19539.9932,1195.335915728
