Displacement,FX,FY,FZ,MX,MY,MZ,L
15.0,-0.00012588501,-0.00040435791,0.0844836235,38.3729599,-0.00157533803,0.142830184,1331.4128559350002
