Displacement,FX,FY,FZ,MX,MY,MZ,L
15.0,-4.57838178e-06,0.00310349464,0.00386286504,1.47163454,4.82580383e-06,0.00194335989,1232.1219419559998
