Displacement,FX,FY,FZ,MX,MY,MZ,L
15.0,-2.62260437e-06,0.0112668276,0.00431192853,1.9930241,3.5708126e-05,0.00252489528,1323.1517784760001
