Displacement,FX,FY,FZ,MX,MY,MZ,L
13.39293832775,0.213294599,0.000527137787,-0.00228388159,-2.64812238,235.825459,-244.679344,1339.293832775
