Displacement,FX,FY,FZ,MX,MY,MZ,L
10.51128022036,14.5934609,-0.0180047156,-0.106993933,-95.7993665,8640.98458,-13182.8646,1051.128022036
