Displacement,FX,FY,FZ,MX,MY,MZ,L
11.272523665149999,0.0381590892,-4.74645553e-09,-0.00030709873,-0.310127585,29.1076073,-36.9249729,1127.252366515
