Displacement,FX,FY,FZ,MX,MY,MZ,L
13.14512958828,0.0288896878,0.00104357482,-0.000284416921,-0.378889183,30.6583607,-32.4529215,1314.512958828
