Displacement,FX,FY,FZ,MX,MY,MZ,L
15.0,-8.56816768e-08,0.000560879707,0.00171297067,0.725521481,6.47540357e-07,-2.49612379e-05,1195.335915728
