Displacement,FX,FY,FZ,MX,MY,MZ,L
15.0,-1.96695328e-06,-0.00169181824,0.0316738263,14.4199547,0.000294903158,0.00204223847,1346.7924590819998
