Displacement,FX,FY,FZ,MX,MY,MZ,L
15.0,1.29453838e-06,-0.000372409821,-0.000417176634,0.0361421014,1.96164182e-05,-0.000960899431,1366.973376629
