Displacement,FX,FY,FZ,MX,MY,MZ,L
11.41528729776,0.161617638,-0.00151124477,-0.0023716646,-2.25518529,124.746931,-158.553822,1141.528729776
