Displacement,FX,FY,FZ,MX,MY,MZ,L
15.0,-0.001953125,2.921875,-46.7817078,-20473.5863,-0.0127465723,0.0513421744,1220.207119082
