Displacement,FX,FY,FZ,MX,MY,MZ,L
13.467924590819997,0.0658463893,-0.000117776335,-0.00108686561,-1.24707709,76.6211331,-75.9697792,1346.7924590819998
