Displacement,FX,FY,FZ,MX,MY,MZ,L
0.0628,-0.0293049514,-0.441357851,0.0039229393,13.8174421,387.267932,-86.8218922,1155.479201803
