Displacement,FX,FY,FZ,MX,MY,MZ,L
0.0628,-69.3018188,-324.342392,-9.10498047,6829.22138,-90512.032,29359.9281,1331.4128559350002
