Displacement,FX,FY,FZ,MX,MY,MZ,L
15.0,-1.29081309e-06,-0.00847625732,0.0344006345,15.9177065,-7.47603977e-05,8.42404203e-05,1353.906594098
