Displacement,FX,FY,FZ,MX,MY,MZ,L
15.0,3.77185639e-08,9.90927225e-07,6.80156519e-08,1.65028979e-05,-8.91319336e-07,-2.89019502e-05,1182.386635632
