Displacement,FX,FY,FZ,MX,MY,MZ,L
13.054988632529998,3.65525481,0.000166234931,-0.030170409,-33.7207175,3255.29354,-4089.46486,1305.4988632529999
