Displacement,FX,FY,FZ,MX,MY,MZ,L
15.0,-3.62284481e-07,-1.11758671e-08,-2.25147232e-07,-7.61920979e-05,1.70147775e-06,0.000248793797,1323.1517784760001
