Displacement,FX,FY,FZ,MX,MY,MZ,L
0.0628,-0.00325507298,-0.0134923933,-0.000494644046,0.231300278,-2.88904493,1.26014917,1331.4128559350002
