Displacement,FX,FY,FZ,MX,MY,MZ,L
0.0628,-0.0150731355,-0.0791108953,-0.00361096859,1.04040281,-34.6126757,11.3858856,1353.906594098
