Displacement,FX,FY,FZ,MX,MY,MZ,L
15.0,-7.62939453e-06,0.00970458984,0.24673748,113.066248,-0.00298614516,-0.0166282007,1339.293832775
