Displacement,FX,FY,FZ,MX,MY,MZ,L
15.0,-6.77108765e-05,0.0198364258,0.506723404,207.599865,0.000535937892,0.0374247149,1232.1219419559998
