Displacement,FX,FY,FZ,MX,MY,MZ,L
0.0628,-0.0021673739,-0.0531832278,0.000602424145,1.68790317,51.7666103,-11.8513915,1141.528729776
