Displacement,FX,FY,FZ,MX,MY,MZ,L
15.0,4.1782856e-05,0.00718164444,0.0103477389,4.72088311,-0.000157237114,-0.0340393833,1331.4128559350002
