Displacement,FX,FY,FZ,MX,MY,MZ,L
15.0,1.53034925e-05,0.0256080627,0.49217926,226.193643,-0.000126942678,-0.0112502807,1331.4128559350002
