Displacement,FX,FY,FZ,MX,MY,MZ,L
15.0,-7.91624191e-08,-1.5810132e-05,0.000197013665,0.0814694835,-2.28455979e-06,7.19612511e-05,1265.742781186
