Displacement,FX,FY,FZ,MX,MY,MZ,L
0.0628,-0.000936711673,-0.0040453386,-5.51715493e-05,0.103970508,1.69404774,-0.255076208,1254.8930234210002
