Displacement,FX,FY,FZ,MX,MY,MZ,L
11.41528729776,0.0337970839,-5.28089554e-09,-0.000274307095,-0.280181842,26.3001087,-33.1136614,1141.528729776
