Displacement,FX,FY,FZ,MX,MY,MZ,L
15.0,-5.55068254e-06,0.0613448322,-0.0068666758,-1.48008641,2.82806036e-05,0.00164172523,1265.742781186
