Displacement,FX,FY,FZ,MX,MY,MZ,L
13.054988632529998,0.621611396,0.000394344226,-0.00597027858,-6.69557249,611.207301,-695.402802,1305.4988632529999
