Displacement,FX,FY,FZ,MX,MY,MZ,L
15.0,3.63215804e-07,1.20699406e-06,-1.45373633e-06,-0.000805999188,1.20514667e-05,-0.000108631714,1339.293832775
