Displacement,FX,FY,FZ,MX,MY,MZ,L
15.0,3.39001417e-07,6.87837601e-05,0.000482690288,0.198346122,1.45573942e-05,-0.000423984038,1276.231186255
