Displacement,FX,FY,FZ,MX,MY,MZ,L
15.0,-1.49942934e-07,-0.000472933054,0.00168037863,0.744056041,2.62036671e-05,-8.5013219e-05,1314.512958828
