Displacement,FX,FY,FZ,MX,MY,MZ,L
0.0628,-0.0249825418,-0.0993057489,-0.00334787369,1.82407238,-13.5165392,7.46860243,1323.1517784760001
