Displacement,FX,FY,FZ,MX,MY,MZ,L
0.0628,-0.00143502932,-0.02100062,0.00017952919,0.656049453,19.5280724,-4.38252352,1155.479201803
