Displacement,FX,FY,FZ,MX,MY,MZ,L
0.0628,-13.5015335,-58.7787809,-1.93121338,1110.32081,-13381.103,5261.36839,1331.4128559350002
