Displacement,FX,FY,FZ,MX,MY,MZ,L
13.314128559350001,0.0813132665,-0.000405225139,-0.00133697301,-1.5023538,89.8704271,-92.7795004,1331.4128559350002
