Displacement,FX,FY,FZ,MX,MY,MZ,L
0.0628,-46.2334747,-286.3461,-0.471191406,8347.26869,68104.3375,-9120.6974,1232.1219419559998
