Displacement,FX,FY,FZ,MX,MY,MZ,L
12.321219419559998,0.0288121239,5.40066825e-10,-0.000252690443,-0.271356906,25.7681157,-30.4438602,1232.1219419559998
