Displacement,FX,FY,FZ,MX,MY,MZ,L
15.0,1.9967556e-06,0.00166606903,0.0127688125,5.41073067,0.000136777499,-0.0010217305,1232.1219419559998
