Displacement,FX,FY,FZ,MX,MY,MZ,L
15.0,-7.86967578e-08,2.49594453e-07,1.42579665e-07,0.000106399788,-4.63364113e-06,0.000104116859,1169.0997999219999
