Displacement,FX,FY,FZ,MX,MY,MZ,L
0.0628,-838.246094,-5630.55078,-74.21875,157507.504,-5122588.52,734445.37,1339.293832775
