Displacement,FX,FY,FZ,MX,MY,MZ,L
15.0,1.02818012e-06,0.00145244598,0.00417881459,1.60716353,7.10929489e-05,-0.000173790266,1141.528729776
