Displacement,FX,FY,FZ,MX,MY,MZ,L
11.95335915728,0.0366228595,-2.70634494e-10,-0.000313102733,-0.327805127,30.8009184,-37.5545557,1195.335915728
