Displacement,FX,FY,FZ,MX,MY,MZ,L
15.0,8.91089439e-06,0.0577363968,0.0694876686,25.691076,-0.000316512756,-0.00934159341,1082.509144629
