Displacement,FX,FY,FZ,MX,MY,MZ,L
11.272523665149999,1582.38952,-1.23171602,-10.5729847,-10793.5032,316241.578,-1536008.97,1127.252366515
