Displacement,FX,FY,FZ,MX,MY,MZ,L
15.0,-2.43633985e-06,0.00933903456,0.00389849022,1.70629634,-0.000192245042,0.00229651899,1314.512958828
