Displacement,FX,FY,FZ,MX,MY,MZ,L
13.669733766290001,0.0248364663,0.000407836453,-0.000458357346,-0.559988771,31.6082171,-29.0521698,1366.973376629
