Displacement,FX,FY,FZ,MX,MY,MZ,L
0.0628,-0.000312326476,-0.0245908517,0.000344246626,0.791091327,25.3591977,-5.91068894,1127.252366515
