Displacement,FX,FY,FZ,MX,MY,MZ,L
15.0,1.43712386e-05,0.00268125534,0.00597774331,2.33727818,0.000190593728,-0.00971948951,1254.8930234210002
