Displacement,FX,FY,FZ,MX,MY,MZ,L
15.0,1.26287341e-06,-0.000593304634,0.00314973108,1.40425606,-3.15721012e-06,-0.000825737228,1323.1517784760001
