Displacement,FX,FY,FZ,MX,MY,MZ,L
13.6063420683,0.0884167398,0.000378814294,-0.00111886032,-1.32475101,107.243833,-103.010911,1360.63420683
