Displacement,FX,FY,FZ,MX,MY,MZ,L
13.39293832775,0.0276003137,0.000799573992,-0.000400861376,-0.505125854,31.5739053,-31.6086262,1339.293832775
