Displacement,FX,FY,FZ,MX,MY,MZ,L
15.0,-4.61004672e-08,4.20957805e-07,6.12199076e-08,-1.59173138e-05,3.13516498e-06,8.51845162e-05,1141.528729776
