Displacement,FX,FY,FZ,MX,MY,MZ,L
0.0628,-0.00372580066,-0.016363929,-0.000648438931,0.25950602,-4.80550211,1.82610482,1339.293832775
