Displacement,FX,FY,FZ,MX,MY,MZ,L
15.0,0.00048828125,-0.453125,215.665771,93405.1164,0.0144703451,-0.40599443,1276.231186255
