Displacement,FX,FY,FZ,MX,MY,MZ,L
15.0,1.85100361e-07,-2.10478899e-07,-5.23359631e-08,-4.21341267e-05,8.5471727e-06,-0.000129499832,1169.0997999219999
