Displacement,FX,FY,FZ,MX,MY,MZ,L
0.0628,-0.000920280814,-0.0050020935,-2.62781978e-05,0.140672212,3.15699751,-0.605222127,1220.207119082
