Displacement,FX,FY,FZ,MX,MY,MZ,L
15.0,-6.24684616e-07,4.61936003e-07,2.910383e-08,-3.18250405e-05,-8.92046957e-06,0.000490443243,1296.112065153
