Displacement,FX,FY,FZ,MX,MY,MZ,L
0.0628,-0.00123712281,-0.0053393642,-7.28666782e-05,0.137217164,2.23336348,-0.335931052,1254.8930234210002
