Displacement,FX,FY,FZ,MX,MY,MZ,L
0.0628,-0.213489354,-0.886169266,-0.0142049789,22.0795162,254.337277,-27.2559593,1265.742781186
