Displacement,FX,FY,FZ,MX,MY,MZ,L
10.825091446290001,0.929000895,0.00167291121,-0.00764741702,-7.19994669,645.64962,-863.394441,1082.509144629
