Displacement,FX,FY,FZ,MX,MY,MZ,L
15.0,-8.14907736e-10,4.93302941e-05,6.0157181e-05,0.028170742,-6.59118173e-06,-1.59593079e-05,1112.654187734
