Displacement,FX,FY,FZ,MX,MY,MZ,L
0.0628,-0.492898941,-3.4371904,-0.176094055,36.9622037,-1644.23301,519.4223,1366.973376629
