Displacement,FX,FY,FZ,MX,MY,MZ,L
13.314128559350001,0.0685624024,-0.000208682292,-0.00117398915,-1.32751333,75.9700058,-78.2202524,1331.4128559350002
