Displacement,FX,FY,FZ,MX,MY,MZ,L
0.0628,467.397461,-4781.86426,137.570312,163445.853,2506307.66,-479949.632,1112.654187734
