Displacement,FX,FY,FZ,MX,MY,MZ,L
15.0,4.0960731e-07,-6.84522094e-07,1.28988176e-07,0.000139490827,-6.79592178e-06,-0.00020461752,1296.112065153
