Displacement,FX,FY,FZ,MX,MY,MZ,L
0.0628,-0.0917714536,-0.402483143,-0.0158996582,6.40550367,-113.673507,43.7866857,1339.293832775
