Displacement,FX,FY,FZ,MX,MY,MZ,L
0.0628,-0.0008013318,-0.00488366443,-1.21146441e-05,0.140814742,3.40659645,-0.682530086,1207.9439433530001
