Displacement,FX,FY,FZ,MX,MY,MZ,L
13.6063420683,0.106478085,0.000457033763,-0.0012607848,-1.49433119,128.516801,-124.05377,1360.63420683
