Displacement,FX,FY,FZ,MX,MY,MZ,L
15.0,4.95910645e-05,0.0297546387,0.674473703,293.907556,-0.00133509788,-0.0284055954,1286.355244347
