Displacement,FX,FY,FZ,MX,MY,MZ,L
12.76231186255,6.00428611,-0.000592339194,-0.0479349531,-52.3402151,4934.83838,-6569.0468,1276.231186255
