Displacement,FX,FY,FZ,MX,MY,MZ,L
15.0,1.37835742e-07,9.11951065e-05,-0.0001755259,-0.0353894895,4.36975841e-05,0.00010837434,1360.63420683
