Displacement,FX,FY,FZ,MX,MY,MZ,L
11.55479201803,0.259163116,-0.00179332213,-0.00111240055,-1.02812904,201.895433,-257.25972,1155.479201803
