Displacement,FX,FY,FZ,MX,MY,MZ,L
0.0628,-0.0127120074,-0.0522484202,-0.000859737396,1.29503362,17.3595289,-2.12178469,1265.742781186
