Displacement,FX,FY,FZ,MX,MY,MZ,L
15.0,4.7497451e-08,2.34134496e-06,-5.19445166e-07,-0.000624141363,-1.91829457e-05,5.20110705e-05,1314.512958828
