Displacement,FX,FY,FZ,MX,MY,MZ,L
15.0,5.12599945e-06,0.0189094543,0.363536671,165.780151,0.000561673759,-0.0128007227,1323.1517784760001
