Displacement,FX,FY,FZ,MX,MY,MZ,L
15.0,-1.52387656e-07,-1.23679638e-06,-1.43190843e-08,3.99454932e-07,-1.46449446e-06,-0.000122267837,1082.509144629
