Displacement,FX,FY,FZ,MX,MY,MZ,L
10.825091446290001,2.9885677,-0.0060723613,-0.0249769762,-22.9505281,2008.53696,-2779.36662,1082.509144629
