Displacement,FX,FY,FZ,MX,MY,MZ,L
0.0628,0.105836391,-2.07541513,0.0420417786,68.6701694,2079.17873,-501.977031,1097.738361015
