Displacement,FX,FY,FZ,MX,MY,MZ,L
15.0,-5.05504432e-07,-9.25734634e-07,-1.6763806e-08,0.000154561549,5.53127636e-06,0.000419141026,1286.355244347
