Displacement,FX,FY,FZ,MX,MY,MZ,L
0.0628,-0.00136150466,-0.014413463,8.36253166e-05,0.442601488,12.6376205,-2.77333926,1169.0997999219999
