Displacement,FX,FY,FZ,MX,MY,MZ,L
15.0,3.72994691e-07,0.000319480896,0.000437887502,0.174734506,-4.75264321e-06,-0.000218114705,1097.738361015
