Displacement,FX,FY,FZ,MX,MY,MZ,L
15.0,-5.58793545e-07,0.000560045242,0.000495058484,0.190197193,7.54983326e-07,-6.17099936e-05,1066.970886314
