Displacement,FX,FY,FZ,MX,MY,MZ,L
15.0,-1.18743628e-06,0.000325798988,0.000383687438,0.145993638,-1.20611433e-05,0.000290849301,1051.128022036
