Displacement,FX,FY,FZ,MX,MY,MZ,L
0.0628,17.3615723,-222.657837,5.4934082,7529.99712,151277.966,-36159.7837,1097.738361015
