Displacement,FX,FY,FZ,MX,MY,MZ,L
15.0,1.5899539e-05,0.00173664093,0.00489607523,1.85175848,-0.000120981534,-0.0123504041,1220.207119082
