Displacement,FX,FY,FZ,MX,MY,MZ,L
15.0,-8.94069673e-08,-4.17232514e-06,1.61807984e-05,0.00793984174,-1.25765307e-05,-7.35424539e-06,1366.973376629
