Displacement,FX,FY,FZ,MX,MY,MZ,L
15.0,7.77654352e-08,1.00135803e-05,9.67871165e-05,0.0384639473,5.60926212e-06,-4.24482663e-05,1243.685010427
