Displacement,FX,FY,FZ,MX,MY,MZ,L
15.0,4.63798642e-07,-3.86685133e-06,-2.50525773e-07,-0.000198125103,6.2743948e-06,-0.0011802382,1314.512958828
