Displacement,FX,FY,FZ,MX,MY,MZ,L
13.14512958828,0.120538522,-0.000859081532,-0.00182466954,-2.00781273,126.387398,-135.841838,1314.512958828
