Displacement,FX,FY,FZ,MX,MY,MZ,L
12.65742781186,0.123266764,-0.00161930071,-0.00204614882,-2.13500412,116.077389,-133.922088,1265.742781186
