Displacement,FX,FY,FZ,MX,MY,MZ,L
0.0628,0.14136529,-0.980524838,0.0274190903,33.1421321,1128.18173,-282.957148,1051.128022036
