Displacement,FX,FY,FZ,MX,MY,MZ,L
13.669733766290001,2.94321208,0.000623367578,-0.0237700966,-27.8253639,2859.64605,-3445.52056,1366.973376629
