Displacement,FX,FY,FZ,MX,MY,MZ,L
15.0,2.68220901e-06,0.00894784927,0.0102672111,5.376648,0.000426279349,-0.00034837774,1339.293832775
