Displacement,FX,FY,FZ,MX,MY,MZ,L
15.0,-3.32831405e-07,1.13993883e-06,2.06055115e-08,-3.02558964e-05,4.05052608e-06,-2.56585542e-05,1066.970886314
