Displacement,FX,FY,FZ,MX,MY,MZ,L
15.0,-1.94311142e-05,0.00317001343,0.0173822045,6.69751608,-0.000593282325,0.013067151,1169.0997999219999
