Displacement,FX,FY,FZ,MX,MY,MZ,L
12.43685010427,0.0444009385,1.33479486e-09,-0.000394685892,-0.424462513,40.4256763,-47.3506821,1243.685010427
