Displacement,FX,FY,FZ,MX,MY,MZ,L
11.95335915728,0.116907043,0.000372151658,-0.00162543354,-1.68827649,97.5961889,-119.825989,1195.335915728
