Displacement,FX,FY,FZ,MX,MY,MZ,L
15.0,1.57952309e-06,-0.00190877914,0.00970172975,4.40648442,1.64645239e-05,-0.00129266333,1339.293832775
