Displacement,FX,FY,FZ,MX,MY,MZ,L
15.0,-2.24914402e-07,0.00023496151,0.000467078004,0.196392811,-1.0416587e-05,0.000277023009,1155.479201803
