Displacement,FX,FY,FZ,MX,MY,MZ,L
12.548930234210001,0.0521343157,0.00131764955,-0.000537790351,-0.650547865,48.2909467,-55.9481354,1254.8930234210002
