Displacement,FX,FY,FZ,MX,MY,MZ,L
15.0,-8.79168511e-07,0.00106525421,0.00162415765,0.575541134,7.65806636e-05,0.000794800335,1141.528729776
