Displacement,FX,FY,FZ,MX,MY,MZ,L
0.0628,-1.68914509,-6.83345962,-0.222114563,129.117512,-1041.94646,525.874776,1323.1517784760001
