Displacement,FX,FY,FZ,MX,MY,MZ,L
15.0,-3.06032598e-06,0.00479515642,0.00206701644,0.812805754,-5.34137916e-05,0.00179547429,1276.231186255
