Displacement,FX,FY,FZ,MX,MY,MZ,L
15.0,4.54485416e-07,0.00133517385,0.00150766969,0.542736668,9.4911661e-05,-0.000518196668,1169.0997999219999
