Displacement,FX,FY,FZ,MX,MY,MZ,L
12.20207119082,0.0285114995,9.25614991e-10,-0.000247523538,-0.264115056,24.9878203,-29.838211,1220.207119082
