Displacement,FX,FY,FZ,MX,MY,MZ,L
15.0,1.88127161e-07,-1.25169754e-06,-3.67750181e-06,-0.00153183882,-1.3716858e-05,-8.41306712e-05,1346.7924590819998
