Displacement,FX,FY,FZ,MX,MY,MZ,L
13.39293832775,0.1717554,0.000436780468,-0.00193698658,-2.24558772,191.043898,-197.026631,1339.293832775
