Displacement,FX,FY,FZ,MX,MY,MZ,L
13.231517784760001,0.354708731,0.000526730701,-0.00358307714,-4.08828855,369.998426,-402.086705,1323.1517784760001
