Displacement,FX,FY,FZ,MX,MY,MZ,L
15.0,-8.6799264e-07,0.000471293926,0.00111494877,0.470698659,8.58915172e-06,0.000747125894,1182.386635632
