Displacement,FX,FY,FZ,MX,MY,MZ,L
15.0,1.85333192e-07,-2.07498669e-06,-1.17579476e-08,0.000233945781,-4.72627828e-07,-0.00015372452,1323.1517784760001
