Displacement,FX,FY,FZ,MX,MY,MZ,L
11.690997999219999,0.0306697864,-3.34264767e-09,-0.000254766142,-0.264422479,24.8240995,-30.7673141,1169.0997999219999
