Displacement,FX,FY,FZ,MX,MY,MZ,L
0.0628,-3.97229767,-17.7716827,-0.668334961,299.499527,-4748.3908,1809.16314,1339.293832775
