Displacement,FX,FY,FZ,MX,MY,MZ,L
15.0,9.08970833e-06,0.00753459334,0.00933366269,3.97695274,0.000309395007,-0.00683091522,1305.4988632529999
