Displacement,FX,FY,FZ,MX,MY,MZ,L
15.0,-9.57865268e-07,0.000234305859,0.000251029967,0.0954404501,-9.04259819e-07,0.000304504551,1034.98507472
