Displacement,FX,FY,FZ,MX,MY,MZ,L
10.51128022036,0.0623253887,-1.00155954e-08,-0.000476297457,-0.453661329,42.9960729,-56.2799374,1051.128022036
