Displacement,FX,FY,FZ,MX,MY,MZ,L
11.41528729776,0.0255943273,-6.59483133e-09,-0.000204505166,-0.211629392,19.9405751,-25.076729,1141.528729776
