Displacement,FX,FY,FZ,MX,MY,MZ,L
15.0,2.38418579e-06,0.202796936,0.321702778,124.105534,-0.00114437441,0.00532938831,1155.479201803
