Displacement,FX,FY,FZ,MX,MY,MZ,L
0.0628,-0.381387711,-12.4858589,0.164489746,401.140224,9412.58685,-2152.29501,1141.528729776
