Displacement,FX,FY,FZ,MX,MY,MZ,L
15.0,1.41561031e-07,0.0133162737,0.00417453796,2.12055298,-8.8554366e-06,6.42744751e-05,1331.4128559350002
