Displacement,FX,FY,FZ,MX,MY,MZ,L
15.0,-2.5704503e-07,0.00090098381,0.00493287435,2.14947519,-5.69423879e-05,0.000657421763,1243.685010427
