Displacement,FX,FY,FZ,MX,MY,MZ,L
15.0,2.81259417e-07,-3.76105309e-05,-0.000791648868,0.0515659359,-2.82401321e-05,-0.00035308102,1366.973376629
