Displacement,FX,FY,FZ,MX,MY,MZ,L
0.0628,-0.00385271758,-0.0952136815,0.00108349323,3.02286669,91.8807646,-21.0343688,1141.528729776
