Displacement,FX,FY,FZ,MX,MY,MZ,L
12.65742781186,1733.77932,-2.09425044,-12.3831607,-13630.1864,345895.33,-1885829.54,1265.742781186
