Displacement,FX,FY,FZ,MX,MY,MZ,L
15.0,5.84870577e-07,0.000611782074,0.00026614964,0.0983333952,-3.27706791e-05,-0.000639694777,1034.98507472
