Displacement,FX,FY,FZ,MX,MY,MZ,L
12.321219419559998,36161.5516,-7.08018285,-724.642912,-841965.177,1618836.05,-38320394.4,1232.1219419559998
