Displacement,FX,FY,FZ,MX,MY,MZ,L
0.0628,0.049747169,-0.347891748,0.00963163376,11.7432772,413.538894,-103.502644,1051.128022036
