Displacement,FX,FY,FZ,MX,MY,MZ,L
15.0,-2.01631338e-07,0.000275939703,0.000463213073,0.215798543,1.15221925e-06,0.000154453759,1220.207119082
