Displacement,FX,FY,FZ,MX,MY,MZ,L
15.0,-2.65426937e-08,4.55975533e-06,0.000139649317,0.0564469708,1.18881908e-05,-4.6276605e-05,1254.8930234210002
