Displacement,FX,FY,FZ,MX,MY,MZ,L
15.0,1.30385162e-08,0.000528454781,0.00140522677,0.590739481,-3.55511507e-05,-0.000382629405,1182.386635632
