Displacement,FX,FY,FZ,MX,MY,MZ,L
0.0628,-0.00228651566,-0.0113093737,-9.11056995e-05,0.309298491,6.33194523,-1.14537452,1232.1219419559998
