Displacement,FX,FY,FZ,MX,MY,MZ,L
15.0,-1.14738941e-06,-0.000351905823,0.00490583107,2.17260215,-5.37010533e-05,0.000730065934,1323.1517784760001
