Displacement,FX,FY,FZ,MX,MY,MZ,L
15.0,-2.85508578e-08,-1.5683472e-06,6.27769621e-08,3.53565614e-05,-1.66015265e-06,-5.31903401e-05,1082.509144629
