Displacement,FX,FY,FZ,MX,MY,MZ,L
15.0,1.50874257e-06,0.0086566098,0.0025783265,1.0818586,2.15216746e-05,-0.00222300557,1305.4988632529999
