Displacement,FX,FY,FZ,MX,MY,MZ,L
15.0,-3.41935083e-06,0.00702859461,0.00238573039,0.968720554,-0.000124195301,0.00331123246,1296.112065153
