Displacement,FX,FY,FZ,MX,MY,MZ,L
0.0628,-0.152223408,-0.585175324,-0.016166687,12.1702502,2.91226214,23.9882863,1305.4988632529999
