Displacement,FX,FY,FZ,MX,MY,MZ,L
0.0628,-0.0288009644,-4.74156618,0.0723342896,153.759594,4103.93619,-958.69295,1127.252366515
