Displacement,FX,FY,FZ,MX,MY,MZ,L
15.0,-2.5331974e-06,0.0215647221,0.00959500624,5.66873791,0.000106157273,0.00407286726,1346.7924590819998
