Displacement,FX,FY,FZ,MX,MY,MZ,L
11.95335915728,36155.5624,-9.05541554,-649.321449,-740615.319,1616202.19,-37186681.4,1195.335915728
