Displacement,FX,FY,FZ,MX,MY,MZ,L
15.0,-1.05486834e-07,-2.0489097e-07,-3.06172302e-08,-1.24241512e-05,6.38121773e-06,1.1146695e-05,1286.355244347
