Displacement,FX,FY,FZ,MX,MY,MZ,L
13.669733766290001,1.33758014,0.000585370533,-0.0117330229,-13.7519871,1424.22335,-1565.82948,1366.973376629
