Displacement,FX,FY,FZ,MX,MY,MZ,L
15.0,4.69619408e-07,2.30967997e-07,-5.85569073e-08,-7.85461058e-05,2.18757529e-05,-0.000197735591,1127.252366515
