Displacement,FX,FY,FZ,MX,MY,MZ,L
0.0628,-0.00577138737,-0.0303538493,-0.00138497353,0.399376841,-13.5222719,4.4235747,1353.906594098
