Displacement,FX,FY,FZ,MX,MY,MZ,L
0.0628,1.7795887,-9.77455902,0.310882568,333.938438,10163.1632,-2599.12149,1034.98507472
