Displacement,FX,FY,FZ,MX,MY,MZ,L
15.0,1.1458993e-05,0.051940918,1.21362051,554.201469,0.000985847859,-0.0119803899,1331.4128559350002
