Displacement,FX,FY,FZ,MX,MY,MZ,L
15.0,-3.93390656e-06,0.00455570221,0.0138931721,6.04303669,-0.000330105586,0.00204165972,1323.1517784760001
