Displacement,FX,FY,FZ,MX,MY,MZ,L
15.0,-9.53674316e-07,0.000407338142,0.000395115465,0.150249545,-7.31440996e-07,0.000824971619,1051.128022036
