Displacement,FX,FY,FZ,MX,MY,MZ,L
15.0,-1.07288361e-06,0.000936508179,0.00373799354,1.5559426,0.000104866392,0.00235035662,1195.335915728
