Displacement,FX,FY,FZ,MX,MY,MZ,L
15.0,-5.10714017e-07,-1.08033419e-06,7.97444957e-08,3.79817533e-05,-1.27982344e-05,0.000382549505,1097.738361015
