Displacement,FX,FY,FZ,MX,MY,MZ,L
15.0,-2.30036676e-07,-0.000263124704,0.00104866171,0.459084091,4.41519569e-07,0.000321120243,1305.4988632529999
