Displacement,FX,FY,FZ,MX,MY,MZ,L
0.0628,-5.37654851e-05,-0.0041209429,5.76898456e-05,0.132614644,4.28930372,-0.999907779,1127.252366515
