Displacement,FX,FY,FZ,MX,MY,MZ,L
15.0,-7.93952499e-08,3.97488475e-05,4.46561608e-05,0.021091661,7.26813647e-06,5.21833347e-05,1097.738361015
