Displacement,FX,FY,FZ,MX,MY,MZ,L
15.0,-2.5331974e-07,0.00122475624,0.00144696282,0.5160001,1.70425571e-05,0.000475847923,1155.479201803
