Displacement,FX,FY,FZ,MX,MY,MZ,L
0.0628,-0.00102985348,-0.00863738358,2.63005495e-05,0.260217561,7.09006445,-1.51669736,1182.386635632
