Displacement,FX,FY,FZ,MX,MY,MZ,L
15.0,5.96046448e-07,0.0262985229,0.558521524,253.803385,-7.42390547e-05,-0.00346175271,1323.1517784760001
