Displacement,FX,FY,FZ,MX,MY,MZ,L
15.0,1.38282776e-05,0.00913619995,0.161175027,71.6513309,0.000386092575,-0.00804247631,1296.112065153
