Displacement,FX,FY,FZ,MX,MY,MZ,L
15.0,5.10364771e-07,0.000524878502,0.00164149236,0.702555246,1.78346748e-05,-0.00118943335,1207.9439433530001
