Displacement,FX,FY,FZ,MX,MY,MZ,L
15.0,-4.20957804e-07,0.00900417566,0.002241401,0.936445976,1.04409131e-05,0.000900481226,1305.4988632529999
