Displacement,FX,FY,FZ,MX,MY,MZ,L
15.0,-3.2247044e-08,-1.86264513e-07,-9.18516889e-08,-5.66623153e-05,4.84353894e-06,0.000110827429,1051.128022036
