Displacement,FX,FY,FZ,MX,MY,MZ,L
15.0,4.76837158e-06,0.496366501,-0.0166328549,-4.99796541,0.000880598036,-0.00664970325,1265.742781186
