Displacement,FX,FY,FZ,MX,MY,MZ,L
0.0628,-0.00232414156,-0.00963989971,-0.000353232026,0.165371847,-2.06429418,0.900132825,1331.4128559350002
