Displacement,FX,FY,FZ,MX,MY,MZ,L
10.669708863139999,0.173898724,-0.00156301392,-0.00241130399,-2.14668033,121.853853,-159.607223,1066.970886314
