Displacement,FX,FY,FZ,MX,MY,MZ,L
15.0,-2.73808837e-07,0.00280502439,0.00127255873,0.471286659,-4.73885089e-05,0.000377688232,1232.1219419559998
