Displacement,FX,FY,FZ,MX,MY,MZ,L
12.76231186255,0.36904574,-0.00034086643,-0.00397551153,-4.32973563,347.306432,-403.766032,1276.231186255
