Displacement,FX,FY,FZ,MX,MY,MZ,L
13.467924590819997,0.431876768,0.00053872858,-0.00422426034,-4.89891701,475.32592,-498.199246,1346.7924590819998
