Displacement,FX,FY,FZ,MX,MY,MZ,L
15.0,1.90734863e-06,0.00350761414,0.0405981354,17.4065084,0.000145330996,0.000180401464,1254.8930234210002
