Displacement,FX,FY,FZ,MX,MY,MZ,L
11.82386635632,3.53621067,-0.00306799592,-0.0296796248,-29.9363404,2666.3758,-3587.81431,1182.386635632
