Displacement,FX,FY,FZ,MX,MY,MZ,L
0.0628,-0.427532434,-1.6706402,-0.0505485535,33.03622,-128.294164,100.55819,1314.512958828
