Displacement,FX,FY,FZ,MX,MY,MZ,L
12.079439433530002,0.355032125,-0.0058253006,-0.00461137446,-4.48492788,298.136453,-368.574611,1207.9439433530001
