Displacement,FX,FY,FZ,MX,MY,MZ,L
15.0,1.62124634e-05,0.00750732422,-0.171647072,-69.1321423,0.00927983683,-0.0587673874,1066.970886314
