Displacement,FX,FY,FZ,MX,MY,MZ,L
13.39293832775,0.042016801,0.000380467658,-0.000740830903,-0.871481587,47.9659036,-48.1780331,1339.293832775
