Displacement,FX,FY,FZ,MX,MY,MZ,L
12.079439433530002,97.0313547,-0.0650096915,-0.594870015,-610.98166,51163.0724,-100609.39,1207.9439433530001
