Displacement,FX,FY,FZ,MX,MY,MZ,L
15.0,3.24249268e-05,0.893188477,6.77010536,2614.23489,0.00403935165,-0.00211679004,1169.0997999219999
