Displacement,FX,FY,FZ,MX,MY,MZ,L
15.0,1.60187483e-07,0.000183731318,0.000320302381,0.134499885,-2.14132406e-06,-0.000171343258,1141.528729776
