Displacement,FX,FY,FZ,MX,MY,MZ,L
0.0628,0.000394906849,-0.0237991679,0.000397562981,0.775103768,25.6673491,-6.0800585,1112.654187734
