Displacement,FX,FY,FZ,MX,MY,MZ,L
15.0,-2.9578805e-06,0.00101280212,-0.000509977341,-0.2005225,5.61007107e-05,0.00108460464,1034.98507472
