Displacement,FX,FY,FZ,MX,MY,MZ,L
15.0,-2.30967999e-07,-0.000166416168,0.001409736,0.612329847,6.12379024e-05,-2.89083828e-05,1305.4988632529999
