Displacement,FX,FY,FZ,MX,MY,MZ,L
13.467924590819997,82.3771596,-0.00715622805,-0.418218344,-479.422227,41110.6281,-95060.1768,1346.7924590819998
