Displacement,FX,FY,FZ,MX,MY,MZ,L
15.0,-2.38418579e-06,0.00402784348,0.024007746,11.0327503,7.07737846e-05,0.00186109319,1305.4988632529999
