Displacement,FX,FY,FZ,MX,MY,MZ,L
15.0,2.18860796e-08,0.000116407871,0.000116476062,0.0453142966,7.52196841e-06,1.2158982e-05,1207.9439433530001
