Displacement,FX,FY,FZ,MX,MY,MZ,L
15.0,-1.08964741e-07,0.000907808542,0.000748711289,0.235912452,-1.86250975e-05,0.000280540568,1034.98507472
