Displacement,FX,FY,FZ,MX,MY,MZ,L
15.0,-3.51667404e-06,0.0219907761,0.0109385429,6.40918293,-0.000229736752,0.00347040762,1346.7924590819998
