Displacement,FX,FY,FZ,MX,MY,MZ,L
15.0,-6.24731183e-06,0.00759661198,0.00357577391,1.50173928,-0.000135343903,0.00558745276,1305.4988632529999
