Displacement,FX,FY,FZ,MX,MY,MZ,L
15.0,1.04540959e-07,0.000173196197,0.000335440913,0.142082889,-7.39964147e-06,-5.48207353e-05,1155.479201803
