Displacement,FX,FY,FZ,MX,MY,MZ,L
15.0,8.0652535e-07,-4.85777855e-05,0.000499190181,0.212205161,3.56699415e-05,-0.000965870008,1286.355244347
