Displacement,FX,FY,FZ,MX,MY,MZ,L
15.0,-3.3788383e-06,0.00057554245,0.000621964224,0.240607131,-2.98278435e-05,0.0022868196,1082.509144629
