Displacement,FX,FY,FZ,MX,MY,MZ,L
15.0,1.38767064e-07,2.95042992e-06,3.44531145e-07,0.00020197834,1.36271224e-05,-2.00455987e-06,1276.231186255
