Displacement,FX,FY,FZ,MX,MY,MZ,L
0.0628,-0.000418767217,-0.00351367495,1.07251108e-05,0.105861797,2.89270223,-0.619139663,1182.386635632
