Displacement,FX,FY,FZ,MX,MY,MZ,L
0.0628,-0.00408490375,-0.0433784053,0.00025331974,1.33210129,37.6394364,-8.25584326,1169.0997999219999
