Displacement,FX,FY,FZ,MX,MY,MZ,L
15.0,3.35276126e-07,0.000397622585,0.000578083098,0.232381655,1.82935181e-05,-0.000106394159,1112.654187734
