Displacement,FX,FY,FZ,MX,MY,MZ,L
0.0628,-0.00143281743,-0.00866051906,-0.000420406461,0.102295424,-4.5704644,1.41983332,1360.63420683
