Displacement,FX,FY,FZ,MX,MY,MZ,L
11.41528729776,0.131452227,0.0003617248,-0.00175138144,-1.73824319,101.53805,-128.732797,1141.528729776
