Displacement,FX,FY,FZ,MX,MY,MZ,L
15.0,-0.000112533569,0.00756835937,0.00201308727,-1.77243983,-0.00192099759,0.124220657,1112.654187734
