Displacement,FX,FY,FZ,MX,MY,MZ,L
15.0,-1.94471795e-07,-3.15718357e-07,1.22759956e-07,8.29037026e-05,3.71232354e-06,6.68809586e-05,1286.355244347
