Displacement,FX,FY,FZ,MX,MY,MZ,L
15.0,7.73463398e-07,1.05053186e-06,7.7096047e-08,-1.17370692e-05,3.12760908e-05,-0.000858333441,1232.1219419559998
