Displacement,FX,FY,FZ,MX,MY,MZ,L
0.0628,-0.00146328681,-0.012274256,3.73274088e-05,0.369699439,10.0557019,-2.15058889,1182.386635632
