Displacement,FX,FY,FZ,MX,MY,MZ,L
0.0628,-0.000559218228,-0.00816511642,6.96629286e-05,0.255061602,7.63716165,-1.71444804,1155.479201803
