Displacement,FX,FY,FZ,MX,MY,MZ,L
0.0628,-0.0254155435,-0.11674266,-0.00125432014,3.10117421,54.7816934,-9.04452374,1243.685010427
