Displacement,FX,FY,FZ,MX,MY,MZ,L
15.0,-1.21816993e-06,0.000525832176,0.000687262975,0.271092104,-1.35846343e-05,0.000489482672,1097.738361015
