Displacement,FX,FY,FZ,MX,MY,MZ,L
0.0628,-0.423343658,-1.69488472,-0.0562744141,31.5053884,-244.737365,129.258607,1323.1517784760001
