Displacement,FX,FY,FZ,MX,MY,MZ,L
15.0,-9.63918864e-08,0.00549453869,0.00126428797,0.48162609,-7.38006925e-06,0.000149991028,1276.231186255
