Displacement,FX,FY,FZ,MX,MY,MZ,L
10.51128022036,0.0901190117,0.0017484012,-0.000730981585,-0.76006657,61.9487352,-81.0865325,1051.128022036
