Displacement,FX,FY,FZ,MX,MY,MZ,L
0.0628,-0.00123006664,-0.00743954771,-0.00036098063,0.0879825277,-3.93134427,1.22066774,1360.63420683
