Displacement,FX,FY,FZ,MX,MY,MZ,L
13.539065940979999,0.420054763,0.000537694321,-0.00410754682,-4.78890118,471.916953,-487.083526,1353.906594098
