Displacement,FX,FY,FZ,MX,MY,MZ,L
15.0,-1.67405232e-07,-1.99303026e-07,9.04110494e-08,4.71474801e-05,-8.25560588e-07,6.10069681e-05,1127.252366515
