Displacement,FX,FY,FZ,MX,MY,MZ,L
15.0,3.30619509e-08,0.00332956016,0.00119565826,0.443844393,-1.20974002e-06,-0.000193792413,1243.685010427
