Displacement,FX,FY,FZ,MX,MY,MZ,L
15.0,-2.13272869e-07,-2.82377005e-05,-2.25869007e-05,-0.00941831946,1.18032322e-06,0.000144628487,1360.63420683
