Displacement,FX,FY,FZ,MX,MY,MZ,L
13.314128559350001,0.0427958433,0.000415718272,-0.000759955379,-0.890277791,47.6561417,-48.7825646,1331.4128559350002
