Displacement,FX,FY,FZ,MX,MY,MZ,L
0.0628,-0.132579386,-0.627481148,-0.0266342163,9.1789707,-217.229871,77.2376715,1346.7924590819998
