Displacement,FX,FY,FZ,MX,MY,MZ,L
15.0,9.83476639e-06,0.0313158035,0.0053050234,2.89394553,0.000325561042,-0.003604543,1195.335915728
