Displacement,FX,FY,FZ,MX,MY,MZ,L
15.0,5.80213964e-07,0.00024959445,0.000662173901,0.281965722,-2.25375726e-05,-0.000169179471,1182.386635632
