Displacement,FX,FY,FZ,MX,MY,MZ,L
15.0,5.99771737e-07,0.00103318691,0.0025946456,1.19606325,9.91231301e-06,-0.000711613645,1265.742781186
