Displacement,FX,FY,FZ,MX,MY,MZ,L
11.272523665149999,0.731852327,-0.00356060365,-0.0047580495,-4.44744851,540.453144,-708.735964,1127.252366515
