Displacement,FX,FY,FZ,MX,MY,MZ,L
12.76231186255,0.150106824,-0.0021561425,-0.00235880155,-2.46551956,143.923,-164.427582,1276.231186255
