Displacement,FX,FY,FZ,MX,MY,MZ,L
15.0,6.10351562e-05,3.1875,174.172729,64767.3947,0.0860323253,-0.00295939296,1112.654187734
