Displacement,FX,FY,FZ,MX,MY,MZ,L
15.0,-1.60336494e-05,0.0801582336,0.0685741454,27.0175524,-0.000975818595,0.00720876983,1141.528729776
