Displacement,FX,FY,FZ,MX,MY,MZ,L
0.0628,-0.00126421987,-0.00490563014,-0.000108547509,0.11219214,0.925902351,-0.0175537866,1286.355244347
