Displacement,FX,FY,FZ,MX,MY,MZ,L
15.0,-4.22378061e-16,-0.866210937,220.118347,96394.5207,-0.0169946274,-0.31720531,1286.355244347
