Displacement,FX,FY,FZ,MX,MY,MZ,L
12.548930234210001,318.862464,-0.300762002,-1.73874031,-1844.8917,122733.238,-343489.62,1254.8930234210002
