Displacement,FX,FY,FZ,MX,MY,MZ,L
0.0628,-0.00126586488,-0.00771065708,-1.92224979e-05,0.222250133,5.36900065,-1.0751463,1207.9439433530001
