Displacement,FX,FY,FZ,MX,MY,MZ,L
15.0,-1.29919499e-07,8.64267349e-06,9.68234963e-05,0.0382414479,4.94993468e-06,0.000168393317,1243.685010427
