Displacement,FX,FY,FZ,MX,MY,MZ,L
15.0,5.48362732e-06,-0.0260314941,0.187793948,87.6467622,4.33129797e-05,-0.00705349347,1366.973376629
