Displacement,FX,FY,FZ,MX,MY,MZ,L
15.0,2.65426934e-07,1.21444463e-06,1.37282768e-07,1.38587968e-05,-9.91689135e-07,-0.000378297158,1155.479201803
