Displacement,FX,FY,FZ,MX,MY,MZ,L
15.0,1.93715096e-07,0.00162553787,0.029870877,13.4592631,-1.34653006e-06,-0.000283085741,1296.112065153
