Displacement,FX,FY,FZ,MX,MY,MZ,L
15.0,1.70199201e-07,-1.63912771e-07,-1.12340784e-08,-1.59652218e-05,-1.17765054e-06,2.32598298e-05,1141.528729776
