Displacement,FX,FY,FZ,MX,MY,MZ,L
15.0,1.71363354e-07,-7.45058066e-07,3.59432306e-06,0.00161343788,-4.7142333e-06,-0.000150065371,1360.63420683
