Displacement,FX,FY,FZ,MX,MY,MZ,L
11.126541877340001,0.307282493,-0.00270446637,-0.00131960271,-1.1535508,225.596381,-293.96823,1112.654187734
