Displacement,FX,FY,FZ,MX,MY,MZ,L
10.97738361015,0.387726088,-9.13596203e-06,-0.00316792028,-3.0006402,278.940746,-365.47236,1097.738361015
