Displacement,FX,FY,FZ,MX,MY,MZ,L
0.0628,-891.632812,-5724.94336,-56.640625,163479.946,-4098608.29,641966.04,1323.1517784760001
