Displacement,FX,FY,FZ,MX,MY,MZ,L
15.0,1.22468918e-07,4.47928905e-05,5.21680631e-05,0.0247453432,-8.14446129e-06,-5.74803419e-05,1112.654187734
