Displacement,FX,FY,FZ,MX,MY,MZ,L
15.0,-2.2649765e-06,0.00366592407,0.0388922691,15.7559854,0.000318994892,0.00180081882,1207.9439433530001
