Displacement,FX,FY,FZ,MX,MY,MZ,L
15.0,1.24871731e-05,0.0491523743,0.0402248874,15.5623438,1.92189657e-05,-0.0101056069,1112.654187734
