Displacement,FX,FY,FZ,MX,MY,MZ,L
13.39293832775,29460.7902,-4.62714849,-791.739571,-947454.613,1300901.53,-33874429.0,1339.293832775
