Displacement,FX,FY,FZ,MX,MY,MZ,L
15.0,-1.26361847e-05,0.0164794922,0.348685473,152.463721,0.000566443016,0.0169953122,1286.355244347
