Displacement,FX,FY,FZ,MX,MY,MZ,L
15.0,-4.54019759e-08,0.000112146139,0.00014183615,0.0678253141,5.44051484e-06,9.54296028e-05,1182.386635632
