Displacement,FX,FY,FZ,MX,MY,MZ,L
13.669733766290001,14.4508488,0.000483065067,-0.0926506221,-108.257523,10529.9001,-16918.1106,1366.973376629
