Displacement,FX,FY,FZ,MX,MY,MZ,L
10.349850747200001,0.0235681554,-6.97693006e-09,-0.000158563489,-0.164053039,16.0027549,-20.9584279,1034.98507472
