Displacement,FX,FY,FZ,MX,MY,MZ,L
0.0628,-0.000260839472,-0.00380598987,3.25217843e-05,0.118919692,3.56884346,-0.801378101,1155.479201803
