Displacement,FX,FY,FZ,MX,MY,MZ,L
15.0,-1.18538737e-05,0.00296682119,0.00876520947,3.51607131,0.000414118354,0.010009134,1276.231186255
