Displacement,FX,FY,FZ,MX,MY,MZ,L
15.0,5.26197255e-08,0.000187441707,0.000220339047,0.0872057373,-3.12184206e-06,-2.19003034e-05,1066.970886314
