Displacement,FX,FY,FZ,MX,MY,MZ,L
0.0628,-0.00856232084,-0.039252117,-0.000424802303,1.04207278,18.8949778,-3.14711137,1243.685010427
