Displacement,FX,FY,FZ,MX,MY,MZ,L
15.0,-1.83582306e-05,0.0485687256,1.01179358,466.906888,-0.00121607351,0.0247261848,1339.293832775
