Displacement,FX,FY,FZ,MX,MY,MZ,L
15.0,-4.04566526e-06,-0.00439453125,0.0475345105,21.8399598,-0.000210561019,0.00458766731,1353.906594098
