Displacement,FX,FY,FZ,MX,MY,MZ,L
0.0628,-0.0295178592,-0.139791502,-0.00595641136,2.03160607,-50.4152984,17.7085867,1346.7924590819998
