Displacement,FX,FY,FZ,MX,MY,MZ,L
12.079439433530002,0.0281519145,-6.84277344e-10,-0.000241733622,-0.256342005,24.183896,-29.1691417,1207.9439433530001
