Displacement,FX,FY,FZ,MX,MY,MZ,L
12.20207119082,2.40257297,-0.00149179906,-0.0208170572,-21.6931255,1939.47467,-2514.57848,1220.207119082
