Displacement,FX,FY,FZ,MX,MY,MZ,L
12.20207119082,18.9296051,-0.00617814885,-0.137799136,-143.649864,13079.0826,-19814.3587,1220.207119082
