Displacement,FX,FY,FZ,MX,MY,MZ,L
15.0,8.42846929e-07,1.09151006e-06,4.91039828e-07,0.000253525278,0.000102483477,-0.00075761379,1296.112065153
