Displacement,FX,FY,FZ,MX,MY,MZ,L
15.0,-4.43542376e-07,-8.62404702e-07,2.96549845e-08,5.08400394e-05,-1.44831504e-05,0.000210020127,1232.1219419559998
