Displacement,FX,FY,FZ,MX,MY,MZ,L
15.0,-3.7997961e-06,0.0535936356,0.0686714053,24.9813544,0.000211704415,0.00168115161,1066.970886314
