Displacement,FX,FY,FZ,MX,MY,MZ,L
15.0,1.09896064e-06,0.000413179398,0.0010585899,0.451937969,1.64669694e-05,-0.000674543137,1195.335915728
