Displacement,FX,FY,FZ,MX,MY,MZ,L
15.0,4.17232514e-07,0.000887513161,0.00550895976,2.41960052,-3.18192827e-06,-0.000426073476,1254.8930234210002
