Displacement,FX,FY,FZ,MX,MY,MZ,L
11.41528729776,0.0391328715,-4.51377302e-09,-0.000319732586,-0.324741883,30.431161,-38.3415815,1141.528729776
