Displacement,FX,FY,FZ,MX,MY,MZ,L
13.39293832775,0.442408264,0.000535590394,-0.00433067791,-4.99408337,476.906901,-507.547111,1339.293832775
