Displacement,FX,FY,FZ,MX,MY,MZ,L
12.76231186255,0.478647133,3.38791478e-05,-0.00484149484,-5.29604977,447.473387,-523.633109,1276.231186255
