Displacement,FX,FY,FZ,MX,MY,MZ,L
15.0,-2.19345093e-05,0.00260543823,0.00885837525,3.2736589,0.000549213809,0.0198320597,1141.528729776
