Displacement,FX,FY,FZ,MX,MY,MZ,L
0.0628,-0.0295227692,-0.121507574,-0.00199151039,3.01380846,39.3093766,-4.6998301,1265.742781186
