Displacement,FX,FY,FZ,MX,MY,MZ,L
13.39293832775,275.07842,-0.0639602958,-1.29491776,-1468.43723,96037.2882,-315781.347,1339.293832775
