Displacement,FX,FY,FZ,MX,MY,MZ,L
15.0,-3.80910933e-07,-2.64123082e-06,-9.580981e-08,-0.000165034826,-2.80494713e-05,0.000242648915,1323.1517784760001
