Displacement,FX,FY,FZ,MX,MY,MZ,L
15.0,-1.1920929e-06,0.00981903076,0.200791746,88.1025613,0.000383287524,-0.00494969397,1286.355244347
