Displacement,FX,FY,FZ,MX,MY,MZ,L
15.0,1.20103359e-05,0.0184249878,0.348710716,160.617165,-5.15826272e-05,-0.0147675327,1331.4128559350002
