Displacement,FX,FY,FZ,MX,MY,MZ,L
15.0,1.04331411e-06,-1.32620336e-06,2.32830149e-10,-5.2579221e-05,9.4990341e-06,-0.000529255282,1254.8930234210002
