Displacement,FX,FY,FZ,MX,MY,MZ,L
15.0,-2.86102295e-06,-0.0029296875,-0.0035751462,-1.16927409,0.00022511608,0.00129948222,1360.63420683
