Displacement,FX,FY,FZ,MX,MY,MZ,L
15.0,0.000138282776,0.00598144531,-0.197805882,-76.7564766,-0.00157681724,-0.0823945606,1051.128022036
