Displacement,FX,FY,FZ,MX,MY,MZ,L
15.0,-0.000244140625,0.3671875,-39.0893555,-14819.3541,-0.0160085932,-1.12529691,1066.970886314
