Displacement,FX,FY,FZ,MX,MY,MZ,L
15.0,-9.53674316e-05,1.48730469,3.51066875,1469.85568,-0.00555870641,0.0736480318,1265.742781186
