Displacement,FX,FY,FZ,MX,MY,MZ,L
12.20207119082,0.0435824756,1.24561297e-09,-0.000380914687,-0.403593506,38.1032484,-45.6104984,1220.207119082
