Displacement,FX,FY,FZ,MX,MY,MZ,L
15.0,-1.1920929e-05,0.00396728516,-0.0424684286,-17.3078374,-0.00180197118,-0.00390345318,1066.970886314
