Displacement,FX,FY,FZ,MX,MY,MZ,L
12.96112065153,0.844335556,0.00025189269,-0.00791176921,-8.79494306,805.264939,-937.887693,1296.112065153
