Displacement,FX,FY,FZ,MX,MY,MZ,L
15.0,9.03382895e-08,0.00113266706,0.000810671714,0.270138037,2.55965374e-05,-7.54297692e-05,1097.738361015
