Displacement,FX,FY,FZ,MX,MY,MZ,L
15.0,-7.15255738e-07,0.00353741646,0.0211236477,9.01433283,-2.2451351e-06,-0.00354945294,1314.512958828
