Displacement,FX,FY,FZ,MX,MY,MZ,L
0.0628,-1.49438477,-243.63092,4.10205078,7998.27424,136829.346,-30558.0574,1141.528729776
