Displacement,FX,FY,FZ,MX,MY,MZ,L
11.690997999219999,0.338025959,-0.00489096997,-0.00432324642,-4.10043797,268.404798,-339.753079,1169.0997999219999
