Displacement,FX,FY,FZ,MX,MY,MZ,L
15.0,1.8067658e-07,-0.000436246395,0.00171033829,0.756678205,5.48429105e-06,-0.000235646291,1314.512958828
