Displacement,FX,FY,FZ,MX,MY,MZ,L
10.669708863139999,0.0645646396,-9.23941448e-09,-0.000502449926,-0.48160784,45.4252082,-59.1710881,1066.970886314
