Displacement,FX,FY,FZ,MX,MY,MZ,L
12.65742781186,0.102226791,-0.001152816,-0.00177929702,-1.87022461,96.4813374,-111.042705,1265.742781186
