Displacement,FX,FY,FZ,MX,MY,MZ,L
15.0,4.75347042e-06,0.00131464005,0.0178322792,7.20952275,-0.000234422952,0.0169626932,1286.355244347
