Displacement,FX,FY,FZ,MX,MY,MZ,L
15.0,1.62981489e-09,1.15484003e-07,-1.4656689e-07,-5.71912994e-05,-7.97008609e-06,-9.13238612e-05,1323.1517784760001
