Displacement,FX,FY,FZ,MX,MY,MZ,L
15.0,-3.9100647e-05,0.0115623474,0.208628945,93.557454,-0.000508227277,0.0394705527,1305.4988632529999
