Displacement,FX,FY,FZ,MX,MY,MZ,L
15.0,1.17346644e-07,-0.000271186233,5.09112142e-05,0.0240289793,4.7322328e-06,-3.27593637e-05,1366.973376629
