Displacement,FX,FY,FZ,MX,MY,MZ,L
15.0,-1.72876753e-07,9.40635818e-08,5.1888492e-08,-8.57305823e-06,2.89783611e-06,8.80439065e-05,1232.1219419559998
