Displacement,FX,FY,FZ,MX,MY,MZ,L
0.0628,-0.00220724462,-0.0087587568,-0.000169143081,0.208866134,2.32575803,-0.201962226,1276.231186255
