Displacement,FX,FY,FZ,MX,MY,MZ,L
11.41528729776,34982.7413,-9.88812868,-543.351896,-599816.726,1547847.81,-34380514.8,1141.528729776
