Displacement,FX,FY,FZ,MX,MY,MZ,L
12.548930234210001,0.0292233375,-2.42440949e-10,-0.000261095585,-0.284065312,27.2416902,-31.4422962,1254.8930234210002
