Displacement,FX,FY,FZ,MX,MY,MZ,L
0.0628,-0.000794317108,-0.00840318482,4.86522913e-05,0.257996045,7.39053453,-1.62221999,1169.0997999219999
