Displacement,FX,FY,FZ,MX,MY,MZ,L
15.0,8.28504562e-06,0.0893950462,-0.0170507468,-3.78601869,8.15014805e-05,-0.00692668683,1331.4128559350002
