Displacement,FX,FY,FZ,MX,MY,MZ,L
11.82386635632,0.59091785,-0.00514173991,-0.00649701222,-6.33882917,472.99029,-600.127371,1182.386635632
