Displacement,FX,FY,FZ,MX,MY,MZ,L
15.0,2.33761966e-07,0.00217148662,0.00116012493,0.421814027,7.96833058e-05,0.00020928694,1207.9439433530001
