Displacement,FX,FY,FZ,MX,MY,MZ,L
15.0,-3.98606062e-07,0.000234484673,-0.000252133701,-0.0515125088,2.32027846e-06,7.76050495e-05,1360.63420683
