Displacement,FX,FY,FZ,MX,MY,MZ,L
13.314128559350001,0.0281102145,0.000905533036,-0.000353086754,-0.45378706,31.3419734,-31.9953486,1331.4128559350002
