Displacement,FX,FY,FZ,MX,MY,MZ,L
0.0628,-0.00601578137,-0.0366759785,-9.00030136e-05,1.0574176,25.1889698,-5.03344325,1207.9439433530001
