Displacement,FX,FY,FZ,MX,MY,MZ,L
12.20207119082,317.27853,-0.391132022,-1.78415191,-1842.11195,123128.998,-332514.177,1220.207119082
