Displacement,FX,FY,FZ,MX,MY,MZ,L
0.0628,-0.0621848404,-0.272651955,-0.0107841492,4.33252911,-77.5726843,29.8155853,1339.293832775
