Displacement,FX,FY,FZ,MX,MY,MZ,L
0.0628,-0.00572822429,-0.0237252866,-0.000870198011,0.406499345,-5.07728647,2.21557938,1331.4128559350002
