Displacement,FX,FY,FZ,MX,MY,MZ,L
15.0,-3.42726708e-07,-0.00183415413,0.0101228626,4.59561203,-0.000106353335,-0.000182362949,1339.293832775
