Displacement,FX,FY,FZ,MX,MY,MZ,L
15.0,0.000244140625,1.49902344,15.2989426,6832.49934,0.0191336928,-0.282605585,1331.4128559350002
