Displacement,FX,FY,FZ,MX,MY,MZ,L
15.0,-0.00048828125,-0.21875,-40.7108459,-16958.5149,-0.0169279312,0.181286409,1169.0997999219999
