Displacement,FX,FY,FZ,MX,MY,MZ,L
13.314128559350001,0.595242823,0.000490805139,-0.00569029618,-6.51192969,621.374036,-678.938505,1331.4128559350002
