Displacement,FX,FY,FZ,MX,MY,MZ,L
15.0,-1.43423676e-07,0.000328511,0.000585595146,0.244622015,1.61014642e-05,0.000240646038,1155.479201803
