Displacement,FX,FY,FZ,MX,MY,MZ,L
15.0,2.80677341e-07,0.00464584492,0.00119425077,0.448622455,1.85331996e-05,-0.000337378071,1265.742781186
