Displacement,FX,FY,FZ,MX,MY,MZ,L
12.079439433530002,0.0588230033,0.0014895998,-0.000536231324,-0.636547596,50.1978456,-60.7614176,1207.9439433530001
