Displacement,FX,FY,FZ,MX,MY,MZ,L
0.0628,-3.42006332,-15.5230246,-0.181213379,408.113916,3919.18966,-418.459243,1254.8930234210002
