Displacement,FX,FY,FZ,MX,MY,MZ,L
15.0,5.99771738e-07,-3.02195549e-05,0.00029929186,0.125604085,-1.65505249e-05,-0.000559002806,1276.231186255
