Displacement,FX,FY,FZ,MX,MY,MZ,L
0.0628,-0.0126867071,-0.0601355853,-0.0025638938,0.872922547,-22.0357416,7.70024694,1346.7924590819998
