Displacement,FX,FY,FZ,MX,MY,MZ,L
15.0,2.90572643e-07,0.0012691021,0.00978455786,4.32169495,-7.35039273e-05,-0.000717895025,1265.742781186
