Displacement,FX,FY,FZ,MX,MY,MZ,L
12.548930234210001,6.01781392,-0.00115370395,-0.0482859872,-51.8277541,4815.12489,-6475.16252,1254.8930234210002
