Displacement,FX,FY,FZ,MX,MY,MZ,L
0.0628,-669.989685,-5693.93719,21.046875,176643.754,-776816.235,180298.738,1254.8930234210002
