Displacement,FX,FY,FZ,MX,MY,MZ,L
0.0628,-1.36908722,-7.1679732,-0.319236755,99.0460375,-2662.7504,907.479804,1353.906594098
