Displacement,FX,FY,FZ,MX,MY,MZ,L
15.0,1.31502748e-06,0.00208619237,0.00180753629,0.67920584,4.95476839e-05,-8.17011521e-05,1220.207119082
