Displacement,FX,FY,FZ,MX,MY,MZ,L
0.0628,-0.0666582882,-0.265264228,-0.00891685486,4.88424509,-36.6315268,20.0303638,1323.1517784760001
