Displacement,FX,FY,FZ,MX,MY,MZ,L
12.76231186255,0.0450081645,0.00123033778,-0.000472359825,-0.584443117,43.5355913,-49.1140635,1276.231186255
