Displacement,FX,FY,FZ,MX,MY,MZ,L
11.272523665149999,3.25316228,-0.0048026443,-0.0272795595,-26.1641721,2299.66584,-3148.72636,1127.252366515
