Displacement,FX,FY,FZ,MX,MY,MZ,L
0.0628,-0.0673672408,-0.261392236,-0.00802087784,5.12301411,-16.4537034,15.0827485,1314.512958828
