Displacement,FX,FY,FZ,MX,MY,MZ,L
15.0,1.53086148e-07,4.12240624e-05,4.37127601e-05,0.0191563881,4.07341864e-06,-9.34040999e-05,1034.98507472
