Displacement,FX,FY,FZ,MX,MY,MZ,L
15.0,-1.45882368e-05,-0.00139904022,0.0126042422,5.70472848,-3.82224022e-05,0.0134059013,1339.293832775
