Displacement,FX,FY,FZ,MX,MY,MZ,L
12.20207119082,0.0326820054,-1.33357021e-09,-0.000284473528,-0.302756105,28.6220479,-34.2027881,1220.207119082
