Displacement,FX,FY,FZ,MX,MY,MZ,L
15.0,4.32133674e-07,-0.00218117237,0.00917181699,4.17487656,-3.90986448e-05,0.00012384161,1339.293832775
