Displacement,FX,FY,FZ,MX,MY,MZ,L
15.0,2.74972991e-07,-6.10947611e-07,-1.7991988e-07,-0.00016369853,2.16521318e-05,-0.000213292602,1296.112065153
