Displacement,FX,FY,FZ,MX,MY,MZ,L
15.0,-9.95933082e-08,0.00206944346,0.000912093499,0.325576691,2.59949326e-05,-8.36366222e-05,1195.335915728
