Displacement,FX,FY,FZ,MX,MY,MZ,L
0.0628,4.8963353e-05,-0.00301855383,5.04627824e-05,0.0983372946,3.28733031,-0.778824215,1112.654187734
