Displacement,FX,FY,FZ,MX,MY,MZ,L
0.0628,-0.0026454865,-0.0222090613,6.8038702e-05,0.669170257,18.1122235,-3.87226318,1182.386635632
