Displacement,FX,FY,FZ,MX,MY,MZ,L
0.0628,-0.0331798196,-0.198355018,-0.00965261459,2.33537319,-97.7419879,30.9600627,1360.63420683
