Displacement,FX,FY,FZ,MX,MY,MZ,L
15.0,-8.67294148e-08,-3.87430194e-07,3.36731321e-08,-2.07375324e-05,7.66133018e-06,0.000177974172,1097.738361015
