Displacement,FX,FY,FZ,MX,MY,MZ,L
12.76231186255,0.631989364,0.000165857893,-0.00612635259,-6.70715102,586.161987,-691.377248,1276.231186255
