Displacement,FX,FY,FZ,MX,MY,MZ,L
15.0,-3.59490513e-07,0.00374064967,0.0022578619,0.877934858,8.10084915e-05,0.000813339435,1265.742781186
