Displacement,FX,FY,FZ,MX,MY,MZ,L
15.0,1.13248825e-06,0.084382534,0.0334497858,14.4891421,5.13038318e-05,-0.00456418965,1195.335915728
