Displacement,FX,FY,FZ,MX,MY,MZ,L
15.0,4.16766853e-08,4.88758087e-05,5.8763253e-05,0.0266510793,2.39922948e-06,-9.77368229e-05,1082.509144629
