Displacement,FX,FY,FZ,MX,MY,MZ,L
10.97738361015,0.0491894637,-9.05418905e-09,-0.000389215638,-0.383473538,36.0456122,-46.3658256,1097.738361015
