Displacement,FX,FY,FZ,MX,MY,MZ,L
15.0,4.29153442e-06,0.0318908691,0.716628164,322.010334,0.00135097174,-0.00347902993,1314.512958828
