Displacement,FX,FY,FZ,MX,MY,MZ,L
15.0,1.39931217e-07,2.45869165e-07,9.4092684e-08,4.85872187e-05,-3.88730814e-06,-7.54636231e-05,1182.386635632
