Displacement,FX,FY,FZ,MX,MY,MZ,L
15.0,2.86102295e-06,0.140184402,0.127892837,50.9484186,-0.000266229813,-0.0035774852,1169.0997999219999
