Displacement,FX,FY,FZ,MX,MY,MZ,L
15.0,2.38651409e-08,3.03611175e-07,-4.42378242e-09,-1.76756239e-05,3.9408998e-06,-8.06536741e-05,1082.509144629
