Displacement,FX,FY,FZ,MX,MY,MZ,L
12.548930234210001,0.0852929452,0.000562161373,-0.00125170354,-1.37759222,78.862463,-91.7034938,1254.8930234210002
