Displacement,FX,FY,FZ,MX,MY,MZ,L
15.0,6.70552254e-06,0.0419192314,0.0398912951,14.9140676,0.000699611205,-0.00621378395,1082.509144629
