Displacement,FX,FY,FZ,MX,MY,MZ,L
15.0,-1.85333192e-07,-2.86847353e-06,-3.85916792e-07,-0.000147835548,-9.6236457e-07,9.21999903e-05,1323.1517784760001
