Displacement,FX,FY,FZ,MX,MY,MZ,L
0.0628,-0.00776386075,-0.0384150222,-0.000308394432,1.05061561,21.2077116,-3.82143325,1232.1219419559998
