Displacement,FX,FY,FZ,MX,MY,MZ,L
15.0,3.73926014e-07,2.98023221e-07,-1.71858114e-08,-4.30284745e-06,1.99704178e-05,-0.000160031522,1182.386635632
