Displacement,FX,FY,FZ,MX,MY,MZ,L
0.0628,-0.121483088,-0.635079615,-0.0288906097,8.42160132,-259.94562,87.1362877,1353.906594098
