Displacement,FX,FY,FZ,MX,MY,MZ,L
15.0,-4.29339707e-07,-3.87616454e-06,-2.06055119e-07,5.3312163e-05,6.42994316e-06,0.00017070397,1305.4988632529999
