Displacement,FX,FY,FZ,MX,MY,MZ,L
0.0628,0.0048096776,-0.0616153367,0.00136357546,2.04788037,71.0288192,-17.3155877,1082.509144629
