Displacement,FX,FY,FZ,MX,MY,MZ,L
15.0,-6.55651093e-07,0.0216388702,0.00921000913,4.06015053,-6.7324627e-05,-0.00161322135,1141.528729776
