Displacement,FX,FY,FZ,MX,MY,MZ,L
0.0628,-0.00121057313,-0.00875922342,-0.000451698899,0.0908839689,-5.26775704,1.57906797,1366.973376629
