Displacement,FX,FY,FZ,MX,MY,MZ,L
15.0,2.52854079e-07,-5.8487058e-07,1.7113052e-08,3.81230143e-05,6.91050137e-06,-0.000247328694,1034.98507472
