Displacement,FX,FY,FZ,MX,MY,MZ,L
12.65742781186,317.655748,-0.269084753,-1.71060285,-1830.49442,121671.897,-345087.299,1265.742781186
