Displacement,FX,FY,FZ,MX,MY,MZ,L
15.0,3.61353158e-07,-0.000375807285,0.00179151772,0.790937205,-1.63212409e-05,-0.000438873333,1314.512958828
