Displacement,FX,FY,FZ,MX,MY,MZ,L
0.0628,-0.00167199597,-0.040916644,0.000462591648,1.29830317,39.9526627,-9.14671317,1141.528729776
