Displacement,FX,FY,FZ,MX,MY,MZ,L
15.0,-2.01538205e-06,0.000790596008,0.0029834141,1.24690486,8.326769e-05,0.000827945407,1195.335915728
