Displacement,FX,FY,FZ,MX,MY,MZ,L
15.0,2.93366611e-07,4.76837156e-07,3.04542481e-07,0.000155525186,6.35938002e-07,-0.000182187851,1339.293832775
