Displacement,FX,FY,FZ,MX,MY,MZ,L
15.0,8.36327671e-07,0.00114929676,0.00117503549,0.407139582,-1.16295908e-06,-0.00089415381,1127.252366515
