Displacement,FX,FY,FZ,MX,MY,MZ,L
15.0,4.72068787e-05,0.00637817383,0.0399494767,14.5401131,0.000931737504,-0.0610289969,1155.479201803
