Displacement,FX,FY,FZ,MX,MY,MZ,L
13.669733766290001,0.0284117467,0.000259418101,-0.00054988024,-0.658599426,36.1256339,-33.2454501,1366.973376629
