Displacement,FX,FY,FZ,MX,MY,MZ,L
13.39293832775,0.0571468379,-4.88992396e-05,-0.00100780926,-1.15356656,65.0344871,-65.5672619,1339.293832775
