Displacement,FX,FY,FZ,MX,MY,MZ,L
13.539065940979999,0.0346938098,0.000387244735,-0.000618079648,-0.738802359,41.7506083,-40.2071962,1353.906594098
