Displacement,FX,FY,FZ,MX,MY,MZ,L
0.0628,-0.0340180993,-0.13025186,-0.00362730026,2.69828583,2.32654099,5.00071676,1305.4988632529999
