Displacement,FX,FY,FZ,MX,MY,MZ,L
0.0628,0.0129547715,-0.164824322,0.00366568565,5.48137932,187.132441,-45.6519777,1082.509144629
