Displacement,FX,FY,FZ,MX,MY,MZ,L
12.43685010427,0.627367951,-0.000548797065,-0.00623048143,-6.6138664,549.892573,-669.101867,1243.685010427
