Displacement,FX,FY,FZ,MX,MY,MZ,L
15.0,4.26080077e-08,9.54605644e-07,1.13635907e-07,-1.89889251e-05,3.58218423e-06,-1.94255819e-05,1276.231186255
