Displacement,FX,FY,FZ,MX,MY,MZ,L
15.0,-2.38418579e-05,0.0017414093,0.0389857888,17.3013063,0.00130144346,0.0461583558,1323.1517784760001
