Displacement,FX,FY,FZ,MX,MY,MZ,L
0.0628,-0.00222255941,-0.00977145368,-0.000386938453,0.155121152,-2.87571005,1.09154282,1339.293832775
