Displacement,FX,FY,FZ,MX,MY,MZ,L
15.0,-1.78813934e-06,0.00157165527,0.00135605782,0.439822385,-8.01199284e-05,0.000505503069,1097.738361015
