Displacement,FX,FY,FZ,MX,MY,MZ,L
15.0,1.55717134e-06,0.001111269,0.00740350923,3.20322034,1.57930533e-05,0.000224609152,1243.685010427
