Displacement,FX,FY,FZ,MX,MY,MZ,L
0.0628,-0.00421291217,-0.0200043041,-0.000852316618,0.290761428,-7.43132986,2.5842896,1346.7924590819998
