Displacement,FX,FY,FZ,MX,MY,MZ,L
15.0,7.45058066e-08,0.00131511688,0.00126545876,0.456428092,0.000272580861,0.00585116769,1097.738361015
