Displacement,FX,FY,FZ,MX,MY,MZ,L
0.0628,-0.0230410174,-0.114262149,-0.000907301903,3.12771106,61.6360201,-11.0435284,1232.1219419559998
