Displacement,FX,FY,FZ,MX,MY,MZ,L
0.0628,-0.0091028288,-0.0766988099,0.000240206718,2.31156591,61.5496839,-13.1444948,1182.386635632
