Displacement,FX,FY,FZ,MX,MY,MZ,L
12.20207119082,0.832100514,-0.000911580126,-0.00799236633,-8.31564635,697.551955,-870.92383,1220.207119082
