Displacement,FX,FY,FZ,MX,MY,MZ,L
15.0,3.80445271e-07,-1.08033414e-07,-1.00968464e-07,-4.91147868e-05,4.41366692e-05,-0.000142625559,1220.207119082
