Displacement,FX,FY,FZ,MX,MY,MZ,L
15.0,9.87201929e-07,0.00289226323,0.00113905397,0.419723957,9.44388469e-06,-0.000567000001,1232.1219419559998
