Displacement,FX,FY,FZ,MX,MY,MZ,L
0.0628,-66.5388184,-326.013187,-10.0244141,6556.30489,-107679.979,32704.5295,1339.293832775
