Displacement,FX,FY,FZ,MX,MY,MZ,L
0.0628,-0.0374231637,-0.196054081,-0.00894260406,2.58376707,-83.7116285,27.7340439,1353.906594098
