Displacement,FX,FY,FZ,MX,MY,MZ,L
10.97738361015,1.36323231,-0.00707222433,-0.0126570845,-11.614722,957.531734,-1286.06381,1097.738361015
