Displacement,FX,FY,FZ,MX,MY,MZ,L
15.0,3.05473804e-06,0.00591492653,0.00515596662,2.06734168,0.000198097605,0.000339700586,1276.231186255
