Displacement,FX,FY,FZ,MX,MY,MZ,L
0.0628,0.0257075131,-0.146786846,0.00442790985,4.97580707,182.373002,-46.0994356,1034.98507472
