Displacement,FX,FY,FZ,MX,MY,MZ,L
15.0,-1.85966492e-05,0.0422973633,0.927005529,419.859809,-0.000484440816,0.0200011978,1323.1517784760001
