Displacement,FX,FY,FZ,MX,MY,MZ,L
15.0,7.89295882e-07,0.000922128558,0.000830166508,0.266946946,-9.78843284e-07,-0.000492152802,1051.128022036
