Displacement,FX,FY,FZ,MX,MY,MZ,L
15.0,4.76837159e-07,0.563034058,0.762506843,305.310717,0.000588105389,0.0637968316,1220.207119082
