Displacement,FX,FY,FZ,MX,MY,MZ,L
12.96112065153,1.65180926,0.000119026819,-0.0146190524,-16.2292768,1527.59537,-1834.8772,1296.112065153
