Displacement,FX,FY,FZ,MX,MY,MZ,L
0.0628,-0.152791858,-0.59419921,-0.0181484222,11.6805038,-40.5148917,34.8684149,1314.512958828
