Displacement,FX,FY,FZ,MX,MY,MZ,L
11.690997999219999,0.0476251976,-3.15360158e-09,-0.000401052297,-0.411172988,38.4604094,-47.7767084,1169.0997999219999
