Displacement,FX,FY,FZ,MX,MY,MZ,L
15.0,-4.76837158e-06,0.0529611111,0.0237960033,10.0681907,-4.28778372e-05,0.00159039668,1169.0997999219999
