Displacement,FX,FY,FZ,MX,MY,MZ,L
15.0,5.14299609e-06,0.197279453,0.0160018429,9.27579081,-0.00195648794,0.00268624609,1254.8930234210002
