Displacement,FX,FY,FZ,MX,MY,MZ,L
12.43685010427,6.0003151,-0.0014864008,-0.0482427776,-51.3094977,4735.5026,-6399.39367,1243.685010427
