Displacement,FX,FY,FZ,MX,MY,MZ,L
12.079439433530002,0.118581379,-0.00058813278,-0.00185371414,-1.89277632,101.013347,-122.930943,1207.9439433530001
