Displacement,FX,FY,FZ,MX,MY,MZ,L
15.0,1.54599547e-07,-2.20537186e-06,1.13185961e-05,0.00538959904,-5.45743894e-06,-0.000242610975,1366.973376629
