Displacement,FX,FY,FZ,MX,MY,MZ,L
13.231517784760001,0.0434761312,0.000676009655,-0.000690839399,-0.821036582,47.215508,-49.2327825,1323.1517784760001
