Displacement,FX,FY,FZ,MX,MY,MZ,L
0.0628,126.532715,-5107.85938,111.296875,171501.735,1906306.0,-340976.845,1155.479201803
