Displacement,FX,FY,FZ,MX,MY,MZ,L
15.0,3.81469727e-06,2.02706909,-0.0114361048,47.8229775,0.000399468378,-0.0130667273,1360.63420683
