Displacement,FX,FY,FZ,MX,MY,MZ,L
10.669708863139999,1.2797972,-0.000195978879,-0.0109687904,-10.0586247,866.532161,-1172.91548,1066.970886314
