Displacement,FX,FY,FZ,MX,MY,MZ,L
15.0,1.56462193e-06,0.000860214233,0.00335100852,1.15745471,-2.80378701e-05,-0.00256844324,1097.738361015
