Displacement,FX,FY,FZ,MX,MY,MZ,L
0.0628,-0.0328882933,-0.13615362,-0.00498771667,2.33492745,-28.9800686,12.6656123,1331.4128559350002
