Displacement,FX,FY,FZ,MX,MY,MZ,L
15.0,-5.28991222e-07,-0.00442767143,0.0169755821,7.79847035,2.45000833e-05,0.000571221338,1346.7924590819998
