Displacement,FX,FY,FZ,MX,MY,MZ,L
0.0628,-0.344292164,-1.50735527,-0.0196342468,38.9919206,514.583236,-69.2397935,1254.8930234210002
