Displacement,FX,FY,FZ,MX,MY,MZ,L
15.0,-4.79817391e-06,-0.0439758301,0.174457159,81.9677267,5.03290936e-05,0.00442762975,1366.973376629
