Displacement,FX,FY,FZ,MX,MY,MZ,L
0.0628,-0.00168652378,-0.00653984118,-0.00014487654,0.149441342,1.23085032,-0.0223979864,1286.355244347
