Displacement,FX,FY,FZ,MX,MY,MZ,L
15.0,-2.28881836e-05,0.78125,13.434823,6229.68102,0.00132035293,0.0299493875,1360.63420683
