Displacement,FX,FY,FZ,MX,MY,MZ,L
15.0,-6.3419342e-05,0.00549316406,0.0245860815,6.92243857,0.000643929692,0.0286132908,1127.252366515
