Displacement,FX,FY,FZ,MX,MY,MZ,L
15.0,-1.11944974e-06,0.0510969013,-0.00566687342,-1.11401037,-2.49967487e-06,-0.00256192776,1276.231186255
