Displacement,FX,FY,FZ,MX,MY,MZ,L
10.349850747200001,4.35326345,-0.00985690471,-0.0348337833,-30.5654536,2722.42079,-3873.08591,1034.98507472
