Displacement,FX,FY,FZ,MX,MY,MZ,L
15.0,1.3589859e-05,0.00163912773,0.017955482,7.52031374,0.000733309065,-0.016024454,1305.4988632529999
