Displacement,FX,FY,FZ,MX,MY,MZ,L
15.0,1.47521496e-06,0.0211437941,0.00443205982,2.32335158,6.51385926e-05,-0.00150894276,1182.386635632
