Displacement,FX,FY,FZ,MX,MY,MZ,L
0.0628,-1.66719437,-6.53908467,-0.15537262,145.496789,218.358361,208.113394,1296.112065153
