Displacement,FX,FY,FZ,MX,MY,MZ,L
13.6063420683,31.1268252,-0.000356315636,-0.17770528,-206.404086,19276.7531,-36277.2058,1360.63420683
