Displacement,FX,FY,FZ,MX,MY,MZ,L
0.0628,0.0259190202,-0.23464559,0.00585651398,7.86660033,273.31804,-67.5588607,1066.970886314
