Displacement,FX,FY,FZ,MX,MY,MZ,L
10.97738361015,0.958023209,0.00125527404,-0.00816795822,-7.76818719,678.182845,-902.834426,1097.738361015
