Displacement,FX,FY,FZ,MX,MY,MZ,L
15.0,-3.09431926e-07,4.09781931e-07,2.56855856e-07,0.000151704203,4.60363938e-05,0.000321376703,1207.9439433530001
