Displacement,FX,FY,FZ,MX,MY,MZ,L
13.467924590819997,16.3515925,6.62094159e-05,-0.10798309,-124.294194,12173.3835,-18865.7368,1346.7924590819998
