Displacement,FX,FY,FZ,MX,MY,MZ,L
11.82386635632,2.30776222,-0.00235862617,-0.0200277055,-20.1903647,1773.31727,-2341.45571,1182.386635632
