Displacement,FX,FY,FZ,MX,MY,MZ,L
11.95335915728,0.454363616,-0.00567474822,-0.0054273564,-5.28343183,372.602984,-466.639321,1195.335915728
