Displacement,FX,FY,FZ,MX,MY,MZ,L
12.548930234210001,0.122872005,-0.00170785772,-0.00206608372,-2.13388278,113.371264,-132.380048,1254.8930234210002
