Displacement,FX,FY,FZ,MX,MY,MZ,L
15.0,0.000244140625,1.44140625,202.265686,84288.23,-0.0451598242,-0.0232055634,1232.1219419559998
