Displacement,FX,FY,FZ,MX,MY,MZ,L
15.0,0.000907897949,0.300537109,6.8687644,3054.02208,-0.00260538635,-1.02133032,1314.512958828
