Displacement,FX,FY,FZ,MX,MY,MZ,L
0.0628,0.00076340232,-0.00984439626,0.000217288733,0.327149568,11.5185952,-2.80657123,1082.509144629
