Displacement,FX,FY,FZ,MX,MY,MZ,L
0.0628,0.000536592677,-0.0069241426,0.000152885914,0.23013147,8.11473843,-1.97721339,1082.509144629
