Displacement,FX,FY,FZ,MX,MY,MZ,L
15.0,6.47455454e-06,0.0452618599,0.040137928,15.272676,0.000318906786,-0.00357266226,1097.738361015
