Displacement,FX,FY,FZ,MX,MY,MZ,L
15.0,4.02331352e-07,-0.00515949726,0.0166092895,7.64711648,3.72462212e-05,-0.000776813567,1346.7924590819998
