Displacement,FX,FY,FZ,MX,MY,MZ,L
15.0,-2.75671482e-07,0.000394642353,0.000493721571,0.19369508,-1.56771422e-06,0.000338186613,1082.509144629
