Displacement,FX,FY,FZ,MX,MY,MZ,L
15.0,7.78585672e-07,0.000795125961,0.00376655161,1.60747522,2.11491403e-05,-0.00121263334,1220.207119082
