Displacement,FX,FY,FZ,MX,MY,MZ,L
15.0,7.40401453e-08,-5.14090058e-07,-3.94473317e-07,-0.000189590484,1.76515867e-06,-4.623826e-05,1331.4128559350002
