Displacement,FX,FY,FZ,MX,MY,MZ,L
15.0,5.96046449e-08,0.00020852685,0.00022755214,0.0868251936,1.45812257e-05,-8.86108092e-05,1034.98507472
