Displacement,FX,FY,FZ,MX,MY,MZ,L
15.0,2.44379044e-06,-2.43186951e-05,-6.62719831e-05,-0.0283455219,0.000192389529,-0.000214694439,1353.906594098
