Displacement,FX,FY,FZ,MX,MY,MZ,L
15.0,-8.50297511e-07,0.000402212143,0.000723116565,0.297430555,-1.27553962e-05,0.000797716315,1141.528729776
