Displacement,FX,FY,FZ,MX,MY,MZ,L
10.349850747200001,0.0505621193,-1.51536087e-08,-0.000373505987,-0.357912547,34.2247223,-44.963976,1034.98507472
