Displacement,FX,FY,FZ,MX,MY,MZ,L
11.82386635632,0.0312600494,-2.20470571e-09,-0.000263114693,-0.274668517,25.799359,-31.7118921,1182.386635632
