Displacement,FX,FY,FZ,MX,MY,MZ,L
12.079439433530002,0.0501034536,4.63596512e-10,-0.000434753718,-0.456185682,42.9002753,-51.9139079,1207.9439433530001
