Displacement,FX,FY,FZ,MX,MY,MZ,L
0.0628,-0.00340108015,-0.0204950602,-0.000996619463,0.241112779,-10.7037622,3.33620246,1360.63420683
