Displacement,FX,FY,FZ,MX,MY,MZ,L
15.0,1.4603138e-06,0.00234413147,0.0222890377,9.50192905,-4.30925523e-05,-0.000892310748,1243.685010427
