Displacement,FX,FY,FZ,MX,MY,MZ,L
15.0,5.88595867e-05,0.0784225464,0.13623777,49.0460052,0.00203702599,-0.0423564133,1066.970886314
