Displacement,FX,FY,FZ,MX,MY,MZ,L
15.0,1.74343586e-06,0.00157880783,0.0120967068,5.19909668,6.03204671e-05,-0.000234883109,1243.685010427
