Displacement,FX,FY,FZ,MX,MY,MZ,L
11.126541877340001,34.6453731,-0.0277106871,-0.239136144,-226.895531,20086.217,-33110.5039,1112.654187734
