Displacement,FX,FY,FZ,MX,MY,MZ,L
15.0,1.29104592e-07,-7.26431592e-08,-1.51339899e-09,-2.46353272e-05,-2.62567897e-06,-8.86067501e-05,1141.528729776
