Displacement,FX,FY,FZ,MX,MY,MZ,L
11.41528729776,2.17313991,-0.00327790373,-0.0188594926,-18.3190686,1588.28346,-2129.68687,1141.528729776
