Displacement,FX,FY,FZ,MX,MY,MZ,L
0.0628,-0.0436107963,-0.191190485,-0.0075674057,3.03627128,-54.728044,20.9947093,1339.293832775
