Displacement,FX,FY,FZ,MX,MY,MZ,L
0.0628,-0.000205748715,-0.0160473306,0.000224530697,0.516295522,16.6015234,-3.86938042,1127.252366515
