Displacement,FX,FY,FZ,MX,MY,MZ,L
15.0,1.46403909e-06,0.00113028288,0.00139200594,0.491489443,-0.000106072842,-0.000398687467,1141.528729776
