Displacement,FX,FY,FZ,MX,MY,MZ,L
0.0628,-10.078476,-60.6864452,-2.71179199,857.528003,-25179.4779,7789.81983,1360.63420683
