Displacement,FX,FY,FZ,MX,MY,MZ,L
15.0,4.28408387e-08,-7.08401203e-05,0.000441926008,0.188069522,6.50179886e-06,5.05665072e-05,1286.355244347
