Displacement,FX,FY,FZ,MX,MY,MZ,L
0.0628,-5.80098724,-47.1378021,0.162719727,1427.45838,22245.2453,-4375.69547,1195.335915728
