Displacement,FX,FY,FZ,MX,MY,MZ,L
15.0,2.90572643e-07,0.00928937458,0.00197126903,0.823101051,7.05391172e-05,0.00030526204,1305.4988632529999
