Displacement,FX,FY,FZ,MX,MY,MZ,L
11.55479201803,0.0400498227,-2.24819064e-09,-0.000331749558,-0.339079356,31.7504585,-39.7142562,1155.479201803
