Displacement,FX,FY,FZ,MX,MY,MZ,L
0.0628,0.0955868959,-0.542659372,0.0165100098,18.4192468,654.38573,-165.759572,1034.98507472
