Displacement,FX,FY,FZ,MX,MY,MZ,L
15.0,1.8119812e-05,0.33952713,0.0280219875,17.1561861,0.000402097912,-0.0102075057,1353.906594098
