Displacement,FX,FY,FZ,MX,MY,MZ,L
0.0628,-0.00287148356,-0.0421576835,0.000361919403,1.31737469,38.9310953,-8.73554066,1155.479201803
