Displacement,FX,FY,FZ,MX,MY,MZ,L
11.82386635632,0.0485397009,9.02851162e-10,-0.000413177011,-0.426844384,39.9657702,-49.2413599,1182.386635632
