Displacement,FX,FY,FZ,MX,MY,MZ,L
15.0,1.3820827e-06,0.00168406963,0.00120130891,0.43174213,3.06517051e-05,-0.000853007393,1182.386635632
