Displacement,FX,FY,FZ,MX,MY,MZ,L
0.0628,0.0400733948,-0.361561835,0.00905561447,12.1276746,416.801353,-103.086792,1066.970886314
