Displacement,FX,FY,FZ,MX,MY,MZ,L
0.0628,-0.00509115634,-0.0357762463,1.16229057e-05,1.05576815,26.8511294,-5.56579231,1195.335915728
