Displacement,FX,FY,FZ,MX,MY,MZ,L
15.0,1.52587891e-05,0.150871277,-0.0395988822,-1.89846199,0.000529124844,-0.0141562929,1366.973376629
