Displacement,FX,FY,FZ,MX,MY,MZ,L
15.0,1.90222635e-07,5.0470233e-05,5.82947978e-05,0.0259058558,1.18038424e-05,-0.000120769027,1066.970886314
