Displacement,FX,FY,FZ,MX,MY,MZ,L
15.0,-7.95722008e-06,0.0841674805,0.137948155,50.4192179,-0.000227378962,-0.00583924074,1082.509144629
