Displacement,FX,FY,FZ,MX,MY,MZ,L
0.0628,-0.247359931,-0.963833302,-0.0293245316,18.9945353,-69.3265468,57.2058384,1314.512958828
