Displacement,FX,FY,FZ,MX,MY,MZ,L
15.0,-2.22027302e-06,0.00122654438,0.00176067883,0.63781139,-7.83070444e-05,0.00170036513,1169.0997999219999
