Displacement,FX,FY,FZ,MX,MY,MZ,L
0.0628,-0.0180108547,-2.21699595,0.0329818726,71.7283583,2017.87204,-471.145734,1127.252366515
