Displacement,FX,FY,FZ,MX,MY,MZ,L
0.0628,-0.00592402834,-0.0255345969,-0.000348776579,0.655797567,10.5186864,-1.56810576,1254.8930234210002
