Displacement,FX,FY,FZ,MX,MY,MZ,L
15.0,5.7220459e-06,-0.100646973,-0.0685994625,-25.3602525,-0.00167334666,0.00586876989,1366.973376629
