Displacement,FX,FY,FZ,MX,MY,MZ,L
15.0,-3.53145878e-07,6.77071516e-07,-7.30360629e-08,9.97770628e-06,-9.07379631e-06,0.000200829329,1243.685010427
