Displacement,FX,FY,FZ,MX,MY,MZ,L
15.0,8.97794962e-07,0.000799924135,0.0011564889,0.378122215,2.52729321e-05,-0.00107048842,1051.128022036
