Displacement,FX,FY,FZ,MX,MY,MZ,L
0.0628,-0.00631825253,-0.02997975,-0.00127786398,0.435432315,-11.0905645,3.86271279,1346.7924590819998
