Displacement,FX,FY,FZ,MX,MY,MZ,L
15.0,3.91155481e-07,0.000235706568,0.00034022273,0.13915211,-8.30858235e-07,-0.000310558772,1112.654187734
