Displacement,FX,FY,FZ,MX,MY,MZ,L
15.0,-4.94619601e-08,-1.37835751e-07,-2.18278719e-08,-2.51191077e-05,-4.09725718e-06,1.24110849e-05,1066.970886314
