Displacement,FX,FY,FZ,MX,MY,MZ,L
15.0,2.70374584e-07,1.04680658e-06,2.36555933e-07,0.000164008589,-2.85549477e-06,-0.000164845621,1195.335915728
