Displacement,FX,FY,FZ,MX,MY,MZ,L
0.0628,-0.764632255,-3.01423275,-0.0642204285,69.7025657,353.091191,35.2730007,1286.355244347
