Displacement,FX,FY,FZ,MX,MY,MZ,L
15.0,2.07219272e-07,0.000225991011,0.000379994453,0.176008152,8.95407301e-06,-7.70404886e-05,1207.9439433530001
