Displacement,FX,FY,FZ,MX,MY,MZ,L
12.86355244347,39.3171824,-0.00741064755,-0.252185166,-276.764321,25376.2465,-43361.6321,1286.355244347
