Displacement,FX,FY,FZ,MX,MY,MZ,L
15.0,1.5757978e-06,0.000618219376,0.00127104111,0.513746343,6.09656386e-05,-0.000846638934,1141.528729776
