Displacement,FX,FY,FZ,MX,MY,MZ,L
12.96112065153,2.42148919,9.01827204e-05,-0.020761474,-23.0418483,2189.88047,-2689.88537,1296.112065153
