Displacement,FX,FY,FZ,MX,MY,MZ,L
15.0,9.41753387e-06,0.00245285034,-0.00484703481,-2.02796269,-0.00140984756,-0.00978887426,1066.970886314
