Displacement,FX,FY,FZ,MX,MY,MZ,L
0.0628,-0.00167912524,-0.0101428097,-0.000492542982,0.11971175,-5.34457941,1.66125842,1360.63420683
