Displacement,FX,FY,FZ,MX,MY,MZ,L
10.97738361015,0.0688650793,-3.64006895e-09,-0.00055275904,-0.537797034,50.3691862,-64.9121154,1097.738361015
