Displacement,FX,FY,FZ,MX,MY,MZ,L
12.548930234210001,2.44878764,-0.000681621055,-0.0211399645,-22.6880099,2075.87537,-2634.8301,1254.8930234210002
