Displacement,FX,FY,FZ,MX,MY,MZ,L
0.0628,-0.00152363069,-0.00584121695,-0.00016283989,0.121063446,0.168844753,0.209740996,1305.4988632529999
