Displacement,FX,FY,FZ,MX,MY,MZ,L
15.0,3.35276127e-07,0.000515311956,0.00139601779,0.639887719,1.936835e-05,-0.000268923701,1254.8930234210002
