Displacement,FX,FY,FZ,MX,MY,MZ,L
15.0,-1.35041773e-08,0.000202417374,0.000527810131,0.225814823,5.76952014e-06,-1.5989212e-05,1182.386635632
