Displacement,FX,FY,FZ,MX,MY,MZ,L
15.0,-1.34706497e-05,0.0040512085,0.0298075974,11.4047708,0.000240389352,0.0137692369,1169.0997999219999
