Displacement,FX,FY,FZ,MX,MY,MZ,L
15.0,-1.87754631e-05,0.0679454803,0.0699072853,26.6866573,-0.000460255995,0.0136650925,1112.654187734
