Displacement,FX,FY,FZ,MX,MY,MZ,L
15.0,2.57565779e-17,9.4128418,-241.023071,-111690.785,-4.84869814e-07,-0.0499889851,1353.906594098
