Displacement,FX,FY,FZ,MX,MY,MZ,L
12.86355244347,0.149840042,-0.00181837388,-0.00229420746,-2.43163776,146.69101,-165.379153,1286.355244347
