Displacement,FX,FY,FZ,MX,MY,MZ,L
0.0628,-0.00092165079,-0.00558057986,-0.000270552933,0.0661375968,-2.95529584,0.916848555,1360.63420683
