Displacement,FX,FY,FZ,MX,MY,MZ,L
0.0628,-0.000695553899,-0.0042403515,-1.0535121e-05,0.122235431,2.95890296,-0.592952681,1207.9439433530001
