Displacement,FX,FY,FZ,MX,MY,MZ,L
15.0,-1.37090683e-06,0.00200295448,-0.0019187443,0.105562518,3.39207874e-06,0.000486963995,1366.973376629
