Displacement,FX,FY,FZ,MX,MY,MZ,L
0.0628,-0.778060198,-3.24878132,-0.116661072,56.7927854,-682.630665,296.166159,1331.4128559350002
