Displacement,FX,FY,FZ,MX,MY,MZ,L
15.0,-1.44384103e-07,4.43309535e-07,2.58733062e-08,-1.13173761e-05,-7.74451372e-06,5.10211208e-05,1066.970886314
