Displacement,FX,FY,FZ,MX,MY,MZ,L
0.0628,-4.17763239,-16.6307888,-0.382751465,374.737379,198.892372,593.224675,1296.112065153
