Displacement,FX,FY,FZ,MX,MY,MZ,L
12.548930234210001,39.9380892,-0.01134361,-0.263397917,-281.987813,25469.0724,-42984.033,1254.8930234210002
