Displacement,FX,FY,FZ,MX,MY,MZ,L
13.231517784760001,31417.5488,-4.65649216,-823.393394,-983843.364,1386864.22,-35701389.6,1323.1517784760001
