Displacement,FX,FY,FZ,MX,MY,MZ,L
0.0628,-0.00230073789,-0.00891691027,-0.000197634101,0.203695557,1.67168179,-0.0288603952,1286.355244347
