Displacement,FX,FY,FZ,MX,MY,MZ,L
13.6063420683,1.39103661,0.000587143111,-0.0121926907,-14.2245976,1463.23023,-1620.98138,1360.63420683
