Displacement,FX,FY,FZ,MX,MY,MZ,L
15.0,5.27501106e-06,-0.000180721283,0.00368597731,1.60420639,8.9831056e-05,-0.00247585178,1314.512958828
