Displacement,FX,FY,FZ,MX,MY,MZ,L
10.669708863139999,258.788133,-0.523800958,-1.51448449,-1373.67001,96899.5414,-237618.869,1066.970886314
