Displacement,FX,FY,FZ,MX,MY,MZ,L
15.0,5.83473592e-07,-0.00138169527,0.00490473805,2.21529933,7.99946203e-06,-0.000214408483,1331.4128559350002
