Displacement,FX,FY,FZ,MX,MY,MZ,L
15.0,3.05175781e-05,0.0284423828,0.876879692,346.512234,0.00249306086,-0.0901118072,1207.9439433530001
