Displacement,FX,FY,FZ,MX,MY,MZ,L
10.349850747200001,0.031437536,-1.35024655e-08,-0.000220734626,-0.220550824,21.3237585,-27.9566076,1034.98507472
