Displacement,FX,FY,FZ,MX,MY,MZ,L
12.548930234210001,3.74429667,-0.000834840095,-0.03123625,-33.5283483,3097.76375,-4028.78945,1254.8930234210002
