Displacement,FX,FY,FZ,MX,MY,MZ,L
0.0628,-0.00768974319,-0.0469032712,-0.000114202499,1.35260542,32.0984682,-6.41092826,1207.9439433530001
