Displacement,FX,FY,FZ,MX,MY,MZ,L
11.95335915728,0.274174398,-6.69854918e-07,-0.00235797989,-2.4224688,226.333245,-281.14964,1195.335915728
