Displacement,FX,FY,FZ,MX,MY,MZ,L
15.0,6.71250746e-07,7.4505801e-08,6.29806883e-08,3.01065172e-05,1.17072134e-05,-0.000200794272,1097.738361015
