Displacement,FX,FY,FZ,MX,MY,MZ,L
0.0628,-0.0110334158,-1.17008257,0.0171089172,37.7908997,1101.67353,-257.106246,1127.252366515
