Displacement,FX,FY,FZ,MX,MY,MZ,L
11.126541877340001,3.1690894,-0.0052037701,-0.0265486725,-25.1159648,2203.3422,-3028.16311,1112.654187734
