Displacement,FX,FY,FZ,MX,MY,MZ,L
15.0,1.79558992e-06,0.000949859619,0.0154115953,6.9117483,1.14051877e-05,-0.00218762868,1286.355244347
