Displacement,FX,FY,FZ,MX,MY,MZ,L
13.14512958828,9.82507578,-0.000144934628,-0.0729817636,-82.0561037,7970.15148,-11067.6361,1314.512958828
