Displacement,FX,FY,FZ,MX,MY,MZ,L
15.0,-2.82889232e-07,0.000930666924,0.000935055781,0.30666808,-1.04786748e-05,0.000626777146,1066.970886314
