Displacement,FX,FY,FZ,MX,MY,MZ,L
15.0,-9.10367815e-08,1.00582842e-07,4.15311664e-08,5.09986355e-05,-5.0108898e-06,-0.000155357317,1207.9439433530001
