Displacement,FX,FY,FZ,MX,MY,MZ,L
15.0,-4.17232513e-07,0.033267498,0.0381202325,13.5306224,0.000561505004,0.000738329807,1034.98507472
