Displacement,FX,FY,FZ,MX,MY,MZ,L
0.0628,-0.00132001447,-0.00605464599,-6.5676868e-05,0.160733223,2.97305301,-0.499052682,1243.685010427
