Displacement,FX,FY,FZ,MX,MY,MZ,L
11.272523665149999,0.0249567222,-9.57953601e-09,-0.000195601489,-0.201903144,19.0714203,-24.1495097,1127.252366515
