Displacement,FX,FY,FZ,MX,MY,MZ,L
13.39293832775,0.0315916302,0.000677101714,-0.000518638579,-0.633304655,36.1291608,-36.1963331,1339.293832775
