Displacement,FX,FY,FZ,MX,MY,MZ,L
0.0628,-0.00103914365,-0.00752420397,-0.000387847424,0.0781708454,-4.53262484,1.35799793,1366.973376629
