Displacement,FX,FY,FZ,MX,MY,MZ,L
15.0,2.5333379e-16,0.183258057,0.0482265204,32.6911535,0.000889091179,-0.00615343984,1353.906594098
