Displacement,FX,FY,FZ,MX,MY,MZ,L
15.0,-5.70435078e-08,6.18100166e-05,8.15514941e-05,0.037923616,-8.70147971e-06,-6.38984397e-05,1127.252366515
