Displacement,FX,FY,FZ,MX,MY,MZ,L
15.0,3.86498868e-07,0.00132229924,0.000782294082,0.265635576,4.33150447e-05,2.10033435e-05,1127.252366515
