Displacement,FX,FY,FZ,MX,MY,MZ,L
13.669733766290001,0.12516087,0.000516548165,-0.0013890664,-1.65431914,153.800232,-146.492476,1366.973376629
