Displacement,FX,FY,FZ,MX,MY,MZ,L
0.0628,-0.00324644707,-0.0227963589,6.73532486e-06,0.672425179,17.1954053,-3.56622438,1195.335915728
