Displacement,FX,FY,FZ,MX,MY,MZ,L
13.539065940979999,0.109624263,0.000394273838,-0.00133584964,-1.57066518,129.161328,-127.100193,1353.906594098
