Displacement,FX,FY,FZ,MX,MY,MZ,L
15.0,-3.99537384e-07,1.22934583e-07,-4.53728716e-07,-0.000296885465,-1.543675e-05,0.000250594779,1331.4128559350002
