Displacement,FX,FY,FZ,MX,MY,MZ,L
0.0628,-0.0351841077,-0.161773598,-0.00173211098,4.29901651,75.1142527,-12.3567138,1243.685010427
