Displacement,FX,FY,FZ,MX,MY,MZ,L
15.0,-5.05708157e-07,0.000373482704,0.000750161125,0.31549343,-5.38257394e-06,-5.55527388e-05,1169.0997999219999
