Displacement,FX,FY,FZ,MX,MY,MZ,L
0.0628,0.000249609817,-0.00322424457,7.1298331e-05,0.107193888,3.78859043,-0.923209183,1082.509144629
