Displacement,FX,FY,FZ,MX,MY,MZ,L
15.0,1.45286322e-06,0.000827491283,0.00179368071,0.623299934,0.000151744058,0.000520626027,1112.654187734
