Displacement,FX,FY,FZ,MX,MY,MZ,L
15.0,1.35302544e-05,0.00210189819,-0.00802099705,-3.03936664,0.00031247793,-0.011080992,1034.98507472
