Displacement,FX,FY,FZ,MX,MY,MZ,L
15.0,0.000239372253,0.012512207,0.177194118,67.8060731,-0.00072449015,-0.216274926,1182.386635632
