Displacement,FX,FY,FZ,MX,MY,MZ,L
0.0628,0.000862741843,-0.0184725709,0.000358223915,0.60814233,20.7748743,-4.99413717,1097.738361015
