Displacement,FX,FY,FZ,MX,MY,MZ,L
13.467924590819997,0.112463701,0.0002844724,-0.00141894165,-1.65232739,129.36416,-129.7235,1346.7924590819998
