Displacement,FX,FY,FZ,MX,MY,MZ,L
15.0,-2.50339508e-06,0.00178718567,0.00591208786,2.23009498,0.000530573754,-7.62346343e-05,1141.528729776
