Displacement,FX,FY,FZ,MX,MY,MZ,L
0.0628,-0.0114747323,-0.0624174215,-0.000324606895,1.75539039,38.4079518,-7.32395653,1220.207119082
