Displacement,FX,FY,FZ,MX,MY,MZ,L
15.0,-1.49384141e-06,0.000779628754,0.00472759828,2.07999355,2.49467195e-05,0.00138065548,1254.8930234210002
