Displacement,FX,FY,FZ,MX,MY,MZ,L
15.0,6.80796802e-07,0.00135089457,0.000966408639,0.335516396,7.79464572e-05,-0.00113969988,1141.528729776
