Displacement,FX,FY,FZ,MX,MY,MZ,L
11.55479201803,0.110503262,0.00114988121,-0.00132656656,-1.37685997,87.0458467,-109.410244,1155.479201803
