Displacement,FX,FY,FZ,MX,MY,MZ,L
15.0,3.82773578e-07,-5.96046352e-08,5.36558219e-07,0.000106927167,2.40137398e-05,-0.000414648021,1346.7924590819998
