Displacement,FX,FY,FZ,MX,MY,MZ,L
15.0,-6.12810254e-07,0.000358879566,0.000402081292,0.152797062,-4.12153913e-06,0.000298533715,1051.128022036
