Displacement,FX,FY,FZ,MX,MY,MZ,L
0.0628,-12.9673538,-59.3589098,-2.12225342,1053.50536,-16440.0304,5950.51757,1339.293832775
