Displacement,FX,FY,FZ,MX,MY,MZ,L
0.0628,-0.00281537231,-0.0112036359,-0.000377759337,0.205977462,-1.49638608,0.836607188,1323.1517784760001
