Displacement,FX,FY,FZ,MX,MY,MZ,L
13.314128559350001,1544.11705,-1.23651061,-10.3699675,-11743.8383,291110.717,-1763833.2,1331.4128559350002
