Displacement,FX,FY,FZ,MX,MY,MZ,L
15.0,-1.72294676e-07,-0.000767409801,0.00284582633,1.27290322,1.3270601e-05,0.000150065382,1323.1517784760001
