Displacement,FX,FY,FZ,MX,MY,MZ,L
12.321219419559998,98.2452211,-0.05522747,-0.592423975,-620.607812,52133.1675,-103877.651,1232.1219419559998
