Displacement,FX,FY,FZ,MX,MY,MZ,L
15.0,2.84053385e-07,5.18187881e-05,6.12716831e-05,0.0291934545,-8.25747294e-06,-0.000121747639,1127.252366515
