Displacement,FX,FY,FZ,MX,MY,MZ,L
11.55479201803,0.429816328,-0.00614166942,-0.00520576956,-4.86844679,333.635036,-427.059249,1155.479201803
