Displacement,FX,FY,FZ,MX,MY,MZ,L
0.0628,-0.00243597478,-0.0132294134,-6.97374344e-05,0.371797973,8.30503553,-1.58968458,1220.207119082
