Displacement,FX,FY,FZ,MX,MY,MZ,L
15.0,8.12578949e-08,8.94069689e-08,-3.3069225e-09,-3.9444047e-05,-1.1757326e-05,-0.000219583495,1232.1219419559998
