Displacement,FX,FY,FZ,MX,MY,MZ,L
15.0,3.30619508e-08,4.46364283e-05,5.04909258e-05,0.0227253216,-4.14851332e-06,1.59928788e-05,1066.970886314
