Displacement,FX,FY,FZ,MX,MY,MZ,L
15.0,-6.85453415e-07,1.66893006e-06,2.20770016e-05,0.0107553914,-4.90143307e-06,0.00100619904,1366.973376629
