Displacement,FX,FY,FZ,MX,MY,MZ,L
15.0,-0.00048828125,8.96875,-131.943665,-60096.3456,-0.0393779517,0.181735098,1314.512958828
