Displacement,FX,FY,FZ,MX,MY,MZ,L
15.0,-2.92435288e-07,0.000698208809,0.00129464781,0.419325609,7.08179586e-05,0.00050805127,1034.98507472
