Displacement,FX,FY,FZ,MX,MY,MZ,L
10.825091446290001,1.32233461,-0.00155389037,-0.0116108683,-10.7353885,911.88184,-1229.56583,1082.509144629
