Displacement,FX,FY,FZ,MX,MY,MZ,L
11.41528729776,0.323647571,-0.00270391457,-0.00150209107,-1.35504208,246.713825,-317.513068,1141.528729776
