Displacement,FX,FY,FZ,MX,MY,MZ,L
15.0,-2.09256542e-08,2.01165673e-07,2.46509447e-08,4.39914494e-06,-4.28431113e-07,-4.56359634e-05,1097.738361015
