Displacement,FX,FY,FZ,MX,MY,MZ,L
0.0628,0.00278713927,-0.0357974172,0.000791013241,1.18962811,41.508332,-10.1166058,1082.509144629
