Displacement,FX,FY,FZ,MX,MY,MZ,L
12.86355244347,3.72290489,-0.000148710289,-0.0308797527,-33.9987426,3221.17773,-4104.88344,1286.355244347
