Displacement,FX,FY,FZ,MX,MY,MZ,L
15.0,-3.35276127e-08,0.000167384744,0.000287719013,0.121088666,1.20187912e-05,3.93488918e-05,1141.528729776
