Displacement,FX,FY,FZ,MX,MY,MZ,L
12.43685010427,0.846112076,-0.000303474526,-0.00802414399,-8.53742028,735.396702,-902.351848,1243.685010427
