Displacement,FX,FY,FZ,MX,MY,MZ,L
13.6063420683,245.278574,-0.0269696474,-1.09890748,-1268.15914,79728.2396,-285937.719,1360.63420683
