Displacement,FX,FY,FZ,MX,MY,MZ,L
15.0,8.94069674e-08,-3.13520432e-05,0.000546437455,0.230907301,-1.53462187e-05,0.000106501645,1286.355244347
