Displacement,FX,FY,FZ,MX,MY,MZ,L
12.321219419559998,318.645754,-0.362345067,-1.77553368,-1850.55893,123447.267,-337147.596,1232.1219419559998
