Displacement,FX,FY,FZ,MX,MY,MZ,L
15.0,-4.61935997e-07,-0.00048327446,0.00366850756,1.63076434,-3.34394796e-05,-1.7514919e-05,1323.1517784760001
