Displacement,FX,FY,FZ,MX,MY,MZ,L
0.0628,0.000241422094,-0.00519439857,0.000100761652,0.17103504,5.87912084,-1.41330895,1097.738361015
