Displacement,FX,FY,FZ,MX,MY,MZ,L
10.97738361015,274.045865,-0.527356779,-1.60347074,-1495.0959,103978.661,-258792.837,1097.738361015
