Displacement,FX,FY,FZ,MX,MY,MZ,L
15.0,3.0733645e-07,-1.30943954e-06,3.69436752e-08,3.7284786e-05,7.11993671e-06,-0.000343507285,1220.207119082
