Displacement,FX,FY,FZ,MX,MY,MZ,L
0.0628,-0.00281679444,-0.0169855031,-0.000825718045,0.199925372,-8.89488814,2.7701203,1360.63420683
