Displacement,FX,FY,FZ,MX,MY,MZ,L
15.0,6.26314432e-08,0.000206947327,0.000244775438,0.09659527,-1.32139106e-06,-0.00013337432,1066.970886314
