Displacement,FX,FY,FZ,MX,MY,MZ,L
12.86355244347,0.0854630983,-0.000107654788,-0.00139321868,-1.53084596,84.2476969,-94.2352306,1286.355244347
