Displacement,FX,FY,FZ,MX,MY,MZ,L
15.0,1.63912773e-07,2.98023209e-08,1.06922816e-05,0.00517449775,-5.099493e-06,-0.00012505286,1366.973376629
