Displacement,FX,FY,FZ,MX,MY,MZ,L
11.82386635632,5.69876914,-0.00375404521,-0.0460773994,-46.5173759,4185.94047,-5781.90237,1182.386635632
