Displacement,FX,FY,FZ,MX,MY,MZ,L
15.0,1.52587891e-05,0.736938477,6.85157776,2548.1989,0.00256132246,-0.0802116017,1127.252366515
