Displacement,FX,FY,FZ,MX,MY,MZ,L
15.0,-6.09084964e-07,0.000454485416,0.0010103106,0.422472088,-1.48189971e-05,0.000838677005,1169.0997999219999
