Displacement,FX,FY,FZ,MX,MY,MZ,L
15.0,0.000241160393,0.311752319,1.11484504,416.348678,0.000234313891,-0.0304836616,1127.252366515
