Displacement,FX,FY,FZ,MX,MY,MZ,L
15.0,-3.91155482e-07,-0.000148057938,0.000666452048,0.288071867,-1.76788435e-05,0.000395766738,1296.112065153
