Displacement,FX,FY,FZ,MX,MY,MZ,L
15.0,5.38304448e-07,-2.5331973e-07,1.98575436e-07,0.000111996388,1.04278992e-05,-0.000380182474,1207.9439433530001
