Displacement,FX,FY,FZ,MX,MY,MZ,L
15.0,1.07102096e-07,5.73694713e-07,-1.32628338e-06,-0.000421512485,2.59119475e-05,-0.000116521265,1346.7924590819998
