Displacement,FX,FY,FZ,MX,MY,MZ,L
15.0,1.15437433e-06,0.00736160576,0.00206905138,0.837847531,0.000106286865,-0.0014827596,1296.112065153
