Displacement,FX,FY,FZ,MX,MY,MZ,L
13.6063420683,0.718236305,0.000551690138,-0.00667726016,-7.80363764,795.895293,-836.946026,1360.63420683
