Displacement,FX,FY,FZ,MX,MY,MZ,L
15.0,8.10623169e-06,0.00413513184,0.0141532719,4.55964563,-0.00137353093,-0.000293076024,1127.252366515
