Displacement,FX,FY,FZ,MX,MY,MZ,L
13.231517784760001,0.119026667,-0.000396402486,-0.00170356664,-1.90907364,127.639328,-134.968142,1323.1517784760001
