Displacement,FX,FY,FZ,MX,MY,MZ,L
11.55479201803,0.331077117,-0.00524059354,-0.00428723777,-4.00124544,258.112738,-329.021388,1155.479201803
