Displacement,FX,FY,FZ,MX,MY,MZ,L
0.0628,-4.25347233,-16.8817346,-0.437042236,362.651848,-790.089172,847.619088,1305.4988632529999
