Displacement,FX,FY,FZ,MX,MY,MZ,L
0.0628,0.00611788779,-0.043133527,0.00118297338,1.45428188,53.073303,-13.2549586,1051.128022036
