Displacement,FX,FY,FZ,MX,MY,MZ,L
0.0628,-0.0403038263,-0.285944052,-0.0147931576,2.95874387,-156.089222,47.9842731,1366.973376629
