Displacement,FX,FY,FZ,MX,MY,MZ,L
15.0,-8.86619091e-07,0.000519990921,0.00147178513,0.625885052,1.22484776e-05,0.000494738212,1195.335915728
