Displacement,FX,FY,FZ,MX,MY,MZ,L
11.95335915728,312.195761,-0.442280756,-1.7823292,-1804.03215,121236.267,-320633.046,1195.335915728
