Displacement,FX,FY,FZ,MX,MY,MZ,L
15.0,-5.10364771e-07,-0.000736892223,0.00287849468,1.28609625,-2.13503693e-05,0.000505600053,1323.1517784760001
