Displacement,FX,FY,FZ,MX,MY,MZ,L
10.349850747200001,0.0428822434,-1.50282643e-08,-0.000311981887,-0.302747264,29.0487805,-38.1343101,1034.98507472
