Displacement,FX,FY,FZ,MX,MY,MZ,L
12.76231186255,0.229537642,-0.00158642105,-0.00297951582,-3.17471192,218.333247,-251.268082,1276.231186255
