Displacement,FX,FY,FZ,MX,MY,MZ,L
12.76231186255,1721.41496,-2.08635855,-12.2722169,-13562.6205,341888.494,-1887478.02,1276.231186255
