Displacement,FX,FY,FZ,MX,MY,MZ,L
13.14512958828,1.14032741,0.000343039488,-0.0103588304,-11.6752051,1112.73448,-1284.42886,1314.512958828
