Displacement,FX,FY,FZ,MX,MY,MZ,L
0.0628,4.44779205,-35.9400597,0.993103027,1221.10956,31366.3433,-7846.49873,1066.970886314
