Displacement,FX,FY,FZ,MX,MY,MZ,L
12.86355244347,96.6353583,-0.0307776915,-0.549946323,-601.514136,51260.0528,-106600.883,1286.355244347
