Displacement,FX,FY,FZ,MX,MY,MZ,L
13.669733766290001,0.0604730328,0.000289856095,-0.00085822097,-1.02088936,75.8349715,-70.7768025,1366.973376629
