Displacement,FX,FY,FZ,MX,MY,MZ,L
15.0,-1.1138618e-06,0.000853300095,0.00473582279,2.03878585,-1.00910431e-05,0.000533975607,1232.1219419559998
