Displacement,FX,FY,FZ,MX,MY,MZ,L
15.0,2.67028809e-05,0.0078125,-0.136767387,-57.6632959,-0.00465611958,-0.0033226501,1082.509144629
