Displacement,FX,FY,FZ,MX,MY,MZ,L
15.0,1.19060278e-05,0.00245851278,0.0115825981,4.64661087,-0.00033254164,-0.0154355037,1276.231186255
