Displacement,FX,FY,FZ,MX,MY,MZ,L
11.41528729776,0.0293402683,-4.45518708e-09,-0.000236378517,-0.242948112,22.8461811,-28.7469433,1141.528729776
