Displacement,FX,FY,FZ,MX,MY,MZ,L
0.0628,-1.48908138,-7.09137815,-0.294143677,107.406219,-2275.64547,818.737866,1346.7924590819998
