Displacement,FX,FY,FZ,MX,MY,MZ,L
15.0,5.88595867e-07,0.000937700272,0.00107207964,0.357662283,6.04301525e-05,-0.000510583763,1082.509144629
