Displacement,FX,FY,FZ,MX,MY,MZ,L
0.0628,0.000907758251,-0.00641367491,0.000175848603,0.216281529,7.9925909,-1.9951663,1051.128022036
