Displacement,FX,FY,FZ,MX,MY,MZ,L
13.14512958828,5.76858257,0.000169205616,-0.0453988593,-51.0727135,4981.35512,-6497.91765,1314.512958828
