Displacement,FX,FY,FZ,MX,MY,MZ,L
10.669708863139999,0.113674272,0.00159259929,-0.00112105696,-1.11423142,79.6730158,-103.915275,1066.970886314
