Displacement,FX,FY,FZ,MX,MY,MZ,L
0.0628,-0.00103374873,-0.00511752884,-4.11644578e-05,0.140007393,2.8779174,-0.521400397,1232.1219419559998
