Displacement,FX,FY,FZ,MX,MY,MZ,L
15.0,6.19888306e-06,0.00126409531,0.0349606872,14.9508107,0.000345304808,-0.00500513479,1314.512958828
