Displacement,FX,FY,FZ,MX,MY,MZ,L
0.0628,-0.0031869784,-0.0167852779,-0.000765323639,0.221151834,-7.53558983,2.45895042,1353.906594098
