Displacement,FX,FY,FZ,MX,MY,MZ,L
12.86355244347,1704.13313,-2.03725065,-12.1005373,-13425.4399,336603.59,-1882925.26,1286.355244347
