Displacement,FX,FY,FZ,MX,MY,MZ,L
15.0,-2.05822289e-06,0.000517606735,0.00112037081,0.461227992,-2.16029075e-05,0.000695716284,1155.479201803
