Displacement,FX,FY,FZ,MX,MY,MZ,L
11.95335915728,0.0424024812,-1.5266367e-09,-0.000363613246,-0.379568326,35.6325128,-43.4812237,1195.335915728
