Displacement,FX,FY,FZ,MX,MY,MZ,L
11.126541877340001,8.80399117,-0.00896302587,-0.0681949086,-64.6884394,5799.42405,-8412.18002,1112.654187734
