Displacement,FX,FY,FZ,MX,MY,MZ,L
15.0,-2.23517416e-08,-5.0842762e-05,0.000484781107,0.205879002,1.40555362e-05,0.000402275293,1286.355244347
