Displacement,FX,FY,FZ,MX,MY,MZ,L
15.0,2.76137143e-07,0.000245034695,0.000273766345,0.105801487,1.90282671e-07,-0.000150671172,1051.128022036
