Displacement,FX,FY,FZ,MX,MY,MZ,L
15.0,-4.27477061e-07,9.90927218e-07,-2.45636329e-07,-0.000154731942,-3.98940114e-05,0.000441424494,1314.512958828
