Displacement,FX,FY,FZ,MX,MY,MZ,L
13.054988632529998,0.0444504786,0.000943407851,-0.000616262769,-0.741777524,46.0199955,-49.6448904,1305.4988632529999
