Displacement,FX,FY,FZ,MX,MY,MZ,L
10.51128022036,0.211521711,-0.00268193132,-0.00284905918,-2.46247652,145.079387,-191.427716,1051.128022036
