Displacement,FX,FY,FZ,MX,MY,MZ,L
15.0,-6.79865478e-08,0.000226080418,0.000399723358,0.166670045,-3.22489154e-06,-0.000152047469,1141.528729776
