Displacement,FX,FY,FZ,MX,MY,MZ,L
15.0,-2.92900949e-07,-1.66893006e-06,1.63121149e-06,0.000815539651,-3.52700809e-06,0.000101947265,1353.906594098
