Displacement,FX,FY,FZ,MX,MY,MZ,L
0.0628,-0.0356286168,-0.302845895,0.0010061264,9.14181023,234.984943,-50.0810098,1182.386635632
