Displacement,FX,FY,FZ,MX,MY,MZ,L
15.0,0.001953125,-4.875,294.155823,135832.261,0.124552346,-1.6164158,1353.906594098
