Displacement,FX,FY,FZ,MX,MY,MZ,L
0.0628,-0.00240713451,-0.0092192883,-0.000257238746,0.190941568,0.25931739,0.333089911,1305.4988632529999
