Displacement,FX,FY,FZ,MX,MY,MZ,L
0.0628,-0.00402219268,-0.0198925366,-0.000160157681,0.543976907,11.0793187,-2.00102538,1232.1219419559998
