Displacement,FX,FY,FZ,MX,MY,MZ,L
15.0,-2.83122063e-07,-3.81469726e-06,2.54493207e-05,0.0108687103,1.67940607e-05,-0.000297092331,1366.973376629
