Displacement,FX,FY,FZ,MX,MY,MZ,L
15.0,5.91389837e-08,0.000243127346,0.000552752463,0.233748272,2.99202274e-06,-3.05415588e-05,1169.0997999219999
