Displacement,FX,FY,FZ,MX,MY,MZ,L
15.0,1.49011618e-08,-0.00341463089,0.0189613029,8.67986344,-4.44186184e-05,0.000752414604,1346.7924590819998
