Displacement,FX,FY,FZ,MX,MY,MZ,L
15.0,-7.59959222e-07,0.000506639481,-0.000534074381,-0.135036743,2.66351678e-05,-2.40221621e-05,1360.63420683
