Displacement,FX,FY,FZ,MX,MY,MZ,L
15.0,-7.62939453e-05,0.0241699219,0.540268302,233.171663,-0.00195984513,0.0310369095,1276.231186255
