Displacement,FX,FY,FZ,MX,MY,MZ,L
15.0,-1.4808029e-07,8.01682472e-06,0.000140913296,0.0565750547,6.80014904e-06,0.000310593216,1254.8930234210002
