Displacement,FX,FY,FZ,MX,MY,MZ,L
15.0,2.68220901e-07,0.000262230635,0.000987972948,0.426085949,-1.51316305e-05,-0.000258490272,1207.9439433530001
