Displacement,FX,FY,FZ,MX,MY,MZ,L
13.14512958828,1622.61683,-1.64186905,-11.2238681,-12602.1755,313038.785,-1830824.24,1314.512958828
