Displacement,FX,FY,FZ,MX,MY,MZ,L
0.0628,-61.011116,-301.1147,-2.88232422,8140.62289,25605.9404,2459.59255,1265.742781186
