Displacement,FX,FY,FZ,MX,MY,MZ,L
15.0,5.00679016e-06,0.00243186951,0.0187572539,7.5550905,0.00059843416,-0.00374409627,1195.335915728
