Displacement,FX,FY,FZ,MX,MY,MZ,L
15.0,-4.82797623e-06,-0.00308942795,0.0200741217,9.17899917,1.77556724e-05,0.00432591794,1346.7924590819998
