Displacement,FX,FY,FZ,MX,MY,MZ,L
15.0,2.71946192e-07,0.000347316265,0.000473356806,0.188449363,-9.89013429e-06,-0.000410881207,1097.738361015
