Displacement,FX,FY,FZ,MX,MY,MZ,L
15.0,1.17887976e-06,0.00605088472,0.00192220183,0.762845637,-2.57811634e-05,-0.000227869255,1286.355244347
