Displacement,FX,FY,FZ,MX,MY,MZ,L
15.0,1.35041771e-08,0.000988662243,0.00110333064,0.37352249,2.53559605e-05,-0.000629980178,1097.738361015
