Displacement,FX,FY,FZ,MX,MY,MZ,L
13.314128559350001,2.28115331,0.000483891187,-0.0194022786,-22.1318469,2195.24872,-2602.04031,1331.4128559350002
