Displacement,FX,FY,FZ,MX,MY,MZ,L
0.0628,-0.00149252318,-0.00909126969,-2.2649765e-05,0.26205357,6.32468775,-1.26635261,1207.9439433530001
