Displacement,FX,FY,FZ,MX,MY,MZ,L
0.0628,-0.000117912889,-0.00911768898,0.000127464533,0.293301834,9.46279033,-2.20564591,1127.252366515
