Displacement,FX,FY,FZ,MX,MY,MZ,L
0.0628,-0.149743795,-1.05217048,-0.0542917252,11.0277592,-536.725317,167.635528,1366.973376629
