Displacement,FX,FY,FZ,MX,MY,MZ,L
15.0,-9.46223736e-07,0.00268304348,0.00363738288,1.36378159,0.000128692057,0.000991674905,1220.207119082
