Displacement,FX,FY,FZ,MX,MY,MZ,L
15.0,-1.2369128e-07,1.1920929e-07,6.53089948e-08,2.14145863e-05,8.87801264e-06,-9.96462834e-05,1195.335915728
