Displacement,FX,FY,FZ,MX,MY,MZ,L
15.0,-1.81957148e-07,0.0011548996,0.000746656093,0.2471309,-2.08209981e-05,0.000211763895,1097.738361015
