Displacement,FX,FY,FZ,MX,MY,MZ,L
12.321219419559998,0.840067334,-0.000554027285,-0.00800942257,-8.43137612,717.025547,-887.702371,1232.1219419559998
