Displacement,FX,FY,FZ,MX,MY,MZ,L
15.0,-2.40281224e-07,7.96914101e-05,0.000111660338,0.0516397798,-1.28693023e-05,0.000156295281,1141.528729776
