Displacement,FX,FY,FZ,MX,MY,MZ,L
11.690997999219999,35727.4337,-9.51934735,-596.480701,-670114.74,1590807.25,-35950164.5,1169.0997999219999
