Displacement,FX,FY,FZ,MX,MY,MZ,L
10.825091446290001,0.0228586611,-1.10611555e-08,-0.000166577986,-0.1721168,16.4790185,-21.2506062,1082.509144629
