Displacement,FX,FY,FZ,MX,MY,MZ,L
0.0628,-0.801677823,-3.11307496,-0.0842933655,65.4104454,-53.9895964,140.934692,1305.4988632529999
