Displacement,FX,FY,FZ,MX,MY,MZ,L
10.51128022036,0.270334509,-0.00101373648,-0.00119274249,-1.06913106,183.850059,-244.302251,1051.128022036
