Displacement,FX,FY,FZ,MX,MY,MZ,L
15.0,-3.66196036e-06,0.000587701797,0.00183542073,0.599034688,-1.78646966e-05,0.00247191322,1034.98507472
