Displacement,FX,FY,FZ,MX,MY,MZ,L
15.0,-2.2649765e-06,0.388131142,0.0246531926,12.4661015,-1.42621628e-07,0.000880776248,1353.906594098
