Displacement,FX,FY,FZ,MX,MY,MZ,L
15.0,1.02072954e-06,0.000495672226,0.00228468515,0.748571623,-7.58179935e-05,-0.000592676533,1034.98507472
