Displacement,FX,FY,FZ,MX,MY,MZ,L
12.20207119082,5.92020521,-0.00226669204,-0.0477459729,-49.7984619,4542.63544,-6196.24312,1220.207119082
