Displacement,FX,FY,FZ,MX,MY,MZ,L
15.0,3.81469727e-05,0.00815582275,0.473707676,200.424293,0.0127916844,-0.0303876661,1286.355244347
