Displacement,FX,FY,FZ,MX,MY,MZ,L
0.0628,-0.00674391165,-0.0295932787,-0.00117304921,0.469126635,-8.6583575,3.29585687,1339.293832775
