Displacement,FX,FY,FZ,MX,MY,MZ,L
0.0628,-0.418573886,-1.61962867,-0.0395870209,35.6237408,100.265824,42.5597391,1296.112065153
