Displacement,FX,FY,FZ,MX,MY,MZ,L
13.467924590819997,0.0559133069,-8.81100603e-05,-0.000984691316,-1.1309749,65.2446016,-64.5084655,1346.7924590819998
