Displacement,FX,FY,FZ,MX,MY,MZ,L
15.0,1.3589859e-05,0.35887146,0.170175964,70.7146443,0.00127868993,-0.0245478547,1232.1219419559998
