Displacement,FX,FY,FZ,MX,MY,MZ,L
12.20207119082,0.179557403,-0.00420392539,-0.00291909184,-2.84116165,155.443779,-188.40928,1220.207119082
