Displacement,FX,FY,FZ,MX,MY,MZ,L
15.0,-7.74860381e-07,-2.98023219e-07,-8.22241418e-06,-0.00426719156,-9.64561961e-05,0.000614275322,1346.7924590819998
