Displacement,FX,FY,FZ,MX,MY,MZ,L
15.0,2.17556953e-06,0.00130844116,-0.00143301487,-0.544513046,-4.75071831e-05,-0.00270791457,1034.98507472
