Displacement,FX,FY,FZ,MX,MY,MZ,L
15.0,7.10133454e-09,2.62632963e-07,1.98779159e-08,1.4016225e-06,-1.59353801e-07,2.12507601e-05,1034.98507472
