Displacement,FX,FY,FZ,MX,MY,MZ,L
0.0628,-0.00105788911,-0.00420459453,-8.10697675e-05,0.100321624,1.12302133,-0.0987574349,1276.231186255
