Displacement,FX,FY,FZ,MX,MY,MZ,L
10.825091446290001,81.6005036,-0.0955454379,-0.518098533,-477.128088,40365.7267,-75928.5277,1082.509144629
