Displacement,FX,FY,FZ,MX,MY,MZ,L
0.0628,-0.00122288242,-0.0102566043,3.11434269e-05,0.308908887,8.41175106,-1.79921245,1182.386635632
