Displacement,FX,FY,FZ,MX,MY,MZ,L
15.0,2.33948231e-06,0.00220060349,0.025607897,11.4454574,6.74681324e-05,-0.00104953868,1286.355244347
