Displacement,FX,FY,FZ,MX,MY,MZ,L
12.20207119082,3.67803349,-0.00181750707,-0.0308043901,-32.1159019,2906.4301,-3849.4925,1220.207119082
