Displacement,FX,FY,FZ,MX,MY,MZ,L
15.0,-6.44475221e-07,0.000474691391,0.00235257298,0.785801141,-4.02560434e-05,0.000623592461,1051.128022036
