Displacement,FX,FY,FZ,MX,MY,MZ,L
13.14512958828,32283.1924,-6.79925025,-828.780659,-988957.783,1426452.0,-36451918.4,1314.512958828
