Displacement,FX,FY,FZ,MX,MY,MZ,L
15.0,-4.38094139e-06,0.000572681427,0.00372250006,1.23553984,6.77617417e-05,0.00210543518,1051.128022036
