Displacement,FX,FY,FZ,MX,MY,MZ,L
15.0,3.35276127e-07,-5.54323197e-06,-1.2870878e-06,-0.00071383892,1.99672208e-05,-0.000192011037,1331.4128559350002
