Displacement,FX,FY,FZ,MX,MY,MZ,L
11.690997999219999,0.210071009,-7.19977893e-06,-0.00178703433,-1.79982617,167.525922,-210.740447,1169.0997999219999
