Displacement,FX,FY,FZ,MX,MY,MZ,L
0.0628,-0.235207864,-0.918684483,-0.0199661255,21.1083613,131.854195,5.74238328,1286.355244347
