Displacement,FX,FY,FZ,MX,MY,MZ,L
0.0628,-67.7566338,-309.515503,-4.59521484,7881.5031,-5872.79799,10435.2391,1286.355244347
