Displacement,FX,FY,FZ,MX,MY,MZ,L
11.82386635632,0.0671641369,0.00155596852,-0.000602205691,-0.695359213,55.0769312,-67.9274071,1182.386635632
