Displacement,FX,FY,FZ,MX,MY,MZ,L
15.0,-9.59262249e-08,-0.00048699975,0.00166972505,0.739642547,-7.79044847e-06,-3.07484845e-05,1314.512958828
