Displacement,FX,FY,FZ,MX,MY,MZ,L
15.0,2.91038304e-07,-0.000521212816,0.0016525879,0.732726397,1.25811836e-05,-0.00025859785,1314.512958828
