Displacement,FX,FY,FZ,MX,MY,MZ,L
15.0,7.15255737e-06,0.00428390503,0.0496020094,20.3984892,0.000634233964,-0.0137057322,1220.207119082
