Displacement,FX,FY,FZ,MX,MY,MZ,L
15.0,1.01185709e-16,6.671875,-195.583145,-90037.6733,-0.0667272357,1.96695326e-06,1339.293832775
