Displacement,FX,FY,FZ,MX,MY,MZ,L
15.0,-9.08970833e-07,0.0358657837,0.744912952,341.172084,-0.000142970889,-0.0197719512,1331.4128559350002
