Displacement,FX,FY,FZ,MX,MY,MZ,L
15.0,9.4473362e-06,0.00183773041,0.0110409632,4.55896455,0.000297175174,-0.00670028432,1207.9439433530001
