Displacement,FX,FY,FZ,MX,MY,MZ,L
0.0628,-0.00691075297,-0.0375561398,-0.000196456909,1.05600102,23.307072,-4.45121265,1220.207119082
