Displacement,FX,FY,FZ,MX,MY,MZ,L
15.0,-4.19616699e-05,0.0192260742,0.432846546,184.840779,-0.000389936186,0.023876585,1265.742781186
