Displacement,FX,FY,FZ,MX,MY,MZ,L
0.0628,-0.0246954681,-0.151202619,-0.00035238266,4.36350311,100.993544,-20.1089708,1207.9439433530001
