Displacement,FX,FY,FZ,MX,MY,MZ,L
15.0,-2.64495611e-06,0.000614881516,0.00410707667,1.44213178,-5.42969178e-06,0.00518447196,1112.654187734
