Displacement,FX,FY,FZ,MX,MY,MZ,L
15.0,-2.01294839e-16,-0.28125,-40.1766472,-16571.9035,-0.2241934,2.19047058e-06,1155.479201803
