Displacement,FX,FY,FZ,MX,MY,MZ,L
11.95335915728,5.78500867,-0.00321426704,-0.0467469748,-47.7304827,4312.40668,-5932.86342,1195.335915728
