Displacement,FX,FY,FZ,MX,MY,MZ,L
15.0,-4.48198993e-08,5.20944595e-05,7.25792779e-05,0.0246501283,2.62557437e-06,3.66748183e-05,1034.98507472
