Displacement,FX,FY,FZ,MX,MY,MZ,L
11.690997999219999,1669.49014,-1.4483503,-11.4655323,-12043.4421,335927.287,-1679871.98,1169.0997999219999
