Displacement,FX,FY,FZ,MX,MY,MZ,L
10.349850747200001,14.0795163,-0.0192748004,-0.10299207,-90.7466303,8207.61733,-12525.7695,1034.98507472
