Displacement,FX,FY,FZ,MX,MY,MZ,L
0.0628,-0.00330221234,-0.0163310282,-0.000131428242,0.446713594,9.11450839,-1.6471044,1232.1219419559998
