Displacement,FX,FY,FZ,MX,MY,MZ,L
0.0628,-0.00292772055,-0.0120318937,-0.000198334455,0.298264132,4.10312246,-0.512518996,1265.742781186
