Displacement,FX,FY,FZ,MX,MY,MZ,L
0.0628,-0.00192540279,-0.0095246227,-7.66962767e-05,0.260523206,5.33928642,-0.966227967,1232.1219419559998
