Displacement,FX,FY,FZ,MX,MY,MZ,L
15.0,-1.12690032e-06,0.000450611115,0.00118826365,0.506018971,-1.04152576e-05,0.000811127549,1195.335915728
