Displacement,FX,FY,FZ,MX,MY,MZ,L
12.96112065153,0.62681465,0.000342926883,-0.00603354326,-6.71589594,604.320974,-696.249527,1296.112065153
