Displacement,FX,FY,FZ,MX,MY,MZ,L
15.0,-2.63098628e-07,-7.45058067e-07,6.42648956e-08,6.23100116e-06,-3.94082429e-05,0.000265005757,1232.1219419559998
