Displacement,FX,FY,FZ,MX,MY,MZ,L
15.0,-1.05798244e-06,0.000455260277,0.000531934202,0.207575205,-3.98938313e-05,0.000449282274,1082.509144629
