Displacement,FX,FY,FZ,MX,MY,MZ,L
13.054988632529998,33069.8601,-7.02211352,-829.133675,-987685.162,1463741.6,-37090336.9,1305.4988632529999
