Displacement,FX,FY,FZ,MX,MY,MZ,L
0.0628,0.00276711211,-0.015860742,0.000476330519,0.537420111,20.1835953,-5.09420424,1034.98507472
