Displacement,FX,FY,FZ,MX,MY,MZ,L
15.0,7.74860382e-06,0.00214767456,0.00817895681,3.14226885,0.000237263088,-0.00603503031,1155.479201803
