Displacement,FX,FY,FZ,MX,MY,MZ,L
12.20207119082,0.14605769,-0.00256623327,-0.00241555568,-2.39800064,126.716999,-153.15402,1220.207119082
