Displacement,FX,FY,FZ,MX,MY,MZ,L
13.054988632529998,0.0291593923,0.00109536134,-0.000284727954,-0.379755724,30.2221203,-32.5254483,1305.4988632529999
