Displacement,FX,FY,FZ,MX,MY,MZ,L
15.0,-1.10361725e-07,4.3213368e-07,5.85423551e-08,3.8362922e-05,-9.50388137e-06,0.000173111498,1182.386635632
