Displacement,FX,FY,FZ,MX,MY,MZ,L
13.6063420683,0.0256228349,0.000448916949,-0.000477267051,-0.581860089,31.7461214,-29.831651,1360.63420683
