Displacement,FX,FY,FZ,MX,MY,MZ,L
12.43685010427,0.227386521,-0.00393382091,-0.00330038863,-3.31533714,203.874571,-242.926926,1243.685010427
