Displacement,FX,FY,FZ,MX,MY,MZ,L
15.0,-8.34465027e-06,0.0638461113,0.0215670224,9.55103229,-0.00037705481,0.00687823843,1195.335915728
