Displacement,FX,FY,FZ,MX,MY,MZ,L
13.314128559350001,87.8348524,-0.0120737564,-0.46148536,-522.753717,45062.2423,-100224.016,1331.4128559350002
