Displacement,FX,FY,FZ,MX,MY,MZ,L
15.0,1.4412435e-16,5.875,-151.48407,-68991.4304,-0.00463437475,2.80141814e-06,1323.1517784760001
