Displacement,FX,FY,FZ,MX,MY,MZ,L
15.0,-5.42495398e-08,9.91858484e-08,-1.71537977e-07,-0.000107510175,-7.79486726e-06,-8.10283547e-05,1305.4988632529999
