Displacement,FX,FY,FZ,MX,MY,MZ,L
15.0,1.54972076e-06,0.00677871704,0.0985615924,42.9549201,0.000320051644,-0.00204328154,1276.231186255
