Displacement,FX,FY,FZ,MX,MY,MZ,L
0.0628,-34.2553406,-275.214508,1.00488281,8365.15806,92478.2432,-16238.308,1207.9439433530001
