Displacement,FX,FY,FZ,MX,MY,MZ,L
15.0,1.95577741e-07,1.05202198e-05,9.66340303e-05,0.038240496,-2.16363359e-05,-7.66090588e-05,1243.685010427
