Displacement,FX,FY,FZ,MX,MY,MZ,L
15.0,2.16066837e-07,-0.00203561783,0.00939266104,4.26900136,-9.55968919e-05,-0.000303555462,1339.293832775
