Displacement,FX,FY,FZ,MX,MY,MZ,L
0.0628,0.000422488432,-0.00298502878,8.200109e-05,0.100705304,3.73054569,-0.931311058,1051.128022036
