Displacement,FX,FY,FZ,MX,MY,MZ,L
0.0628,-0.011063762,-0.045801946,-0.00168031454,0.784240376,-9.78799305,4.27352687,1331.4128559350002
