Displacement,FX,FY,FZ,MX,MY,MZ,L
13.054988632529998,5.85453652,1.94031486e-05,-0.046264219,-51.6868797,4997.01125,-6550.13642,1305.4988632529999
