Displacement,FX,FY,FZ,MX,MY,MZ,L
0.0628,0.00125077739,-0.0114478562,0.000283256173,0.383462975,13.8223642,-3.41046795,1066.970886314
