Displacement,FX,FY,FZ,MX,MY,MZ,L
15.0,-9.53674316e-06,-0.00192260742,0.373663425,173.168663,-0.000242393605,0.00704541907,1366.973376629
