Displacement,FX,FY,FZ,MX,MY,MZ,L
0.0628,-0.00271284953,-0.0105117308,-0.00023303926,0.240099587,1.96596828,-0.0329518085,1286.355244347
