Displacement,FX,FY,FZ,MX,MY,MZ,L
15.0,4.69386578e-07,0.00155729055,0.000826290925,0.286898419,2.17398161e-05,-0.000455297641,1155.479201803
