Displacement,FX,FY,FZ,MX,MY,MZ,L
15.0,5.24520874e-06,0.002161026,-0.000369384885,-0.260018059,-0.000161032893,-0.00187138561,1082.509144629
