Displacement,FX,FY,FZ,MX,MY,MZ,L
0.0628,0.0175018311,-0.158833414,0.00395464897,5.32335178,186.466368,-46.0712332,1066.970886314
