Displacement,FX,FY,FZ,MX,MY,MZ,L
15.0,-3.46899033e-05,0.253613472,0.0491801351,22.7863327,-0.000904344041,0.0280495324,1243.685010427
