Displacement,FX,FY,FZ,MX,MY,MZ,L
13.054988632529998,0.100962614,-0.00101117684,-0.0016887153,-1.83407268,103.852117,-113.038666,1305.4988632529999
