Displacement,FX,FY,FZ,MX,MY,MZ,L
0.0628,-62.6878662,-327.15183,-10.9433594,6265.28859,-124692.182,35818.2507,1346.7924590819998
