Displacement,FX,FY,FZ,MX,MY,MZ,L
0.0628,-0.00911325216,-0.0352970958,-0.00108802319,0.690030178,-1.94547211,1.98142452,1314.512958828
