Displacement,FX,FY,FZ,MX,MY,MZ,L
15.0,1.97906047e-06,0.00291027129,0.00251543149,0.970059597,0.000150466215,-0.00303262168,1254.8930234210002
