Displacement,FX,FY,FZ,MX,MY,MZ,L
15.0,4.15484907e-16,-4.33007812,323.982819,150664.269,-0.00316632295,-0.142949909,1366.973376629
