Displacement,FX,FY,FZ,MX,MY,MZ,L
15.0,-1.56462193e-07,0.00092792511,0.000396743417,0.139464999,5.04710845e-05,-0.000271282668,1066.970886314
