Displacement,FX,FY,FZ,MX,MY,MZ,L
13.539065940979999,0.0545400344,-4.93367747e-06,-0.000929360045,-1.07733926,65.2610352,-63.2461334,1353.906594098
