Displacement,FX,FY,FZ,MX,MY,MZ,L
15.0,-5.72763383e-08,5.21242619e-05,5.82675566e-05,0.0254933243,1.30845867e-05,-3.1530452e-05,1051.128022036
