Displacement,FX,FY,FZ,MX,MY,MZ,L
15.0,-3.81469727e-05,0.0160827637,0.873868942,384.382983,3.93159134e-05,0.0209855903,1331.4128559350002
