Displacement,FX,FY,FZ,MX,MY,MZ,L
0.0628,-0.000497344881,-0.0396579765,0.000556230545,1.27607762,40.7116118,-9.48933783,1127.252366515
