Displacement,FX,FY,FZ,MX,MY,MZ,L
15.0,-1.19302422e-06,0.00443842262,0.00241034199,0.95310058,-5.47593677e-05,5.19395879e-05,1276.231186255
