Displacement,FX,FY,FZ,MX,MY,MZ,L
15.0,-1.64844096e-07,2.32830649e-07,-5.77419995e-08,-7.81445691e-05,-8.11562721e-06,0.00016513325,1182.386635632
