Displacement,FX,FY,FZ,MX,MY,MZ,L
13.669733766290001,0.516194961,0.000533194388,-0.0049327031,-5.79836287,593.380473,-604.260738,1366.973376629
