Displacement,FX,FY,FZ,MX,MY,MZ,L
12.20207119082,0.0595673772,0.00143645155,-0.000598136103,-0.703670916,51.8652489,-62.1639465,1220.207119082
