Displacement,FX,FY,FZ,MX,MY,MZ,L
15.0,-4.50760126e-07,0.000848054886,0.003717368,1.56780418,-1.70749983e-05,0.000147124161,1207.9439433530001
