Displacement,FX,FY,FZ,MX,MY,MZ,L
15.0,6.10947609e-06,0.0732927471,-0.0121441372,-3.23247694,0.000500297528,-0.00507104474,1305.4988632529999
