Displacement,FX,FY,FZ,MX,MY,MZ,L
15.0,-1.18277967e-07,9.96515147e-07,5.6065619e-07,0.000402404943,-4.01667222e-05,0.000253690037,1305.4988632529999
