Displacement,FX,FY,FZ,MX,MY,MZ,L
15.0,3.87895853e-07,-4.32133673e-07,3.2998287e-08,3.92969951e-05,3.95653091e-06,-4.80000129e-05,1232.1219419559998
