Displacement,FX,FY,FZ,MX,MY,MZ,L
12.65742781186,0.061227167,0.00106235443,-0.000814655243,-0.941811178,57.9133339,-66.3248396,1265.742781186
