Displacement,FX,FY,FZ,MX,MY,MZ,L
15.0,3.30619514e-07,3.6507845e-06,-5.29063982e-06,-0.00201240206,9.32532186e-06,-0.000345714762,1353.906594098
