Displacement,FX,FY,FZ,MX,MY,MZ,L
15.0,1.14421709e-06,0.00373961031,0.00141048245,0.533712621,3.2610692e-05,-0.000419621582,1254.8930234210002
