Displacement,FX,FY,FZ,MX,MY,MZ,L
11.55479201803,1643.63692,-1.36618647,-11.1889229,-11650.9312,330154.929,-1634869.86,1155.479201803
