Displacement,FX,FY,FZ,MX,MY,MZ,L
0.0628,-0.00202158419,-0.00774437701,-0.0001937747,0.168858819,0.840972979,0.127223902,1296.112065153
