Displacement,FX,FY,FZ,MX,MY,MZ,L
0.0628,-0.00306221843,-0.269597113,0.00384092331,8.6870138,267.623149,-62.4087359,1127.252366515
