Displacement,FX,FY,FZ,MX,MY,MZ,L
15.0,-6.74277545e-07,-0.000319004059,0.00196331437,0.865707388,4.61529952e-05,0.00128409821,1314.512958828
