Displacement,FX,FY,FZ,MX,MY,MZ,L
15.0,0.000354766846,1.87109375,181.481934,69502.6092,0.00865370256,0.347546548,1141.528729776
