Displacement,FX,FY,FZ,MX,MY,MZ,L
0.0628,0.00723449141,-0.0414259061,0.00124502182,1.40369483,52.3206496,-13.2108733,1034.98507472
