Displacement,FX,FY,FZ,MX,MY,MZ,L
15.0,-5.88595868e-07,0.000675678253,0.0006747609,0.259494941,-5.21508048e-06,0.000152757022,1082.509144629
