Displacement,FX,FY,FZ,MX,MY,MZ,L
15.0,-1.0561198e-06,0.00026088953,0.000301298802,0.118193364,-4.74972826e-06,0.00045748248,1066.970886314
