Displacement,FX,FY,FZ,MX,MY,MZ,L
0.0628,0.000500018243,-0.00286502577,8.63149762e-05,0.0971589981,3.67511554,-0.927550133,1034.98507472
