Displacement,FX,FY,FZ,MX,MY,MZ,L
15.0,-3.97861004e-06,0.00137901306,0.00204503909,0.756452365,2.86926616e-06,0.00172560843,1112.654187734
