Displacement,FX,FY,FZ,MX,MY,MZ,L
12.548930234210001,0.477306373,-0.000660942931,-0.0049780542,-5.32006389,429.34001,-513.613897,1254.8930234210002
