Displacement,FX,FY,FZ,MX,MY,MZ,L
12.65742781186,1.6703225,-0.000340554827,-0.0148585928,-16.0912167,1466.97806,-1812.5458,1265.742781186
