Displacement,FX,FY,FZ,MX,MY,MZ,L
15.0,-1.18277967e-07,0.00665302575,0.00277532451,1.13136695,0.000227751973,-0.00110620693,1296.112065153
