Displacement,FX,FY,FZ,MX,MY,MZ,L
15.0,-5.91389832e-08,0.000950798392,0.000761905569,0.243662332,1.83980622e-05,0.000121638424,1051.128022036
