Displacement,FX,FY,FZ,MX,MY,MZ,L
15.0,-1.28895044e-06,0.00109559298,0.0021100333,0.765931651,-0.000155559472,-0.000580451922,1169.0997999219999
