Displacement,FX,FY,FZ,MX,MY,MZ,L
15.0,1.42306089e-06,0.000914573669,0.00240276568,0.963616556,0.000105259314,-0.000212949583,1155.479201803
