Displacement,FX,FY,FZ,MX,MY,MZ,L
0.0628,-7.2278548e-05,-0.00555698853,7.77393579e-05,0.178800548,5.77888007,-1.34707727,1127.252366515
