Displacement,FX,FY,FZ,MX,MY,MZ,L
0.0628,-0.0419653952,-0.454051256,0.00279569626,13.976584,373.224208,-81.6989752,1169.0997999219999
