Displacement,FX,FY,FZ,MX,MY,MZ,L
0.0628,0.00310398638,-0.17667748,0.00298142433,5.75907316,185.399192,-43.946675,1112.654187734
