Displacement,FX,FY,FZ,MX,MY,MZ,L
0.0628,-0.00212082651,-0.0129183372,-3.20822001e-05,0.372420453,8.96675848,-1.79462808,1207.9439433530001
