Displacement,FX,FY,FZ,MX,MY,MZ,L
15.0,-4.29153442e-06,0.318885803,0.211731911,87.1743297,-0.000378150377,0.0171000455,1220.207119082
