Displacement,FX,FY,FZ,MX,MY,MZ,L
0.0628,-0.00162184145,-0.00855838531,-0.00038972497,0.113043502,-3.86567278,1.25856227,1353.906594098
