Displacement,FX,FY,FZ,MX,MY,MZ,L
15.0,-1.62981447e-08,0.000198051333,0.000310485426,0.128874619,-1.05669792e-05,-7.0164936e-05,1127.252366515
