Displacement,FX,FY,FZ,MX,MY,MZ,L
15.0,2.16066837e-07,0.0010881424,0.00480072945,1.98449915,-0.000248016013,-0.00130600023,1195.335915728
