Displacement,FX,FY,FZ,MX,MY,MZ,L
15.0,-4.60445881e-06,0.0359645486,-0.00055226963,0.686000635,-9.16900205e-05,0.00520370177,1243.685010427
