Displacement,FX,FY,FZ,MX,MY,MZ,L
15.0,-9.4436109e-07,0.000429809093,0.00370356301,1.63295994,-8.37571294e-07,0.000809246257,1254.8930234210002
