Displacement,FX,FY,FZ,MX,MY,MZ,L
13.467924590819997,0.027020814,0.000743258315,-0.000394597737,-0.497421704,31.7172922,-31.122035,1346.7924590819998
