Displacement,FX,FY,FZ,MX,MY,MZ,L
15.0,-3.33040953e-06,0.00136113167,0.001836112,0.669271477,-8.31412166e-05,0.00373625458,1182.386635632
