Displacement,FX,FY,FZ,MX,MY,MZ,L
0.0628,-0.00372668728,-0.0547944158,0.000471174717,1.71222456,50.4328551,-11.3153337,1155.479201803
