Displacement,FX,FY,FZ,MX,MY,MZ,L
0.0628,-11.2533493,-60.3223934,-2.51293945,926.920771,-22359.2454,7218.4442,1353.906594098
