Displacement,FX,FY,FZ,MX,MY,MZ,L
12.079439433530002,1.6159285,-0.00128054267,-0.0144520868,-14.9018734,1303.01259,-1674.48195,1207.9439433530001
