Displacement,FX,FY,FZ,MX,MY,MZ,L
15.0,1.08126551e-06,0.00039768219,0.000491636572,0.192861732,2.26774378e-05,-0.000684121747,1082.509144629
