Displacement,FX,FY,FZ,MX,MY,MZ,L
0.0628,0.00155877136,-0.0110104457,0.000301674008,0.371214884,13.6854883,-3.41637305,1051.128022036
