Displacement,FX,FY,FZ,MX,MY,MZ,L
15.0,-9.92789864e-07,-0.00118076801,0.00512320409,2.30940898,-2.28150768e-05,0.00109328896,1331.4128559350002
