Displacement,FX,FY,FZ,MX,MY,MZ,L
15.0,-4.06056642e-07,0.000713348389,0.00088904053,0.344523052,-9.45013025e-06,0.0010362733,1097.738361015
