Displacement,FX,FY,FZ,MX,MY,MZ,L
13.467924590819997,0.0309248802,0.000623925023,-0.000507951598,-0.621397119,36.2847323,-35.6336461,1346.7924590819998
