Displacement,FX,FY,FZ,MX,MY,MZ,L
15.0,4.35858965e-07,0.000734090805,0.0015348522,0.614278406,7.83139776e-06,-0.00124932603,1141.528729776
