Displacement,FX,FY,FZ,MX,MY,MZ,L
15.0,-6.83069229e-05,-0.00219154358,0.0459379554,18.7018992,-0.00254917728,0.0404256151,1276.231186255
