Displacement,FX,FY,FZ,MX,MY,MZ,L
15.0,-1.11293048e-07,6.00665808e-05,7.93234212e-05,0.0357174635,-1.59585765e-05,9.58866946e-05,1097.738361015
