Displacement,FX,FY,FZ,MX,MY,MZ,L
12.96112065153,0.149183108,-0.00146917947,-0.0022203105,-2.38654558,149.17725,-165.847485,1296.112065153
