Displacement,FX,FY,FZ,MX,MY,MZ,L
15.0,-4.11272049e-06,-0.00233650208,0.023878783,10.8914414,1.87077097e-05,0.00391978922,1346.7924590819998
