Displacement,FX,FY,FZ,MX,MY,MZ,L
15.0,0.000747680664,0.0366210938,-0.0437755585,-71.9142926,0.0351264103,-0.287200935,1141.528729776
