Displacement,FX,FY,FZ,MX,MY,MZ,L
15.0,6.79865479e-07,0.00151917338,0.00115369889,0.411469059,5.20890991e-06,-7.67424959e-05,1169.0997999219999
