Displacement,FX,FY,FZ,MX,MY,MZ,L
0.0628,-0.00266229361,-0.0140284314,-0.00063945353,0.184946343,-6.30998122,2.05761882,1353.906594098
