Displacement,FX,FY,FZ,MX,MY,MZ,L
11.690997999219999,1.08301113,-0.00259731155,-0.0102039352,-10.1102115,838.434331,-1086.80244,1169.0997999219999
