Displacement,FX,FY,FZ,MX,MY,MZ,L
15.0,1.31130219e-06,0.00141334534,0.00531431288,2.1172773,-0.000175632378,-0.000834132224,1169.0997999219999
