Displacement,FX,FY,FZ,MX,MY,MZ,L
15.0,5.54323196e-06,0.0221881866,0.0128039792,7.42470035,0.000272291884,-0.00658728843,1346.7924590819998
