Displacement,FX,FY,FZ,MX,MY,MZ,L
15.0,6.81728125e-07,0.000742912292,0.0098416775,4.38589955,3.5313503e-05,-0.000842089636,1276.231186255
