Displacement,FX,FY,FZ,MX,MY,MZ,L
0.0628,-0.0649453998,-0.269017108,-0.00983858109,4.62014186,-57.0650402,24.9516012,1331.4128559350002
