Displacement,FX,FY,FZ,MX,MY,MZ,L
15.0,3.82773578e-07,-0.000431746244,-0.00029067765,0.0331895329,-6.41142833e-07,-0.000280795881,1366.973376629
