Displacement,FX,FY,FZ,MX,MY,MZ,L
0.0628,-0.186994791,-1.34791672,0.00126647949,39.9688681,899.293783,-184.401097,1195.335915728
