Displacement,FX,FY,FZ,MX,MY,MZ,L
15.0,-2.84910202e-05,0.00304412842,-0.0200683773,-7.62235998,-0.00102271861,0.00175794341,1034.98507472
