Displacement,FX,FY,FZ,MX,MY,MZ,L
15.0,-3.59117985e-06,0.00149536133,0.00682510808,2.75592527,-0.000321482552,0.00267921572,1182.386635632
