Displacement,FX,FY,FZ,MX,MY,MZ,L
15.0,-1.58324838e-05,0.123300374,0.00555676036,4.46967653,-0.00094157627,0.00927500082,1265.742781186
