Displacement,FX,FY,FZ,MX,MY,MZ,L
11.41528729776,3.33242831,-0.00438921218,-0.0279635526,-27.1781367,2394.64444,-3265.74639,1141.528729776
