Displacement,FX,FY,FZ,MX,MY,MZ,L
0.0628,-0.000370379305,-0.00391768734,2.27242708e-05,0.120305046,3.45441641,-0.758499462,1169.0997999219999
