Displacement,FX,FY,FZ,MX,MY,MZ,L
0.0628,-1.64864969,-6.92372882,-0.245521545,122.502231,-1461.31926,627.298261,1331.4128559350002
