Displacement,FX,FY,FZ,MX,MY,MZ,L
0.0628,-0.406300887,-1.59285092,-0.0343475342,36.690612,210.430302,13.7296167,1286.355244347
