Displacement,FX,FY,FZ,MX,MY,MZ,L
15.0,-6.70552253e-07,0.000176787376,-0.000210070517,-0.0422626427,-4.31148529e-05,7.24125971e-05,1360.63420683
