Displacement,FX,FY,FZ,MX,MY,MZ,L
13.054988632529998,0.363508903,0.000378736835,-0.00372977019,-4.19102151,363.566297,-406.646276,1305.4988632529999
