Displacement,FX,FY,FZ,MX,MY,MZ,L
15.0,-3.68906565e-16,0.15625,-38.3149109,-14052.1839,0.00911243464,-9.61125157e-07,1034.98507472
