Displacement,FX,FY,FZ,MX,MY,MZ,L
15.0,-0.00100708008,0.629150391,6.7124548,2439.16109,-0.00853687512,0.985409313,1097.738361015
