Displacement,FX,FY,FZ,MX,MY,MZ,L
0.0628,-0.000943158288,-0.0099789137,5.77718019e-05,0.306359997,8.76889641,-1.92460059,1169.0997999219999
