Displacement,FX,FY,FZ,MX,MY,MZ,L
15.0,1.98022463e-07,6.1199069e-05,7.24027341e-05,0.0346422997,-1.76899812e-06,-7.51128808e-05,1141.528729776
