Displacement,FX,FY,FZ,MX,MY,MZ,L
0.0628,-0.183604911,-0.851688683,-0.00884437561,22.7096,363.686935,-58.0588431,1243.685010427
