Displacement,FX,FY,FZ,MX,MY,MZ,L
15.0,3.4943223e-06,0.0532587022,-0.00742789544,-1.61883379,0.000105166227,-0.00472445726,1305.4988632529999
