Displacement,FX,FY,FZ,MX,MY,MZ,L
15.0,-0.00402832031,1.76953125,152.765907,52752.1602,-0.170161241,1.81768818,1034.98507472
