Displacement,FX,FY,FZ,MX,MY,MZ,L
11.690997999219999,5.60121757,-0.00433668934,-0.0453037098,-45.200193,4053.24541,-5619.87661,1169.0997999219999
