Displacement,FX,FY,FZ,MX,MY,MZ,L
15.0,5.48362732e-06,0.0705087185,0.0199592514,9.13269386,0.000574225345,-0.00160203734,1207.9439433530001
