Displacement,FX,FY,FZ,MX,MY,MZ,L
15.0,-3.98606062e-07,-0.00244092941,0.00889732572,4.05412681,9.83506295e-06,0.000402295206,1339.293832775
