Displacement,FX,FY,FZ,MX,MY,MZ,L
12.76231186255,0.0721835897,0.000625164219,-0.00108310714,-1.21926257,69.7027257,-78.9024338,1276.231186255
