Displacement,FX,FY,FZ,MX,MY,MZ,L
0.0628,-0.0118811466,-0.051235109,-0.000698328018,1.31617344,20.8315457,-3.08433345,1254.8930234210002
