Displacement,FX,FY,FZ,MX,MY,MZ,L
0.0628,-1.10082054,-13.2171316,0.10206604,411.555259,8626.74709,-1868.75787,1169.0997999219999
