Displacement,FX,FY,FZ,MX,MY,MZ,L
11.272523665149999,34499.4796,-10.0245124,-517.067444,-565297.583,1520315.77,-33486328.7,1127.252366515
