Displacement,FX,FY,FZ,MX,MY,MZ,L
13.6063420683,0.247344363,0.000547492398,-0.00253405405,-2.98128941,290.158796,-288.203442,1360.63420683
