Displacement,FX,FY,FZ,MX,MY,MZ,L
15.0,2.02655792e-06,0.00776290894,0.125578515,55.2492814,0.000695778962,-0.00150342168,1286.355244347
