Displacement,FX,FY,FZ,MX,MY,MZ,L
15.0,-1.06403604e-07,0.000118240714,0.000124374434,0.0485445357,5.01442965e-07,0.00013793257,1207.9439433530001
