Displacement,FX,FY,FZ,MX,MY,MZ,L
15.0,6.96182251e-05,0.0115966797,0.310930967,123.999196,0.00357763608,-0.0688136441,1207.9439433530001
