Displacement,FX,FY,FZ,MX,MY,MZ,L
15.0,2.34926119e-07,1.04121864e-06,9.31322576e-09,-2.92299048e-05,1.47508192e-05,0.000138337232,1276.231186255
