Displacement,FX,FY,FZ,MX,MY,MZ,L
0.0628,0.317465305,-1.78568017,0.0550479889,60.7250991,2058.72135,-523.128136,1034.98507472
