Displacement,FX,FY,FZ,MX,MY,MZ,L
0.0628,0.637260437,-11.3453474,0.241134644,377.492643,10100.2379,-2447.2593,1097.738361015
