Displacement,FX,FY,FZ,MX,MY,MZ,L
12.321219419559998,0.121285987,-0.000723519384,-0.00189498661,-1.9663026,107.433785,-128.231721,1232.1219419559998
