Displacement,FX,FY,FZ,MX,MY,MZ,L
13.467924590819997,28378.3523,-4.5169785,-765.330301,-916096.79,1255717.55,-32806634.3,1346.7924590819998
