Displacement,FX,FY,FZ,MX,MY,MZ,L
13.054988632529998,93.9843026,-0.0222863255,-0.519150198,-576.376086,49436.3598,-105192.33,1305.4988632529999
