Displacement,FX,FY,FZ,MX,MY,MZ,L
0.0628,-0.0170025639,-0.143728673,0.000459909439,4.33386404,113.870615,-24.2993639,1182.386635632
