Displacement,FX,FY,FZ,MX,MY,MZ,L
15.0,2.71131285e-07,-1.00582838e-06,-4.32773958e-08,-7.03058584e-06,-1.02822524e-05,-0.000133004194,1127.252366515
