Displacement,FX,FY,FZ,MX,MY,MZ,L
0.0628,0.000390507746,-0.00357745774,8.86805356e-05,0.119887643,4.34057087,-1.07101989,1066.970886314
