Displacement,FX,FY,FZ,MX,MY,MZ,L
13.669733766290001,4.67120846,0.000632693742,-0.0356144914,-41.6681958,4239.15507,-5468.49919,1366.973376629
