Displacement,FX,FY,FZ,MX,MY,MZ,L
15.0,4.47034836e-07,0.00105857849,0.00166254863,0.630039644,-5.30663315e-05,0.00234634382,1112.654187734
