Displacement,FX,FY,FZ,MX,MY,MZ,L
13.39293832775,0.0363475628,0.00063129457,-0.000587460818,-0.709658758,41.5226031,-41.6561072,1339.293832775
