Displacement,FX,FY,FZ,MX,MY,MZ,L
15.0,-1.19209289e-07,0.00196838379,0.0507804155,20.771221,0.0012677824,-0.000573753321,1286.355244347
