Displacement,FX,FY,FZ,MX,MY,MZ,L
0.0628,-0.425799072,-1.64555982,-0.0449962616,34.3967022,-12.9530294,71.5752803,1305.4988632529999
