Displacement,FX,FY,FZ,MX,MY,MZ,L
15.0,2.44379044e-06,0.00308990479,0.0305356011,12.6120666,0.000503145127,0.00138870963,1220.207119082
