Displacement,FX,FY,FZ,MX,MY,MZ,L
0.0628,-1.00956774,-5.72161388,-0.0226745605,162.798019,2743.34434,-498.505302,1220.207119082
