Displacement,FX,FY,FZ,MX,MY,MZ,L
15.0,6.10351562e-05,2.94921875,-6.61834717,-3115.93988,-0.0259040889,-0.0305069014,1360.63420683
