Displacement,FX,FY,FZ,MX,MY,MZ,L
15.0,-9.16421414e-07,-0.000284194946,0.00205574138,0.905333393,2.64756397e-05,0.00129413039,1314.512958828
