Displacement,FX,FY,FZ,MX,MY,MZ,L
0.0628,-0.00163292489,-0.00807896722,-6.50584698e-05,0.220978757,4.53346666,-0.820677664,1232.1219419559998
