Displacement,FX,FY,FZ,MX,MY,MZ,L
15.0,1.19279139e-06,0.00779996067,0.0016150882,0.646494094,5.12752207e-05,-0.000302117645,1296.112065153
