Displacement,FX,FY,FZ,MX,MY,MZ,L
15.0,-2.29477882e-06,0.0494375229,0.0675807446,24.184245,-0.000302167806,0.00503300877,1051.128022036
