Displacement,FX,FY,FZ,MX,MY,MZ,L
13.14512958828,1.61575351,0.000337290347,-0.0142491651,-16.0513236,1546.43744,-1819.95347,1314.512958828
