Displacement,FX,FY,FZ,MX,MY,MZ,L
15.0,8.7916851e-07,0.000743627548,0.00390119385,1.68603713,4.32955992e-05,-0.000707870579,1232.1219419559998
