Displacement,FX,FY,FZ,MX,MY,MZ,L
0.0628,0.00367531553,-0.0259368308,0.000710636377,0.874279006,32.0580985,-8.00453409,1051.128022036
