Displacement,FX,FY,FZ,MX,MY,MZ,L
15.0,6.07864724e-17,2.5625,-54.2935791,-23998.7908,0.0204219598,11.2252951,1243.685010427
