Displacement,FX,FY,FZ,MX,MY,MZ,L
15.0,7.35046341e-07,0.00123551488,0.000763080548,0.256201646,5.82053658e-05,-0.000213816373,1112.654187734
