Displacement,FX,FY,FZ,MX,MY,MZ,L
15.0,2.40572262e-07,-1.02445486e-07,-1.42463247e-08,-4.79251858e-06,7.04431207e-06,-0.000173280945,1097.738361015
