Displacement,FX,FY,FZ,MX,MY,MZ,L
11.126541877340001,0.084972084,0.00166175773,-0.000784688164,-0.83986363,63.2112876,-80.9169226,1112.654187734
