Displacement,FX,FY,FZ,MX,MY,MZ,L
0.0628,-0.0109460913,-0.0501946025,-0.000542640686,1.33261498,24.050936,-3.99941174,1243.685010427
