Displacement,FX,FY,FZ,MX,MY,MZ,L
0.0628,-0.000152650056,-0.00369248958,4.16301191e-05,0.117169237,3.65869608,-0.837971882,1141.528729776
