Displacement,FX,FY,FZ,MX,MY,MZ,L
15.0,1.11659756e-06,1.76392495e-06,9.60426711e-10,4.82261079e-05,4.87463584e-05,-0.000791473879,1254.8930234210002
