Displacement,FX,FY,FZ,MX,MY,MZ,L
11.95335915728,0.600735845,-0.00369059948,-0.0064303237,-6.41072649,489.533332,-616.481819,1195.335915728
