Displacement,FX,FY,FZ,MX,MY,MZ,L
15.0,-1.60565833e-07,2.45869169e-07,-8.09086491e-08,-0.000138088003,-2.13277731e-05,0.00016555347,1082.509144629
