Displacement,FX,FY,FZ,MX,MY,MZ,L
0.0628,0.00184423104,-0.0105720786,0.00031760335,0.358289841,13.4853364,-3.40338291,1034.98507472
