Displacement,FX,FY,FZ,MX,MY,MZ,L
0.0628,-0.595679134,-2.79654217,-0.0278511047,74.9085247,1079.91397,-165.630468,1243.685010427
