Displacement,FX,FY,FZ,MX,MY,MZ,L
0.0628,-0.01468876,-0.0568919647,-0.001752913,1.11238669,-3.21226603,3.21005725,1314.512958828
