Displacement,FX,FY,FZ,MX,MY,MZ,L
0.0628,-0.00510422513,-0.0307158499,-0.00149413943,0.361227787,-15.931809,4.97606353,1360.63420683
