Displacement,FX,FY,FZ,MX,MY,MZ,L
0.0628,-8.103405,-49.3436584,-0.100402832,1430.10137,18088.4657,-3076.08471,1220.207119082
