Displacement,FX,FY,FZ,MX,MY,MZ,L
0.0628,-0.787869275,-3.06448579,-0.0741004944,67.7045813,151.954895,88.0083,1296.112065153
