Displacement,FX,FY,FZ,MX,MY,MZ,L
15.0,2.10478902e-07,-3.64929438e-05,-2.87478324e-05,-0.0103937803,9.43279064e-06,-0.000221321903,1360.63420683
