Displacement,FX,FY,FZ,MX,MY,MZ,L
15.0,-5.14984131e-05,0.00692749023,0.0524820089,17.5043037,0.00175247211,0.00399711542,1141.528729776
