Displacement,FX,FY,FZ,MX,MY,MZ,L
15.0,3.52859497e-05,0.00817871094,0.135402203,54.2634759,-0.00173360029,-0.0162822154,1207.9439433530001
