Displacement,FX,FY,FZ,MX,MY,MZ,L
0.0628,-792.589844,-5566.31445,-82.0,154196.564,-5635067.74,769413.956,1346.7924590819998
