Displacement,FX,FY,FZ,MX,MY,MZ,L
11.95335915728,3.59105982,-0.00262995407,-0.03012519,-30.7364828,2750.71095,-3682.84081,1195.335915728
