Displacement,FX,FY,FZ,MX,MY,MZ,L
15.0,4.76837158e-07,-0.00252914429,-0.00273990631,-0.994525467,0.000105984683,-0.00173574711,1360.63420683
