Displacement,FX,FY,FZ,MX,MY,MZ,L
15.0,-6.89178705e-07,0.001691401,0.00202511554,0.752768117,0.000101289047,1.48515786e-05,1207.9439433530001
