Displacement,FX,FY,FZ,MX,MY,MZ,L
10.51128022036,31123.7382,-8.79363686,-393.069519,-405402.456,1333146.16,-28190006.4,1051.128022036
