Displacement,FX,FY,FZ,MX,MY,MZ,L
15.0,2.86102295e-06,0.00609111786,0.015011847,6.80735739,0.000298210661,0.00129393484,1331.4128559350002
