Displacement,FX,FY,FZ,MX,MY,MZ,L
15.0,1.2521632e-06,0.00422622263,0.0016912159,0.649616133,3.19958463e-05,-0.000194761744,1265.742781186
