Displacement,FX,FY,FZ,MX,MY,MZ,L
13.231517784760001,0.17795716,0.000129219908,-0.00211867929,-2.40819501,189.152244,-201.735795,1323.1517784760001
