Displacement,FX,FY,FZ,MX,MY,MZ,L
15.0,6.51925806e-08,0.000197052956,0.00044088054,0.187558205,1.6065007e-05,-0.000134615621,1169.0997999219999
