Displacement,FX,FY,FZ,MX,MY,MZ,L
15.0,5.05300704e-07,6.04894017e-07,-1.11060216e-07,-0.000172532827,3.90290427e-06,-0.000501864629,1276.231186255
