Displacement,FX,FY,FZ,MX,MY,MZ,L
15.0,6.92903995e-07,0.000394403934,0.000884702895,0.374859399,-4.99533747e-06,-0.000505519844,1182.386635632
