Displacement,FX,FY,FZ,MX,MY,MZ,L
12.20207119082,1735.88969,-1.83669741,-12.2711326,-13251.6236,349677.649,-1821703.96,1220.207119082
