Displacement,FX,FY,FZ,MX,MY,MZ,L
0.0628,-0.131958425,-0.546152603,-0.00882148743,13.5862703,162.912012,-18.1307131,1265.742781186
