Displacement,FX,FY,FZ,MX,MY,MZ,L
12.548930234210001,10.3025195,-0.00193763787,-0.0788064338,-84.5620944,7861.54692,-11085.9075,1254.8930234210002
