Displacement,FX,FY,FZ,MX,MY,MZ,L
15.0,1.21351331e-06,0.000839531422,0.00118356524,0.391754173,-2.66773121e-05,4.74730736e-05,1066.970886314
