Displacement,FX,FY,FZ,MX,MY,MZ,L
0.0628,0.000637591816,-0.00822421908,0.000181525946,0.273299747,9.63122144,-2.34673206,1082.509144629
