Displacement,FX,FY,FZ,MX,MY,MZ,L
0.0628,-0.0641234014,-0.249037206,-0.00548028946,5.69833686,40.9695423,0.452691669,1286.355244347
