Displacement,FX,FY,FZ,MX,MY,MZ,L
0.0628,0.000155149959,-0.00334298168,6.49131835e-05,0.110095314,3.78859989,-0.910804826,1097.738361015
