Displacement,FX,FY,FZ,MX,MY,MZ,L
0.0628,0.00291347131,-0.0205667503,0.000563263893,0.693143401,25.4648742,-6.35780889,1051.128022036
