Displacement,FX,FY,FZ,MX,MY,MZ,L
15.0,-1.72480941e-06,0.00110125542,0.00314628892,1.44165691,-2.40805419e-05,0.00159813263,1265.742781186
