Displacement,FX,FY,FZ,MX,MY,MZ,L
12.86355244347,0.0335222053,-0.0011462581,-0.00030901876,-0.280588824,33.3948745,-37.0719731,1286.355244347
