Displacement,FX,FY,FZ,MX,MY,MZ,L
15.0,-0.001953125,0.203125,-39.3212585,-15096.2107,-0.143434168,1.35329543,1082.509144629
