Displacement,FX,FY,FZ,MX,MY,MZ,L
13.054988632529998,18.4754181,-0.00144581589,-0.128159665,-142.979937,13629.4405,-20672.4357,1305.4988632529999
