Displacement,FX,FY,FZ,MX,MY,MZ,L
11.82386635632,38.3009342,-0.0203011597,-0.261530957,-263.782102,23384.6289,-38869.8393,1182.386635632
