Displacement,FX,FY,FZ,MX,MY,MZ,L
11.41528729776,5.37557082,-0.00561068987,-0.0434745979,-42.3023387,3772.94263,-5267.9119,1141.528729776
