Displacement,FX,FY,FZ,MX,MY,MZ,L
15.0,-1.47894025e-06,0.0134390444,0.00243131071,1.15094197,-5.54009899e-05,0.000960390418,1323.1517784760001
