Displacement,FX,FY,FZ,MX,MY,MZ,L
0.0628,-0.00022762327,-0.00332009094,2.83867121e-05,0.10374692,3.11412819,-0.699262469,1155.479201803
