Displacement,FX,FY,FZ,MX,MY,MZ,L
15.0,1.69277191e-05,0.00415039062,-0.0577908754,-21.9199791,0.00108954131,-0.0236089784,1034.98507472
