Displacement,FX,FY,FZ,MX,MY,MZ,L
13.14512958828,0.0705126512,-0.000322011026,-0.00125531643,-1.39643124,74.5342065,-79.4484132,1314.512958828
