Displacement,FX,FY,FZ,MX,MY,MZ,L
15.0,-2.33354512e-07,2.62632966e-06,6.73899193e-08,-0.000103303422,-7.18007383e-06,0.000276151337,1195.335915728
