Displacement,FX,FY,FZ,MX,MY,MZ,L
11.55479201803,0.767124787,-0.00598517068,-0.00798600799,-7.63356077,588.435409,-761.521581,1155.479201803
