Displacement,FX,FY,FZ,MX,MY,MZ,L
0.0628,-0.368669212,-1.53671394,-0.0243644714,38.3756849,418.297681,-42.3667726,1265.742781186
