Displacement,FX,FY,FZ,MX,MY,MZ,L
12.20207119082,0.0832942093,0.00111875622,-0.0010600189,-1.16932613,72.4484443,-87.0308219,1220.207119082
