Displacement,FX,FY,FZ,MX,MY,MZ,L
15.0,-6.43730164e-06,0.00380134583,0.0595459938,24.9026725,-0.000408412863,0.00334831251,1305.4988632529999
