Displacement,FX,FY,FZ,MX,MY,MZ,L
12.321219419559998,0.0709214148,0.00131585505,-0.000805834075,-0.922403406,62.9653193,-74.7816183,1232.1219419559998
