Displacement,FX,FY,FZ,MX,MY,MZ,L
11.41528729776,36.3068367,-0.0248126048,-0.249969073,-243.371131,21522.9738,-35587.9865,1141.528729776
