Displacement,FX,FY,FZ,MX,MY,MZ,L
15.0,-0.000122070312,-0.390136719,1.2412796,639.682977,-0.00518487261,0.131936694,1366.973376629
