Displacement,FX,FY,FZ,MX,MY,MZ,L
15.0,-2.2072345e-07,0.00015476346,0.000220425252,0.0911891825,-1.87408352e-06,0.000169899273,1112.654187734
