Displacement,FX,FY,FZ,MX,MY,MZ,L
15.0,4.50015068e-06,0.00142288208,0.00801548362,3.32837924,6.94460189e-05,-0.00386611361,1207.9439433530001
