Displacement,FX,FY,FZ,MX,MY,MZ,L
15.0,-2.62260437e-06,0.00414276123,0.0514273979,22.2738358,0.000504796825,0.00159828562,1265.742781186
