Displacement,FX,FY,FZ,MX,MY,MZ,L
15.0,-8.84756446e-07,0.00538285077,0.00258213142,1.03322114,1.59768278e-05,-0.000508671035,1286.355244347
