Displacement,FX,FY,FZ,MX,MY,MZ,L
0.0628,0.0450987816,-2.1466006,0.0377159119,70.279489,2054.93292,-488.318712,1112.654187734
