Displacement,FX,FY,FZ,MX,MY,MZ,L
13.669733766290001,7.88556337,0.000610417939,-0.0557884376,-65.2342748,6526.39999,-9231.65236,1366.973376629
