Displacement,FX,FY,FZ,MX,MY,MZ,L
0.0628,-0.0906795152,-0.361269131,-0.00689506531,8.63345323,84.3505691,-5.78040818,1276.231186255
