Displacement,FX,FY,FZ,MX,MY,MZ,L
0.0628,-0.00470211729,-0.0194791565,-0.000714451075,0.333743728,-4.16984272,1.81933545,1331.4128559350002
