Displacement,FX,FY,FZ,MX,MY,MZ,L
15.0,9.55769789e-08,4.55081463e-05,5.0455943e-05,0.0222600199,-4.96957722e-06,-5.7425078e-05,1051.128022036
