Displacement,FX,FY,FZ,MX,MY,MZ,L
0.0628,-0.0454365015,-1.20685017,0.0143737793,38.4500257,1076.02697,-246.345845,1141.528729776
