Displacement,FX,FY,FZ,MX,MY,MZ,L
0.0628,-0.350367188,-2.55286622,0.00305557251,75.8708314,1630.29463,-332.843187,1195.335915728
