Displacement,FX,FY,FZ,MX,MY,MZ,L
0.0628,-10.1892834,-51.4149284,-0.38848877,1414.27434,13261.49,-1640.71917,1243.685010427
