Displacement,FX,FY,FZ,MX,MY,MZ,L
15.0,3.03611159e-07,5.06639486e-07,4.51691448e-08,-0.000411976859,-1.1567752e-05,-0.000234262259,1323.1517784760001
