Displacement,FX,FY,FZ,MX,MY,MZ,L
10.51128022036,1.23604788,0.000916738602,-0.0102906011,-9.35143047,821.492977,-1116.00357,1051.128022036
