Displacement,FX,FY,FZ,MX,MY,MZ,L
12.321219419559998,0.181390704,-0.0039062409,-0.00289734011,-2.86073111,160.078464,-192.109579,1232.1219419559998
