Displacement,FX,FY,FZ,MX,MY,MZ,L
15.0,2.74460763e-06,-0.000951766968,0.00565351546,2.54252223,3.71154634e-05,-0.00239615087,1331.4128559350002
