Displacement,FX,FY,FZ,MX,MY,MZ,L
15.0,1.96072506e-07,-2.32830647e-07,1.49593691e-08,2.33583168e-05,1.11909292e-05,-0.000156881377,1097.738361015
