Displacement,FX,FY,FZ,MX,MY,MZ,L
0.0628,-0.0178442234,-0.109107278,-0.000258088112,3.14810233,73.4752692,-14.6448906,1207.9439433530001
