Displacement,FX,FY,FZ,MX,MY,MZ,L
15.0,1.40070915e-06,0.000440478325,0.000662903534,0.265890809,4.59220562e-05,-0.000977873157,1112.654187734
