Displacement,FX,FY,FZ,MX,MY,MZ,L
12.86355244347,0.229101225,-0.000974381377,-0.00286274264,-3.10351921,222.401082,-252.689463,1286.355244347
