Displacement,FX,FY,FZ,MX,MY,MZ,L
10.825091446290001,32.7723424,-0.0304999774,-0.226275414,-208.822982,18544.2929,-30481.8069,1082.509144629
