Displacement,FX,FY,FZ,MX,MY,MZ,L
0.0628,-0.00195420533,-0.00842832227,-0.000115185976,0.216472406,3.51547261,-0.527783227,1254.8930234210002
