Displacement,FX,FY,FZ,MX,MY,MZ,L
0.0628,-0.0040462818,-0.0156812905,-0.000483214855,0.306764477,-0.83695429,0.873928055,1314.512958828
