Displacement,FX,FY,FZ,MX,MY,MZ,L
0.0628,-0.00384745188,-0.0202538879,-0.000923842192,0.26658875,-9.0729674,2.96286778,1353.906594098
