Displacement,FX,FY,FZ,MX,MY,MZ,L
0.0628,8.7547116e-05,-0.00537666772,8.97943974e-05,0.175144245,5.84611142,-1.38484606,1112.654187734
