Displacement,FX,FY,FZ,MX,MY,MZ,L
0.0628,-0.0676211715,-0.737000227,0.00462913513,22.7085256,593.954391,-129.922237,1169.0997999219999
