Displacement,FX,FY,FZ,MX,MY,MZ,L
15.0,-4.23192978e-06,0.00550079346,0.0777943507,33.5587509,-0.000238123014,-0.00109064037,1265.742781186
