Displacement,FX,FY,FZ,MX,MY,MZ,L
15.0,-9.76026059e-07,0.00077009201,0.000488888472,0.183538001,-7.65595484e-05,0.00136691984,1066.970886314
