Displacement,FX,FY,FZ,MX,MY,MZ,L
13.39293832775,1.07823507,0.000514756182,-0.0097531369,-11.2065144,1110.60107,-1237.0537,1339.293832775
