Displacement,FX,FY,FZ,MX,MY,MZ,L
15.0,7.81728885e-08,0.000981241465,0.000957884127,0.318083749,-8.39050584e-06,-0.000478319038,1082.509144629
