Displacement,FX,FY,FZ,MX,MY,MZ,L
15.0,1.6450882e-05,0.00310897827,0.000468373299,-0.130311687,-5.79469587e-07,-0.0110631535,1097.738361015
