Displacement,FX,FY,FZ,MX,MY,MZ,L
12.079439433530002,0.0322703224,-1.31615689e-09,-0.000278014224,-0.293915119,27.7025562,-33.4363715,1207.9439433530001
