Displacement,FX,FY,FZ,MX,MY,MZ,L
0.0628,-1.05045128,-7.30328649,-0.370857239,80.7487405,-3378.07687,1068.47033,1366.973376629
