Displacement,FX,FY,FZ,MX,MY,MZ,L
15.0,0.000316619873,0.437011719,1.0033381,389.39981,0.00634817187,-0.101742876,1182.386635632
