Displacement,FX,FY,FZ,MX,MY,MZ,L
10.97738361015,0.0360638436,-1.00539536e-08,-0.000280072796,-0.280293387,26.4662802,-33.993575,1097.738361015
