Displacement,FX,FY,FZ,MX,MY,MZ,L
0.0628,0.000217680121,-0.00281203329,6.22160733e-05,0.0935021107,3.30544183,-0.80550247,1082.509144629
