Displacement,FX,FY,FZ,MX,MY,MZ,L
15.0,-1.23977661e-05,0.0104980469,0.220752805,94.6482554,-4.62718208e-05,0.0232486946,1265.742781186
