Displacement,FX,FY,FZ,MX,MY,MZ,L
10.97738361015,33329.0444,-10.1790531,-465.633522,-498352.854,1454435.46,-31512345.7,1097.738361015
