Displacement,FX,FY,FZ,MX,MY,MZ,L
0.0628,-0.389511645,-1.56521755,-0.0292720795,37.6078141,316.691836,-14.6378123,1276.231186255
