Displacement,FX,FY,FZ,MX,MY,MZ,L
15.0,4.58210706e-07,-0.000478506088,0.0034491187,1.53327681,-9.87850301e-06,-0.000701606732,1323.1517784760001
