Displacement,FX,FY,FZ,MX,MY,MZ,L
15.0,-3.13520432e-05,0.167337418,0.112528257,46.1519312,-0.000199200225,0.0177177016,1195.335915728
