Displacement,FX,FY,FZ,MX,MY,MZ,L
0.0628,0.000295508187,-0.00270775822,6.71893358e-05,0.0907664347,3.28812194,-0.811350013,1066.970886314
