Displacement,FX,FY,FZ,MX,MY,MZ,L
13.669733766290001,72.4940749,-0.00245206544,-0.352487713,-410.479693,33886.0508,-84881.3389,1366.973376629
