Displacement,FX,FY,FZ,MX,MY,MZ,L
10.825091446290001,0.0301865106,-8.29416902e-09,-0.000226615346,-0.228550365,21.7393044,-28.0630745,1082.509144629
