Displacement,FX,FY,FZ,MX,MY,MZ,L
15.0,3.36170197e-05,0.00897216797,0.140200242,58.7613972,-0.00142934229,-0.0251961734,1243.685010427
