Displacement,FX,FY,FZ,MX,MY,MZ,L
0.0628,0.00103584211,-0.00948290713,0.000234693289,0.31768669,11.4610459,-2.82779705,1066.970886314
