Displacement,FX,FY,FZ,MX,MY,MZ,L
13.467924590819997,8.88809504,0.000431876586,-0.06419692,-73.9554783,7380.22145,-10254.2901,1346.7924590819998
