Displacement,FX,FY,FZ,MX,MY,MZ,L
0.0628,-13.824852,-58.142251,-1.74316406,1162.99897,-10284.2848,4541.25582,1323.1517784760001
