Displacement,FX,FY,FZ,MX,MY,MZ,L
10.349850747200001,242.251,-0.509956585,-1.4141981,-1245.15589,89266.8057,-215843.721,1034.98507472
