Displacement,FX,FY,FZ,MX,MY,MZ,L
15.0,-6.55651093e-06,0.00219726563,0.0110113025,4.30649052,-8.57202346e-05,0.000835847533,1169.0997999219999
