Displacement,FX,FY,FZ,MX,MY,MZ,L
13.231517784760001,1585.70553,-1.44637949,-10.8203073,-12200.3697,302668.943,-1800515.13,1323.1517784760001
