Displacement,FX,FY,FZ,MX,MY,MZ,L
15.0,-5.96046448e-06,0.0737848282,0.0696116984,26.9390101,-0.000116807953,0.00635497273,1127.252366515
