Displacement,FX,FY,FZ,MX,MY,MZ,L
11.690997999219999,0.112822506,0.000545718934,-0.00154722284,-1.58265956,90.6532713,-113.099119,1169.0997999219999
