Displacement,FX,FY,FZ,MX,MY,MZ,L
10.669708863139999,0.0933544247,0.00171197829,-0.000828668475,-0.854455904,65.4692707,-85.2756954,1066.970886314
