Displacement,FX,FY,FZ,MX,MY,MZ,L
15.0,-7.00354576e-07,-0.00390410423,0.0176205253,8.08067545,-8.69304778e-05,0.00148647744,1346.7924590819998
