Displacement,FX,FY,FZ,MX,MY,MZ,L
15.0,2.14576721e-06,-0.00282287598,0.24166882,111.348062,9.93398646e-05,-0.00403565503,1360.63420683
