Displacement,FX,FY,FZ,MX,MY,MZ,L
0.0628,-13.8728065,-56.7179917,-1.37811279,1254.33804,-4064.95192,3029.15202,1305.4988632529999
