Displacement,FX,FY,FZ,MX,MY,MZ,L
15.0,-5.91389828e-08,0.000206053257,0.000640068145,0.275461362,4.70347692e-06,-2.93247209e-05,1195.335915728
