Displacement,FX,FY,FZ,MX,MY,MZ,L
15.0,4.88013029e-07,0.000330865383,0.000428637257,0.168365041,1.64302598e-06,-0.00032647315,1082.509144629
