Displacement,FX,FY,FZ,MX,MY,MZ,L
15.0,4.63332987e-08,-5.96046464e-08,1.83726661e-06,0.000829634731,3.54405204e-07,-2.11200788e-06,1353.906594098
