Displacement,FX,FY,FZ,MX,MY,MZ,L
15.0,5.13158739e-07,0.000501573086,0.000974990195,0.452252093,3.27461745e-05,-0.000339700692,1243.685010427
