Displacement,FX,FY,FZ,MX,MY,MZ,L
15.0,-6.96629287e-07,0.00115856528,0.000912501477,0.309897784,-1.57284759e-05,0.000328230018,1112.654187734
