Displacement,FX,FY,FZ,MX,MY,MZ,L
15.0,-9.68575477e-07,0.00191688538,0.0196447112,8.70554898,3.40879893e-05,0.000399774455,1276.231186255
