Displacement,FX,FY,FZ,MX,MY,MZ,L
0.0628,-0.000326994807,-0.00792283332,8.92281532e-05,0.25136349,7.83112332,-1.79319138,1141.528729776
