Displacement,FX,FY,FZ,MX,MY,MZ,L
15.0,-1.52587891e-05,0.0876464844,2.28798091,1013.337,-0.000275924308,0.0316291763,1305.4988632529999
