Displacement,FX,FY,FZ,MX,MY,MZ,L
15.0,-1.52587891e-05,0.150390625,2.09239197,770.601888,0.00505341528,0.00645528082,1195.335915728
