Displacement,FX,FY,FZ,MX,MY,MZ,L
0.0628,-0.478928208,-2.67782211,-0.0116577148,75.916469,1380.37197,-254.68761,1220.207119082
