Displacement,FX,FY,FZ,MX,MY,MZ,L
12.548930234210001,1.66750662,-0.000518736142,-0.014855043,-15.9426709,1439.60324,-1794.18505,1254.8930234210002
