Displacement,FX,FY,FZ,MX,MY,MZ,L
10.825091446290001,0.0476760366,-9.77387295e-09,-0.000370664784,-0.363171436,34.2650789,-44.3225374,1082.509144629
