Displacement,FX,FY,FZ,MX,MY,MZ,L
0.0628,-13.9447136,-57.4541035,-1.55853271,1211.25404,-7171.48884,3794.87342,1314.512958828
