Displacement,FX,FY,FZ,MX,MY,MZ,L
15.0,1.59023329e-07,5.96977775e-07,-5.96628457e-09,-1.15631931e-05,2.27250426e-06,-0.000318354852,1276.231186255
