Displacement,FX,FY,FZ,MX,MY,MZ,L
15.0,-0.000183105469,2.921875,184.842285,71527.9341,-0.000627047964,-9.33430867,1155.479201803
