Displacement,FX,FY,FZ,MX,MY,MZ,L
15.0,0.000366210938,2.70703125,166.23764,60106.5542,-0.0533974223,-0.18396195,1082.509144629
