Displacement,FX,FY,FZ,MX,MY,MZ,L
15.0,1.6996637e-06,2.16811896e-06,-2.58442015e-07,-0.00061928085,3.50204727e-05,-0.000954664982,1286.355244347
