Displacement,FX,FY,FZ,MX,MY,MZ,L
15.0,6.92903995e-07,0.00100779533,0.00628584158,2.76225735,-5.173967e-06,4.26175256e-05,1254.8930234210002
