Displacement,FX,FY,FZ,MX,MY,MZ,L
15.0,-2.22101808e-05,0.0909729004,0.138882443,51.651457,-0.000231709085,0.0373437336,1097.738361015
