Displacement,FX,FY,FZ,MX,MY,MZ,L
15.0,-1.18650496e-06,0.000541448593,0.000393434428,0.149743297,5.0575436e-05,0.00138684239,1051.128022036
