Displacement,FX,FY,FZ,MX,MY,MZ,L
15.0,1.05355866e-07,3.56137753e-05,3.79261619e-05,0.0171168305,-3.40043112e-06,-0.000107200528,1051.128022036
