Displacement,FX,FY,FZ,MX,MY,MZ,L
15.0,-1.93715096e-07,-2.01165676e-06,-8.18166882e-07,-0.000485359389,-2.67653685e-06,-0.000203912179,1331.4128559350002
