Displacement,FX,FY,FZ,MX,MY,MZ,L
0.0628,-3.44274521,-18.1366014,-0.791656494,259.383278,-6614.15422,2231.89999,1353.906594098
