Displacement,FX,FY,FZ,MX,MY,MZ,L
0.0628,-0.00253771525,-0.0269016698,0.000156372786,0.825944406,23.4672781,-5.14836289,1169.0997999219999
