Displacement,FX,FY,FZ,MX,MY,MZ,L
15.0,-0.000129699707,0.0284423828,0.666204929,256.561683,0.00121587171,0.0430378255,1195.335915728
