Displacement,FX,FY,FZ,MX,MY,MZ,L
15.0,1.60932541e-06,0.0156059265,0.104637578,48.3773297,-8.64202249e-05,-0.00353959537,1323.1517784760001
