Displacement,FX,FY,FZ,MX,MY,MZ,L
15.0,-8.38190312e-08,-1.04308128e-07,4.12110242e-08,4.07980803e-05,2.36133948e-06,-1.86803385e-05,1066.970886314
