Displacement,FX,FY,FZ,MX,MY,MZ,L
15.0,2.86102295e-05,0.0164794922,0.218428135,74.860103,0.00303025361,-0.0398392777,1155.479201803
