Displacement,FX,FY,FZ,MX,MY,MZ,L
15.0,6.51925802e-07,2.2649765e-06,-1.97307672e-05,-0.00727418866,4.15329018e-06,-0.000287829519,1353.906594098
