Displacement,FX,FY,FZ,MX,MY,MZ,L
15.0,6.83125108e-07,0.000334560871,0.000485221739,0.195755085,2.03249879e-05,-0.000722013514,1112.654187734
