Displacement,FX,FY,FZ,MX,MY,MZ,L
0.0628,-0.0109437821,-0.0423776433,-0.000939071178,0.967726785,7.66532134,-0.0727076685,1286.355244347
