Displacement,FX,FY,FZ,MX,MY,MZ,L
12.65742781186,19.1362472,-0.00346860847,-0.136684537,-147.834347,13730.6317,-20768.5391,1265.742781186
