Displacement,FX,FY,FZ,MX,MY,MZ,L
15.0,6.55651092e-07,-3.27825546e-06,-1.64193334e-05,-0.00626273166,6.17699023e-05,-0.000405904242,1353.906594098
