Displacement,FX,FY,FZ,MX,MY,MZ,L
12.079439433530002,0.14426328,-0.00257817611,-0.00240321551,-2.3610061,122.773464,-149.786812,1207.9439433530001
