Displacement,FX,FY,FZ,MX,MY,MZ,L
0.0628,0.0179953724,-0.102858387,0.00309813023,3.48583037,128.510296,-32.471501,1034.98507472
