Displacement,FX,FY,FZ,MX,MY,MZ,L
12.96112065153,0.0291308656,-0.000992892965,-0.000270827513,-0.248295106,29.7163625,-32.4516946,1296.112065153
