Displacement,FX,FY,FZ,MX,MY,MZ,L
11.690997999219999,0.0409042267,-3.11530606e-09,-0.000343112741,-0.353066629,33.0605818,-41.0343404,1169.0997999219999
