Displacement,FX,FY,FZ,MX,MY,MZ,L
12.079439433530002,0.0822597747,0.00117332085,-0.00103800627,-1.13815817,70.1560867,-85.0814913,1207.9439433530001
