Displacement,FX,FY,FZ,MX,MY,MZ,L
11.272523665149999,2.12098134,-0.00368849716,-0.0184127036,-17.6435815,1524.09195,-2052.9465,1127.252366515
