Displacement,FX,FY,FZ,MX,MY,MZ,L
15.0,-1.30385162e-08,0.000742077827,0.00172115129,0.792865527,9.09100283e-06,-6.33241416e-05,1254.8930234210002
