Displacement,FX,FY,FZ,MX,MY,MZ,L
10.825091446290001,0.497135268,-0.000834529446,-0.00315266941,-2.91622871,349.164504,-462.320028,1082.509144629
