Displacement,FX,FY,FZ,MX,MY,MZ,L
11.82386635632,94.8859093,-0.0740666273,-0.589381248,-592.595784,49561.9244,-96331.1626,1182.386635632
