Displacement,FX,FY,FZ,MX,MY,MZ,L
15.0,2.78651714e-06,0.000592589378,0.00641411962,2.84052231,4.26915556e-05,-0.0024610956,1265.742781186
