Displacement,FX,FY,FZ,MX,MY,MZ,L
15.0,2.51457095e-07,-0.000135481358,0.00068051886,0.293568619,1.32657253e-05,-0.000430515077,1296.112065153
