Displacement,FX,FY,FZ,MX,MY,MZ,L
15.0,-3.51931337e-17,0.00399780273,0.094352603,44.3718007,-0.00104701606,0.0239942383,1339.293832775
