Displacement,FX,FY,FZ,MX,MY,MZ,L
0.0628,-0.00167382509,-0.0120930571,-0.000624060631,0.125257217,-7.24328906,2.1738631,1366.973376629
