Displacement,FX,FY,FZ,MX,MY,MZ,L
11.55479201803,91.9135901,-0.0820128405,-0.576592147,-566.612964,47423.8983,-91217.2683,1155.479201803
