Displacement,FX,FY,FZ,MX,MY,MZ,L
15.0,-8.46385956e-06,0.00242614746,-0.00663685799,-2.62922937,-0.000709157013,0.0152397733,1051.128022036
