Displacement,FX,FY,FZ,MX,MY,MZ,L
15.0,-9.93604771e-07,-5.62518831e-07,3.41562555e-07,0.00039529297,-1.96512223e-05,0.000702781504,1286.355244347
