Displacement,FX,FY,FZ,MX,MY,MZ,L
15.0,5.17815351e-07,0.0131025314,0.00275118649,1.29616444,1.8549649e-05,6.14496407e-05,1323.1517784760001
