Displacement,FX,FY,FZ,MX,MY,MZ,L
0.0628,0.000921964645,-0.0118837068,0.000262290239,0.394910977,13.8910858,-3.38471523,1082.509144629
