Displacement,FX,FY,FZ,MX,MY,MZ,L
11.126541877340001,0.0278406837,-9.83235307e-09,-0.000216007233,-0.220615096,20.8564336,-26.5950927,1112.654187734
