Displacement,FX,FY,FZ,MX,MY,MZ,L
15.0,9.17352735e-08,0.000189125538,0.000206317462,0.0789190878,1.17477838e-06,-0.000266951934,1034.98507472
