Displacement,FX,FY,FZ,MX,MY,MZ,L
12.96112065153,1681.89776,-1.94491883,-11.8676126,-13218.4826,330030.154,-1872021.08,1296.112065153
