Displacement,FX,FY,FZ,MX,MY,MZ,L
0.0628,-0.128556848,-0.796352029,-0.00159263611,23.0511801,498.274279,-98.3769123,1207.9439433530001
