Displacement,FX,FY,FZ,MX,MY,MZ,L
15.0,-7.34627247e-06,0.010289371,0.00517763197,2.37632503,-0.000288537676,0.00617537716,1323.1517784760001
