Displacement,FX,FY,FZ,MX,MY,MZ,L
15.0,1.1742115e-05,0.00299835205,0.0240227729,9.79153059,0.000119637778,-0.00426762393,1207.9439433530001
