Displacement,FX,FY,FZ,MX,MY,MZ,L
0.0628,-0.00488368049,-0.0189218554,-0.000583201647,0.370054879,-1.01658522,1.05624458,1314.512958828
