Displacement,FX,FY,FZ,MX,MY,MZ,L
15.0,-5.53019345e-06,0.0231292248,0.0164941512,6.55769688,0.000105935293,0.000978838151,1097.738361015
