Displacement,FX,FY,FZ,MX,MY,MZ,L
15.0,3.74391675e-07,-1.13844872e-05,0.00019832197,0.0820172514,1.94379933e-05,-0.000357236432,1265.742781186
