Displacement,FX,FY,FZ,MX,MY,MZ,L
15.0,3.7997961e-07,0.000364094973,0.000845851668,0.38912255,-1.62254729e-05,-0.000304388068,1243.685010427
