Displacement,FX,FY,FZ,MX,MY,MZ,L
0.0628,-0.0334612802,-0.128161974,-0.00319886208,2.7951521,12.2097843,2.48585953,1296.112065153
