Displacement,FX,FY,FZ,MX,MY,MZ,L
0.0628,-0.0660284981,-0.253282428,-0.00630092621,5.53142186,22.4880785,5.25941662,1296.112065153
