Displacement,FX,FY,FZ,MX,MY,MZ,L
13.467924590819997,1447.73417,-0.822904579,-9.36063278,-10698.3416,264729.885,-1672094.68,1346.7924590819998
