Displacement,FX,FY,FZ,MX,MY,MZ,L
0.0628,-0.00788872642,-0.0324126538,-0.000533998013,0.803272605,10.8864544,-1.34239319,1265.742781186
