Displacement,FX,FY,FZ,MX,MY,MZ,L
15.0,3.25217843e-06,0.0135354996,0.00972703844,3.8179093,-9.26708057e-05,-0.00443896658,1066.970886314
