Displacement,FX,FY,FZ,MX,MY,MZ,L
10.51128022036,0.167937984,8.80760408e-05,-0.00205178047,-1.86714666,115.282606,-151.619927,1051.128022036
