Displacement,FX,FY,FZ,MX,MY,MZ,L
15.0,0.00207519531,3.13769531,-21.3825836,-9964.99165,0.00289868345,-0.63776651,1366.973376629
