Displacement,FX,FY,FZ,MX,MY,MZ,L
15.0,-9.98843458e-08,6.67124987e-05,8.35107639e-05,0.0394548543,1.95559815e-06,-3.92225188e-05,1141.528729776
