Displacement,FX,FY,FZ,MX,MY,MZ,L
15.0,-0.000915527344,-0.0278320313,-0.677835464,-302.915622,0.00595423106,0.0760909119,1112.654187734
