Displacement,FX,FY,FZ,MX,MY,MZ,L
15.0,5.47617674e-07,7.15255732e-07,-1.9891304e-06,-0.000966242392,5.28652422e-06,-8.00043021e-05,1339.293832775
