Displacement,FX,FY,FZ,MX,MY,MZ,L
15.0,2.38418579e-07,0.0108718872,0.186877772,84.7450086,-0.000295256376,-0.00250320737,1314.512958828
