Displacement,FX,FY,FZ,MX,MY,MZ,L
15.0,-3.43094143e-07,0.00105930865,0.000792497885,0.260893691,-3.29800598e-05,0.000294254501,1082.509144629
