Displacement,FX,FY,FZ,MX,MY,MZ,L
15.0,8.57645318e-07,0.00385845825,0.00125611428,0.469836698,7.91239929e-05,-0.000630123054,1254.8930234210002
