Displacement,FX,FY,FZ,MX,MY,MZ,L
15.0,8.66129994e-08,-0.00304606557,0.00864467956,3.9537449,-1.51051591e-05,6.65524731e-05,1339.293832775
