Displacement,FX,FY,FZ,MX,MY,MZ,L
15.0,7.91624195e-09,6.05732203e-05,6.75611664e-05,0.0292093923,-1.10427644e-05,-7.61688239e-06,1051.128022036
