Displacement,FX,FY,FZ,MX,MY,MZ,L
11.55479201803,37.0437647,-0.0233265709,-0.254497204,-250.823675,22188.363,-36748.7244,1155.479201803
