Displacement,FX,FY,FZ,MX,MY,MZ,L
15.0,-9.42964106e-08,-1.62050132e-07,-2.92075125e-08,-4.83477944e-05,8.88502594e-06,-3.69704287e-05,1220.207119082
