Displacement,FX,FY,FZ,MX,MY,MZ,L
15.0,-7.45058059e-07,-8.34465027e-06,-4.57386486e-05,-0.0187249816,-7.50078437e-05,-0.00133373197,1353.906594098
