Displacement,FX,FY,FZ,MX,MY,MZ,L
15.0,7.74860382e-07,0.00322341919,0.0358293224,15.5670897,4.52259203e-05,-0.0035941162,1265.742781186
