Displacement,FX,FY,FZ,MX,MY,MZ,L
15.0,-0.000148773193,0.844734192,0.083257854,29.2571164,-0.0102617375,0.0649482729,1265.742781186
