Displacement,FX,FY,FZ,MX,MY,MZ,L
15.0,2.17434717e-07,0.283337593,0.0243107453,12.7843133,0.00146249637,-0.000712324501,1254.8930234210002
