Displacement,FX,FY,FZ,MX,MY,MZ,L
15.0,1.50036067e-06,0.00106835365,0.00113858026,0.38911058,8.65948828e-06,-0.000522194434,1112.654187734
