Displacement,FX,FY,FZ,MX,MY,MZ,L
0.0628,-4.60466766,-45.9882202,0.284179688,1419.42232,24047.7859,-4964.12907,1182.386635632
