Displacement,FX,FY,FZ,MX,MY,MZ,L
15.0,-7.98143447e-07,0.000383615494,0.000597398845,0.243277087,-8.60647948e-07,0.000201611736,1127.252366515
