Displacement,FX,FY,FZ,MX,MY,MZ,L
15.0,1.47819519e-05,0.00973510742,0.0858522654,30.4370982,0.000401917846,0.031244186,1155.479201803
