Displacement,FX,FY,FZ,MX,MY,MZ,L
0.0628,-0.0795628428,-0.490682185,-0.00104045868,14.1885915,314.416099,-62.2700708,1207.9439433530001
