Displacement,FX,FY,FZ,MX,MY,MZ,L
13.231517784760001,291.115268,-0.101700193,-1.42238557,-1592.24829,105165.671,-330264.813,1323.1517784760001
