Displacement,FX,FY,FZ,MX,MY,MZ,L
15.0,-5.86546958e-06,0.0234206915,0.00374349253,2.11792181,-0.000257205028,0.00276160051,1195.335915728
