Displacement,FX,FY,FZ,MX,MY,MZ,L
0.0628,-0.0311731147,-0.123791479,-0.00238060951,2.95287541,30.7536225,-2.37983392,1276.231186255
