Displacement,FX,FY,FZ,MX,MY,MZ,L
0.0628,0.00568009913,-0.11968378,0.00233650208,3.94297975,131.77642,-31.7001979,1097.738361015
