Displacement,FX,FY,FZ,MX,MY,MZ,L
15.0,1.80289269e-16,0.0712890625,1.43161201,499.42518,0.00186796009,-0.127135945,1182.386635632
