Displacement,FX,FY,FZ,MX,MY,MZ,L
15.0,1.87428669e-08,-3.2782555e-07,-2.41961967e-08,4.58406049e-05,-4.57706072e-07,8.45847629e-05,1220.207119082
