Displacement,FX,FY,FZ,MX,MY,MZ,L
15.0,6.09084964e-07,-0.00123918056,0.00502779125,2.26747963,-3.11038349e-05,-0.000142673868,1331.4128559350002
