Displacement,FX,FY,FZ,MX,MY,MZ,L
13.231517784760001,2.32717245,0.000415609882,-0.019833643,-22.4815622,2206.11165,-2638.29678,1323.1517784760001
