Displacement,FX,FY,FZ,MX,MY,MZ,L
15.0,3.35276127e-07,3.55765217e-07,-5.92553983e-08,3.86371667e-06,2.60686643e-06,-0.000302878648,1305.4988632529999
