Displacement,FX,FY,FZ,MX,MY,MZ,L
0.0628,-0.00260263674,-0.0103258854,-0.00019954145,0.246094113,2.73672905,-0.236899274,1276.231186255
