Displacement,FX,FY,FZ,MX,MY,MZ,L
15.0,-5.84125519e-06,0.00465011597,0.0654385015,28.6388955,-0.000175485736,0.00472909053,1276.231186255
