Displacement,FX,FY,FZ,MX,MY,MZ,L
0.0628,-0.00111365551,-0.00462790846,-0.000169284642,0.0795738148,-0.990458544,0.43163773,1331.4128559350002
