Displacement,FX,FY,FZ,MX,MY,MZ,L
15.0,2.28881836e-05,0.541137695,6.45992279,2284.37192,0.00201190254,-0.0276820785,1066.970886314
