Displacement,FX,FY,FZ,MX,MY,MZ,L
0.0628,-0.0454329289,-0.22587163,-0.00177431107,6.18746064,119.212414,-21.2466396,1232.1219419559998
