Displacement,FX,FY,FZ,MX,MY,MZ,L
15.0,0.000119686127,7.2479248e-05,0.0534536242,22.6862259,0.00083489049,-0.130608262,1296.112065153
