Displacement,FX,FY,FZ,MX,MY,MZ,L
15.0,9.68575474e-08,0.000431716442,0.000989269698,0.418357521,-6.14237685e-06,0.000259940645,1182.386635632
