Displacement,FX,FY,FZ,MX,MY,MZ,L
15.0,3.5315752e-06,0.00145196915,0.0118903117,5.17644759,-6.73759423e-05,-0.00385855827,1254.8930234210002
