Displacement,FX,FY,FZ,MX,MY,MZ,L
13.539065940979999,0.255024601,0.000563884319,-0.00261404691,-3.06057244,292.677317,-295.703888,1353.906594098
