Displacement,FX,FY,FZ,MX,MY,MZ,L
15.0,-9.83476639e-07,0.00184822083,0.0161261801,6.90338682,-9.96979845e-05,-0.00117810688,1243.685010427
