Displacement,FX,FY,FZ,MX,MY,MZ,L
15.0,-1.2665987e-07,0.00158942491,0.00076177076,0.263131643,2.9409136e-05,-0.000196372478,1155.479201803
