Displacement,FX,FY,FZ,MX,MY,MZ,L
15.0,3.21865082e-06,0.171958923,0.334537864,126.146604,-0.000248637552,0.0136009587,1127.252366515
