Displacement,FX,FY,FZ,MX,MY,MZ,L
0.0628,-0.0269971043,-0.141521328,-0.0064573288,1.86359412,-61.0117488,20.1578899,1353.906594098
