Displacement,FX,FY,FZ,MX,MY,MZ,L
15.0,5.31785191e-07,-5.36441787e-07,1.57218893e-07,5.52403975e-05,-6.36813262e-06,3.77412779e-06,1127.252366515
