Displacement,FX,FY,FZ,MX,MY,MZ,L
0.0628,-0.00311302859,-0.0136763076,-0.000541821122,0.216976948,-4.01974402,1.52696929,1339.293832775
