Displacement,FX,FY,FZ,MX,MY,MZ,L
15.0,5.73694705e-07,0.00322756171,0.00133503519,0.499394081,2.55036368e-05,-0.000670004941,1243.685010427
