Displacement,FX,FY,FZ,MX,MY,MZ,L
0.0628,0.00434719771,-0.0249082278,0.000748038292,0.843861167,31.5971552,-7.97621555,1034.98507472
