Displacement,FX,FY,FZ,MX,MY,MZ,L
0.0628,-0.197065592,-1.02957704,-0.0467386246,13.7157991,-413.04064,139.166372,1353.906594098
