Displacement,FX,FY,FZ,MX,MY,MZ,L
15.0,-2.32458115e-06,0.115421295,0.0571102016,24.1070411,-7.08696206e-05,-0.00272898019,1195.335915728
