Displacement,FX,FY,FZ,MX,MY,MZ,L
0.0628,0.00814500451,-0.170776099,0.00334215164,5.62789255,186.795461,-44.9468056,1097.738361015
