Displacement,FX,FY,FZ,MX,MY,MZ,L
15.0,1.71363353e-07,-0.000349879265,0.00183416111,0.808687026,-1.8604454e-05,-0.000422088559,1314.512958828
