Displacement,FX,FY,FZ,MX,MY,MZ,L
0.0628,-0.0351678375,-0.215701163,-0.000490903854,6.22864403,142.584933,-28.3529937,1207.9439433530001
