Displacement,FX,FY,FZ,MX,MY,MZ,L
0.0628,0.00107414462,-0.00615739636,0.000185102224,0.208701828,7.87479613,-1.98733936,1034.98507472
