Displacement,FX,FY,FZ,MX,MY,MZ,L
15.0,6.1839819e-07,0.000561118126,0.00202732882,0.874464854,-5.80511567e-06,-0.000918264918,1220.207119082
