Displacement,FX,FY,FZ,MX,MY,MZ,L
15.0,6.9476664e-07,-2.68220899e-07,-2.97150109e-08,-9.22585494e-05,2.84434051e-05,-0.000356455092,1169.0997999219999
