Displacement,FX,FY,FZ,MX,MY,MZ,L
15.0,5.74588776e-05,0.00477600098,0.0257384479,9.04321533,-0.00117212108,-0.0660269723,1141.528729776
