Displacement,FX,FY,FZ,MX,MY,MZ,L
15.0,1.9557774e-07,0.000110447407,0.000240536523,0.0964953739,6.64675526e-06,-0.000185349331,1254.8930234210002
