Displacement,FX,FY,FZ,MX,MY,MZ,L
15.0,-1.4901161e-08,-2.7641654e-06,-7.45989382e-07,-0.000237103362,7.53505884e-06,-0.000222265595,1323.1517784760001
