Displacement,FX,FY,FZ,MX,MY,MZ,L
0.0628,-0.0170553755,-0.0845097713,-0.000673294067,2.31295597,45.9384093,-8.2464219,1232.1219419559998
