Displacement,FX,FY,FZ,MX,MY,MZ,L
0.0628,-0.000778423622,-0.00564377136,-0.000290669501,0.0588049334,-3.40922023,1.02053482,1366.973376629
