Displacement,FX,FY,FZ,MX,MY,MZ,L
15.0,-2.86102295e-06,0.616317749,0.635876298,255.729884,-0.00338680054,-0.00832067709,1232.1219419559998
