Displacement,FX,FY,FZ,MX,MY,MZ,L
15.0,3.81469727e-06,0.0944519043,2.17641079,1008.0002,0.000188784738,-0.00147738206,1346.7924590819998
