Displacement,FX,FY,FZ,MX,MY,MZ,L
15.0,-1.37370082e-08,-2.86847363e-07,1.03318608e-08,4.69581584e-05,3.88729112e-06,1.09077074e-05,1066.970886314
