Displacement,FX,FY,FZ,MX,MY,MZ,L
15.0,-0.000274658203,0.19921875,3.72597694,1463.14874,-0.0228033014,0.216185667,1220.207119082
