Displacement,FX,FY,FZ,MX,MY,MZ,L
15.0,4.43309545e-07,-0.000391751528,-5.86519018e-05,0.0259857764,1.31819475e-05,-0.000325474536,1366.973376629
