Displacement,FX,FY,FZ,MX,MY,MZ,L
0.0628,-0.0130397528,-0.193968743,0.00169563293,6.0673872,174.377989,-39.1092664,1155.479201803
