Displacement,FX,FY,FZ,MX,MY,MZ,L
0.0628,-0.00255930814,-0.015590054,-3.87132168e-05,0.449404813,10.8056418,-2.16218883,1207.9439433530001
