Displacement,FX,FY,FZ,MX,MY,MZ,L
15.0,2.58907676e-07,0.000277489424,0.000595880178,0.274063846,-7.70063094e-06,-0.000134809673,1232.1219419559998
