Displacement,FX,FY,FZ,MX,MY,MZ,L
10.349850747200001,0.130061796,0.0012932215,-0.00139576104,-1.31295768,87.5974735,-115.435048,1034.98507472
