Displacement,FX,FY,FZ,MX,MY,MZ,L
12.321219419559998,1.16066448,-0.000578141869,-0.0106758841,-11.2446608,980.78929,-1226.46211,1232.1219419559998
