Displacement,FX,FY,FZ,MX,MY,MZ,L
15.0,-3.03983688e-06,0.00278711319,0.0337543851,15.211616,-0.000116521732,0.00312368861,1296.112065153
