Displacement,FX,FY,FZ,MX,MY,MZ,L
0.0628,-0.000897008926,-0.00649968827,-0.000334896147,0.0676171343,-3.92114264,1.17423774,1366.973376629
