Displacement,FX,FY,FZ,MX,MY,MZ,L
15.0,-2.77068472e-08,0.000130340457,0.000190698833,0.0891804787,8.20555279e-06,-8.72825029e-05,1182.386635632
