Displacement,FX,FY,FZ,MX,MY,MZ,L
15.0,4.63798642e-06,0.000594735146,0.0018928051,0.627913535,6.68093891e-05,-0.00335171212,1051.128022036
