Displacement,FX,FY,FZ,MX,MY,MZ,L
15.0,5.60283661e-06,0.00849914551,0.141279496,63.5304183,-0.000241895915,-0.00544738707,1305.4988632529999
