Displacement,FX,FY,FZ,MX,MY,MZ,L
15.0,1.12503767e-06,0.00134944916,0.00328874122,1.17982072,6.22975922e-05,-0.000673477331,1155.479201803
