Displacement,FX,FY,FZ,MX,MY,MZ,L
13.14512958828,0.14668474,-0.000462669859,-0.00198670034,-2.21196645,153.180788,-165.259715,1314.512958828
