Displacement,FX,FY,FZ,MX,MY,MZ,L
13.467924590819997,0.136736453,0.00041289678,-0.00160314332,-1.87175468,156.519565,-157.717421,1346.7924590819998
