Displacement,FX,FY,FZ,MX,MY,MZ,L
15.0,-1.7657876e-06,0.0131087899,0.00401741057,2.35812759,-0.000113780549,0.00259702479,1339.293832775
