Displacement,FX,FY,FZ,MX,MY,MZ,L
0.0628,-0.00176437874,-0.00676170766,-0.000188566744,0.140114959,0.193915927,0.243243229,1305.4988632529999
