Displacement,FX,FY,FZ,MX,MY,MZ,L
10.349850747200001,1.75485757,-0.00403636976,-0.0149811839,-13.1674267,1133.7633,-1561.25036,1034.98507472
