Displacement,FX,FY,FZ,MX,MY,MZ,L
15.0,-5.36441803e-06,0.00220489502,0.00323969871,1.0830899,7.71914066e-05,-0.000824067465,1112.654187734
