Displacement,FX,FY,FZ,MX,MY,MZ,L
15.0,-1.43540091e-07,-7.82310959e-07,-1.19027391e-07,-0.000176613756,-2.42813349e-05,-7.50389597e-06,1243.685010427
