Displacement,FX,FY,FZ,MX,MY,MZ,L
0.0628,0.021759361,-0.152816758,0.00420856476,5.15437232,184.857988,-46.2153112,1051.128022036
