Displacement,FX,FY,FZ,MX,MY,MZ,L
0.0628,-0.00350672007,-0.0252458676,-0.00130447745,0.260711725,-14.9338297,4.49758992,1366.973376629
