Displacement,FX,FY,FZ,MX,MY,MZ,L
15.0,-1.28149986e-06,0.00118434429,0.00301419012,1.06203849,0.000102120876,-0.000568708633,1127.252366515
