Displacement,FX,FY,FZ,MX,MY,MZ,L
10.51128022036,0.0445151837,-1.15601344e-08,-0.000331997871,-0.322737089,30.7616633,-40.1971427,1051.128022036
