Displacement,FX,FY,FZ,MX,MY,MZ,L
15.0,2.33296304e-07,3.88845801e-05,4.37813578e-05,0.019932948,1.34152068e-06,-0.000131654036,1066.970886314
