Displacement,FX,FY,FZ,MX,MY,MZ,L
15.0,-6.15417957e-06,0.0405044556,-0.0114405528,0.660711646,-5.25467088e-06,0.00674214782,1366.973376629
