Displacement,FX,FY,FZ,MX,MY,MZ,L
0.0628,0.000282975379,-0.00608602352,0.000118032098,0.200383354,6.88430602,-1.65490692,1097.738361015
