Displacement,FX,FY,FZ,MX,MY,MZ,L
15.0,-1.22785568e-05,-0.00146484375,0.104450703,47.8510445,-0.000507754646,0.00298166665,1353.906594098
