Displacement,FX,FY,FZ,MX,MY,MZ,L
15.0,2.23517418e-07,0.00194835663,0.0204516761,9.16353566,-8.44495085e-05,-0.000730904691,1286.355244347
