Displacement,FX,FY,FZ,MX,MY,MZ,L
0.0628,-0.000169447623,-0.01317186,0.000184178352,0.42371207,13.6436258,-3.18001166,1127.252366515
