Displacement,FX,FY,FZ,MX,MY,MZ,L
11.126541877340001,0.399117175,-4.63914579e-06,-0.00328524684,-3.15080466,292.537393,-381.264359,1112.654187734
