Displacement,FX,FY,FZ,MX,MY,MZ,L
15.0,0.000270843506,0.12109375,3.29334879,1409.21861,0.00600584431,-0.400823416,1276.231186255
