Displacement,FX,FY,FZ,MX,MY,MZ,L
0.0628,-0.283688784,-2.48820662,0.00985336304,75.4962492,1735.18705,-367.315923,1182.386635632
