Displacement,FX,FY,FZ,MX,MY,MZ,L
0.0628,-0.00492370501,-0.0725423098,0.000625491142,2.26718906,66.4964774,-14.9186109,1155.479201803
