Displacement,FX,FY,FZ,MX,MY,MZ,L
0.0628,-0.0130859166,-0.139876485,0.00083231926,4.29882079,118.979532,-26.0766313,1169.0997999219999
