Displacement,FX,FY,FZ,MX,MY,MZ,L
0.0628,-0.216447592,-2.42218471,0.0162315369,74.8612189,1826.38481,-398.475631,1169.0997999219999
