Displacement,FX,FY,FZ,MX,MY,MZ,L
0.0628,0.0123454332,-0.652781725,0.0111942291,21.3154595,660.170716,-156.64873,1112.654187734
