Displacement,FX,FY,FZ,MX,MY,MZ,L
0.0628,-0.0114520974,-0.0438086574,-0.00122308731,0.906398055,1.03265365,1.62912724,1305.4988632529999
