Displacement,FX,FY,FZ,MX,MY,MZ,L
0.0628,-8.70259094,-60.9541855,-2.91156006,785.253223,-27881.9268,8313.0382,1366.973376629
