Displacement,FX,FY,FZ,MX,MY,MZ,L
13.669733766290001,0.0439170774,0.000136321169,-0.000743272936,-0.877765464,55.4646475,-51.4034986,1366.973376629
