Displacement,FX,FY,FZ,MX,MY,MZ,L
12.321219419559998,39.7901286,-0.0142355953,-0.266263157,-279.876241,25072.8194,-42057.9133,1232.1219419559998
