Displacement,FX,FY,FZ,MX,MY,MZ,L
15.0,5.96046456e-08,0.000537633896,0.00222586701,0.968630212,1.10152792e-05,-5.78092868e-05,1232.1219419559998
