Displacement,FX,FY,FZ,MX,MY,MZ,L
15.0,-3.4570694e-05,0.00650024414,-0.0511564016,-20.1160672,0.00457766908,0.0547637981,1051.128022036
