Displacement,FX,FY,FZ,MX,MY,MZ,L
15.0,-2.62260437e-06,0.000828027725,0.00240348652,0.983272419,-3.96638687e-05,0.00143160689,1169.0997999219999
