Displacement,FX,FY,FZ,MX,MY,MZ,L
0.0628,-0.00047438452,-0.00692439592,5.90980053e-05,0.216327754,6.48131839,-1.4550386,1155.479201803
