Displacement,FX,FY,FZ,MX,MY,MZ,L
15.0,-7.89761543e-07,0.078179121,0.0180032445,8.54839687,-0.000547968759,-0.00178482863,1220.207119082
