Displacement,FX,FY,FZ,MX,MY,MZ,L
15.0,-2.3690518e-07,-6.66826967e-07,-3.89409249e-08,-5.49958462e-05,2.89146127e-06,0.000112647139,1097.738361015
