Displacement,FX,FY,FZ,MX,MY,MZ,L
15.0,1.42818317e-06,0.00191272795,0.000808804092,0.284218758,4.94899326e-05,-0.000651154329,1182.386635632
