Displacement,FX,FY,FZ,MX,MY,MZ,L
15.0,-2.28756107e-07,-1.4528632e-07,-5.78002066e-08,-8.43847359e-06,-9.93432187e-06,3.42852692e-05,1051.128022036
