Displacement,FX,FY,FZ,MX,MY,MZ,L
15.0,-1.14552677e-07,0.00151918828,0.000903721782,0.314980077,-3.72179564e-07,6.25797369e-05,1155.479201803
