Displacement,FX,FY,FZ,MX,MY,MZ,L
15.0,3.05473804e-07,0.0144310594,0.00319378823,1.66373705,6.27081952e-05,-8.12130527e-05,1331.4128559350002
