Displacement,FX,FY,FZ,MX,MY,MZ,L
0.0628,-0.00161792127,-0.00642393157,-0.000124014914,0.153190811,1.71080997,-0.149460234,1276.231186255
