Displacement,FX,FY,FZ,MX,MY,MZ,L
0.0628,0.00344634801,-0.0197504088,0.000592976809,0.669046709,25.0967671,-6.33477361,1034.98507472
