Displacement,FX,FY,FZ,MX,MY,MZ,L
0.0628,-0.0187140554,-0.0716223791,-0.00179111958,1.5607792,7.13248119,1.32300428,1296.112065153
