Displacement,FX,FY,FZ,MX,MY,MZ,L
12.079439433530002,0.0371698225,-8.24895395e-10,-0.000321122585,-0.338551164,31.8839518,-38.5129176,1207.9439433530001
