Displacement,FX,FY,FZ,MX,MY,MZ,L
0.0628,-0.147401989,-0.611406103,-0.0222806931,10.5379016,-129.106266,56.4463156,1331.4128559350002
