Displacement,FX,FY,FZ,MX,MY,MZ,L
15.0,2.37720088e-07,-1.47335232e-06,2.40426744e-07,0.000176531961,2.26276091e-05,-0.000125039207,1254.8930234210002
