Displacement,FX,FY,FZ,MX,MY,MZ,L
15.0,2.06753612e-06,0.0173084736,0.00238064141,1.45990096,-9.79476808e-05,-0.00203997308,1195.335915728
