Displacement,FX,FY,FZ,MX,MY,MZ,L
0.0628,0.000144368969,-0.00882279128,0.000147208571,0.287305774,9.57415676,-2.26782715,1112.654187734
