Displacement,FX,FY,FZ,MX,MY,MZ,L
15.0,6.20260835e-07,-0.00286251307,0.00868535077,3.96749205,-3.73285153e-06,-0.000602445942,1339.293832775
