Displacement,FX,FY,FZ,MX,MY,MZ,L
10.825091446290001,8.31174929,-0.0108558018,-0.0642365627,-59.2065852,5309.34204,-7729.43891,1082.509144629
