Displacement,FX,FY,FZ,MX,MY,MZ,L
15.0,2.14576721e-06,0.00595092773,0.0782667696,30.3000702,0.000881477744,0.0021354964,1182.386635632
