Displacement,FX,FY,FZ,MX,MY,MZ,L
0.0628,-0.0881827474,-0.757196248,0.00267410278,22.8942426,566.496874,-120.465618,1182.386635632
