Displacement,FX,FY,FZ,MX,MY,MZ,L
13.467924590819997,0.0933351327,0.00013783756,-0.00128214993,-1.48648816,107.825095,-107.665406,1346.7924590819998
