Displacement,FX,FY,FZ,MX,MY,MZ,L
0.0628,-0.0281985998,-0.200559142,-0.0103781223,2.07123409,-111.231478,34.0603324,1366.973376629
