Displacement,FX,FY,FZ,MX,MY,MZ,L
11.95335915728,0.0317949613,-2.59635557e-09,-0.000270885183,-0.284531627,26.7602268,-32.6038245,1195.335915728
