Displacement,FX,FY,FZ,MX,MY,MZ,L
12.65742781186,35368.2987,-7.29527897,-787.414505,-927286.211,1579147.16,-38484893.9,1265.742781186
