Displacement,FX,FY,FZ,MX,MY,MZ,L
0.0628,0.00129095092,-0.00912016584,0.000249892473,0.307474641,11.3470304,-2.83251663,1051.128022036
