Displacement,FX,FY,FZ,MX,MY,MZ,L
15.0,-3.60608101e-06,0.000849723816,0.00100777112,0.386034448,0.000119836614,0.00155792502,1097.738361015
