Displacement,FX,FY,FZ,MX,MY,MZ,L
15.0,-9.31322583e-09,0.000118613243,0.000189858431,0.0756057162,7.94097899e-06,3.64927009e-05,1243.685010427
