Displacement,FX,FY,FZ,MX,MY,MZ,L
13.669733766290001,0.0377738571,0.000145012037,-0.00067962498,-0.803830269,47.8373457,-44.2113949,1366.973376629
