Displacement,FX,FY,FZ,MX,MY,MZ,L
15.0,-5.30628872e-16,7.40039063,-263.435486,-122620.176,-0.0173818264,-0.120756805,1360.63420683
