Displacement,FX,FY,FZ,MX,MY,MZ,L
15.0,1.41561031e-06,0.000554561615,0.00180335646,0.772393475,8.03048842e-05,-0.000680725038,1207.9439433530001
