Displacement,FX,FY,FZ,MX,MY,MZ,L
0.0628,0.000452326145,-0.00414348417,0.000102669001,0.138841442,5.02486355,-1.23984492,1066.970886314
