Displacement,FX,FY,FZ,MX,MY,MZ,L
15.0,2.27242708e-07,-0.000275284052,0.00104019343,0.455431538,2.06446201e-05,-0.000227159405,1305.4988632529999
