Displacement,FX,FY,FZ,MX,MY,MZ,L
0.0628,-0.000405050348,-0.00591109507,5.04553318e-05,0.184666902,5.53588174,-1.24283506,1155.479201803
