Displacement,FX,FY,FZ,MX,MY,MZ,L
0.0628,-0.00132647576,-0.00515198451,-0.000158444047,0.100975538,-0.266805504,0.2848222,1314.512958828
