Displacement,FX,FY,FZ,MX,MY,MZ,L
15.0,-2.01165676e-07,-9.53674316e-07,5.80959022e-06,0.00289290886,-1.17910887e-05,0.000196439603,1360.63420683
