Displacement,FX,FY,FZ,MX,MY,MZ,L
12.20207119082,0.281287835,-0.00561501041,-0.00396169386,-3.86030853,241.79986,-295.043253,1220.207119082
