Displacement,FX,FY,FZ,MX,MY,MZ,L
12.86355244347,2.43855366,-6.45338669e-05,-0.0209467318,-23.0671029,2170.16662,-2688.72174,1286.355244347
