Displacement,FX,FY,FZ,MX,MY,MZ,L
15.0,3.55765223e-07,-2.24635005e-06,-8.66129992e-08,9.32307635e-05,1.11126769e-05,-8.74184316e-05,1323.1517784760001
