Displacement,FX,FY,FZ,MX,MY,MZ,L
15.0,9.85339284e-07,0.0015977174,0.00103359704,0.366290969,-2.30860583e-05,-0.000355146359,1169.0997999219999
