Displacement,FX,FY,FZ,MX,MY,MZ,L
15.0,-1.06394291e-05,0.29127121,0.245289594,99.0326929,-2.92447935e-05,0.00830867331,1207.9439433530001
