Displacement,FX,FY,FZ,MX,MY,MZ,L
15.0,8.96863639e-07,0.00575256348,0.0022128243,0.882599888,3.47189027e-05,-0.000307905645,1286.355244347
