Displacement,FX,FY,FZ,MX,MY,MZ,L
12.321219419559998,0.284173909,-0.00439622821,-0.00385262189,-3.84485627,248.89205,-300.770731,1232.1219419559998
