Displacement,FX,FY,FZ,MX,MY,MZ,L
0.0628,-593.583984,-5317.88086,-101.296875,143391.972,-7142044.44,818540.054,1366.973376629
