Displacement,FX,FY,FZ,MX,MY,MZ,L
15.0,3.16649675e-07,-0.000248908997,-0.000579045154,0.0438534925,2.10968859e-05,-0.000711831203,1366.973376629
