Displacement,FX,FY,FZ,MX,MY,MZ,L
0.0628,0.00172477216,-0.0221931245,0.00048995018,0.737434393,25.8374714,-6.29623952,1082.509144629
