Displacement,FX,FY,FZ,MX,MY,MZ,L
15.0,-1.78115443e-07,2.21654773e-07,-2.48401201e-08,-4.53783408e-06,4.11001233e-06,5.69337859e-05,1155.479201803
