Displacement,FX,FY,FZ,MX,MY,MZ,L
15.0,7.62939453e-06,0.00964355469,0.275517941,132.718487,-0.0016472345,0.00369773363,1346.7924590819998
