Displacement,FX,FY,FZ,MX,MY,MZ,L
12.079439433530002,5.85909501,-0.00271871528,-0.0473058764,-48.8284216,4431.64975,-6071.42192,1207.9439433530001
