Displacement,FX,FY,FZ,MX,MY,MZ,L
15.0,1.55065209e-07,-1.48266554e-06,2.90456221e-08,-2.21405934e-05,-2.90752682e-06,-0.000239642137,1182.386635632
