Displacement,FX,FY,FZ,MX,MY,MZ,L
0.0628,0.000209483318,-0.012746606,0.00021275878,0.415127949,13.8058427,-3.27017586,1112.654187734
