Displacement,FX,FY,FZ,MX,MY,MZ,L
0.0628,-0.875028372,-5.59057236,-0.00659179688,163.02936,3019.10144,-583.660495,1207.9439433530001
