Displacement,FX,FY,FZ,MX,MY,MZ,L
15.0,-1.58324837e-07,-0.00254130363,0.00881474325,4.01891525,-2.07295058e-05,0.000420610587,1339.293832775
