Displacement,FX,FY,FZ,MX,MY,MZ,L
12.43685010427,0.0290504512,-1.72341659e-10,-0.00025722594,-0.278029037,26.5207838,-30.9803922,1243.685010427
