Displacement,FX,FY,FZ,MX,MY,MZ,L
0.0628,-0.00246539852,-0.0101337247,-0.000167101622,0.251139438,3.46203134,-0.433149013,1265.742781186
