Displacement,FX,FY,FZ,MX,MY,MZ,L
13.6063420683,0.0453266809,8.18794713e-05,-0.00079467582,-0.930624175,55.7895531,-52.814031,1360.63420683
