Displacement,FX,FY,FZ,MX,MY,MZ,L
15.0,-3.05124558e-07,-1.96881592e-06,8.45757312e-08,0.000157574037,-1.85217198e-05,0.000328875298,1296.112065153
