Displacement,FX,FY,FZ,MX,MY,MZ,L
11.95335915728,96.0687332,-0.0696551942,-0.59308444,-602.81769,50435.6101,-98585.7636,1195.335915728
