Displacement,FX,FY,FZ,MX,MY,MZ,L
15.0,-2.14204192e-07,5.51342971e-07,-3.38070094e-07,-0.000294177466,-2.3866185e-05,0.000664320983,1323.1517784760001
