Displacement,FX,FY,FZ,MX,MY,MZ,L
13.539065940979999,0.0642211121,-7.7411521e-06,-0.00102346166,-1.18619741,76.6114628,-74.473015,1353.906594098
