Displacement,FX,FY,FZ,MX,MY,MZ,L
15.0,-1.75535679e-05,0.113239408,-0.0241251104,-7.30093005,-0.000700349093,0.0125272416,1314.512958828
