Displacement,FX,FY,FZ,MX,MY,MZ,L
15.0,-1.66893005e-06,-0.00469660759,0.108012915,44.8118177,-0.00384285362,0.000209014397,1276.231186255
