Displacement,FX,FY,FZ,MX,MY,MZ,L
0.0628,-0.00241436111,-0.00936375814,-0.000288441777,0.183205858,-0.49201654,0.519894771,1314.512958828
