Displacement,FX,FY,FZ,MX,MY,MZ,L
15.0,2.40653753e-06,0.000922679901,0.00465683639,1.98136637,7.09696319e-05,-0.00201899994,1220.207119082
