Displacement,FX,FY,FZ,MX,MY,MZ,L
13.054988632529998,0.148140471,-0.000874424948,-0.00209477544,-2.29556256,151.345124,-165.807848,1305.4988632529999
