Displacement,FX,FY,FZ,MX,MY,MZ,L
15.0,-2.36928463e-06,0.0139805675,0.00362820271,1.87044544,4.43419164e-05,0.0016720786,1331.4128559350002
