Displacement,FX,FY,FZ,MX,MY,MZ,L
15.0,-0.00012588501,0.0982666016,0.0984921083,60.1271335,-0.0067544401,0.127877904,1353.906594098
