Displacement,FX,FY,FZ,MX,MY,MZ,L
12.548930234210001,0.630484842,-0.000217442407,-0.00619553274,-6.6518483,563.023815,-678.375988,1254.8930234210002
