Displacement,FX,FY,FZ,MX,MY,MZ,L
0.0628,-0.00130129699,-0.00499031623,-0.000124745071,0.108864243,0.545869282,0.0808283527,1296.112065153
