Displacement,FX,FY,FZ,MX,MY,MZ,L
0.0628,-0.0738880038,-0.340775743,-0.00360965729,9.06667418,153.448104,-24.9737975,1243.685010427
