Displacement,FX,FY,FZ,MX,MY,MZ,L
11.41528729776,0.555516334,-0.00577289151,-0.0030923158,-2.76580537,420.100766,-545.143477,1141.528729776
