Displacement,FX,FY,FZ,MX,MY,MZ,L
15.0,3.44589353e-08,-8.04662707e-07,1.35158188e-07,1.17340502e-05,-4.1412178e-06,8.03945282e-05,1339.293832775
