Displacement,FX,FY,FZ,MX,MY,MZ,L
0.0628,-0.054651767,-0.466515094,0.00159072876,14.091664,356.408188,-75.887201,1182.386635632
