Displacement,FX,FY,FZ,MX,MY,MZ,L
15.0,0.000205993652,0.816650391,6.83527756,2615.14535,0.00883157047,0.239732471,1155.479201803
