Displacement,FX,FY,FZ,MX,MY,MZ,L
15.0,-2.87778675e-07,-0.00110006332,0.00525148213,2.36532643,2.49885894e-05,-2.72368382e-05,1331.4128559350002
