Displacement,FX,FY,FZ,MX,MY,MZ,L
15.0,-6.07967377e-06,0.00515270233,0.0747284368,33.7971295,2.69752139e-05,0.00427875618,1305.4988632529999
