Displacement,FX,FY,FZ,MX,MY,MZ,L
0.0628,-0.00679212809,-0.0487308904,-0.00252008438,0.502411346,-28.3857311,8.58405436,1366.973376629
