Displacement,FX,FY,FZ,MX,MY,MZ,L
15.0,-3.81469727e-06,0.132324219,3.49943471,1575.11552,0.000189309227,0.0806496678,1323.1517784760001
