Displacement,FX,FY,FZ,MX,MY,MZ,L
0.0628,-0.000347956084,-0.0050764326,4.33325768e-05,0.158587658,4.7565697,-1.06789515,1155.479201803
