Displacement,FX,FY,FZ,MX,MY,MZ,L
15.0,-4.57763672e-05,-0.0268859863,0.528350353,229.90408,-0.150420801,0.296142456,1296.112065153
