Displacement,FX,FY,FZ,MX,MY,MZ,L
15.0,2.92435288e-07,0.000413656235,0.00287994498,1.26069438,-1.24121537e-05,-0.000692787495,1243.685010427
