Displacement,FX,FY,FZ,MX,MY,MZ,L
13.314128559350001,0.451615987,0.000527467636,-0.00442625536,-5.07384159,476.798291,-515.104222,1331.4128559350002
