Displacement,FX,FY,FZ,MX,MY,MZ,L
15.0,6.85453415e-07,0.0321410894,0.00078378187,1.15113412,1.54091099e-05,0.00104848934,1232.1219419559998
