Displacement,FX,FY,FZ,MX,MY,MZ,L
0.0628,-0.805134654,-3.15999484,-0.0947990417,62.813804,-262.997371,193.546821,1314.512958828
