Displacement,FX,FY,FZ,MX,MY,MZ,L
15.0,-2.65613198e-06,0.00112509727,0.00168566965,0.605275957,2.84655868e-05,0.00292130288,1155.479201803
