Displacement,FX,FY,FZ,MX,MY,MZ,L
0.0628,-0.0144045856,-0.0551159643,-0.00137919188,1.20076956,5.57805582,0.999330037,1296.112065153
