Displacement,FX,FY,FZ,MX,MY,MZ,L
15.0,2.5421381e-05,0.063580513,0.0385886393,15.7224836,0.000773294437,-0.0145006404,1155.479201803
