Displacement,FX,FY,FZ,MX,MY,MZ,L
15.0,-9.15527344e-05,0.072265625,2.8433094,1093.83324,-0.000401367106,-0.0235938765,1207.9439433530001
