Displacement,FX,FY,FZ,MX,MY,MZ,L
0.0628,-0.00120236259,-0.00635083381,-0.000289030373,0.0839689881,-2.87400098,0.934965603,1353.906594098
