Displacement,FX,FY,FZ,MX,MY,MZ,L
12.43685010427,0.0518324104,0.00137493046,-0.000484170159,-0.59147893,47.0159001,-55.1196262,1243.685010427
