Displacement,FX,FY,FZ,MX,MY,MZ,L
15.0,8.5234642e-06,0.221022129,0.00206198543,3.85844675,0.000956530598,-0.0143001483,1265.742781186
