Displacement,FX,FY,FZ,MX,MY,MZ,L
0.0628,-0.00198054872,-0.0119571409,-0.00058093667,0.140891484,-6.28933301,1.95599298,1360.63420683
