Displacement,FX,FY,FZ,MX,MY,MZ,L
12.079439433530002,39.2310404,-0.017248691,-0.265560687,-273.651178,24362.1345,-40663.5515,1207.9439433530001
