Displacement,FX,FY,FZ,MX,MY,MZ,L
13.669733766290001,0.0855914366,0.000432387,-0.00104852334,-1.25144313,106.385816,-100.174455,1366.973376629
