Displacement,FX,FY,FZ,MX,MY,MZ,L
11.82386635632,18.2847618,-0.0086160881,-0.134198714,-135.520245,12221.8982,-18553.2538,1182.386635632
