Displacement,FX,FY,FZ,MX,MY,MZ,L
15.0,8.34232196e-07,-0.00148618221,0.00483374228,2.18594836,4.07417317e-06,-0.00085781945,1331.4128559350002
