Displacement,FX,FY,FZ,MX,MY,MZ,L
11.690997999219999,0.0267546148,-3.90242208e-09,-0.000220941962,-0.230460057,21.6683736,-26.8396759,1169.0997999219999
