Displacement,FX,FY,FZ,MX,MY,MZ,L
0.0628,0.000388104469,-0.00501058809,0.000110715628,0.166576122,5.87958297,-1.43262785,1082.509144629
