Displacement,FX,FY,FZ,MX,MY,MZ,L
12.65742781186,0.632045604,1.0407336e-05,-0.00616215728,-6.68387907,575.152985,-685.840093,1265.742781186
