Displacement,FX,FY,FZ,MX,MY,MZ,L
15.0,-1.82390213e-05,0.161338806,-0.0337769985,0.611820646,-0.00157169511,0.0175868827,1366.973376629
