Displacement,FX,FY,FZ,MX,MY,MZ,L
12.321219419559998,0.0841364255,0.00068975279,-0.001224115,-1.3308721,74.7034188,-88.8156226,1232.1219419559998
