Displacement,FX,FY,FZ,MX,MY,MZ,L
15.0,3.49478796e-07,-8.23289156e-07,-1.31796697e-07,-0.000115344843,1.24763134e-05,-0.000279887262,1155.479201803
