Displacement,FX,FY,FZ,MX,MY,MZ,L
0.0628,-0.316917211,-1.47713435,-0.0150699615,39.4751095,604.975439,-95.0319997,1243.685010427
