Displacement,FX,FY,FZ,MX,MY,MZ,L
10.349850747200001,1339.36327,-1.05402583,-8.43320751,-7949.23036,260298.559,-1194822.02,1034.98507472
