Displacement,FX,FY,FZ,MX,MY,MZ,L
15.0,1.29640102e-06,0.000649213791,0.000981617719,0.387440069,-3.86473109e-06,-0.00115063429,1112.654187734
