Displacement,FX,FY,FZ,MX,MY,MZ,L
15.0,7.45058128e-09,0.000642061234,0.00320808077,1.40331267,2.10543709e-05,-2.76869971e-05,1243.685010427
