Displacement,FX,FY,FZ,MX,MY,MZ,L
15.0,5.91278076e-05,0.00334882736,0.0673159361,28.9880374,0.00344340732,0.0103319202,1314.512958828
