Displacement,FX,FY,FZ,MX,MY,MZ,L
0.0628,-69.9515877,-313.233498,-5.47705078,7715.3816,-22309.5305,14401.1142,1296.112065153
