Displacement,FX,FY,FZ,MX,MY,MZ,L
15.0,-3.07336447e-08,-0.000505506992,0.0016604453,0.736136572,-2.16523031e-06,-1.9639472e-05,1314.512958828
