Displacement,FX,FY,FZ,MX,MY,MZ,L
12.43685010427,0.0332985993,5.71462077e-10,-0.000295322854,-0.318615403,30.374562,-35.510765,1243.685010427
