Displacement,FX,FY,FZ,MX,MY,MZ,L
13.6063420683,0.406989425,0.000532643731,-0.00398128456,-4.66482949,466.532003,-474.242599,1360.63420683
