Displacement,FX,FY,FZ,MX,MY,MZ,L
15.0,-5.96046448e-06,-2.90870666e-05,-8.19964334e-05,-0.0322043937,9.8187842e-05,0.00034546533,1353.906594098
