Displacement,FX,FY,FZ,MX,MY,MZ,L
15.0,-3.05706635e-07,6.60568476e-05,7.82824936e-05,0.0341611712,6.41319648e-08,0.000227954703,1066.970886314
