Displacement,FX,FY,FZ,MX,MY,MZ,L
12.43685010427,0.0848111394,0.000624501177,-0.00123996948,-1.35643028,76.8326489,-90.3701003,1243.685010427
