Displacement,FX,FY,FZ,MX,MY,MZ,L
0.0628,-0.02405148,-0.0932060815,-0.00206112862,2.12955402,16.3161306,-0.0415765193,1286.355244347
