Displacement,FX,FY,FZ,MX,MY,MZ,L
12.43685010427,3.73139696,-0.00112827987,-0.0311753275,-33.153882,3040.54024,-3979.5097,1243.685010427
