Displacement,FX,FY,FZ,MX,MY,MZ,L
0.0628,-0.00273642968,-0.0117977961,-0.000161275268,0.302994578,4.90680115,-0.735403364,1254.8930234210002
