Displacement,FX,FY,FZ,MX,MY,MZ,L
0.0628,-0.00329187606,-0.0276468508,8.47578049e-05,0.832863707,22.498728,-4.8092266,1182.386635632
