Displacement,FX,FY,FZ,MX,MY,MZ,L
0.0628,0.163785458,-2.00358665,0.045917511,66.8782356,2091.08829,-512.185499,1082.509144629
