Displacement,FX,FY,FZ,MX,MY,MZ,L
15.0,-1.8119812e-05,0.00592041016,0.127982736,47.8514062,0.00399741847,0.0175704338,1169.0997999219999
