Displacement,FX,FY,FZ,MX,MY,MZ,L
15.0,-7.62939453e-06,0.00622558594,0.291389704,150.462565,-0.00692122621,0.0315571253,1353.906594098
