Displacement,FX,FY,FZ,MX,MY,MZ,L
12.86355244347,0.044939465,0.00114104741,-0.000537237385,-0.655172516,44.4482287,-49.437389,1286.355244347
