Displacement,FX,FY,FZ,MX,MY,MZ,L
15.0,-1.54133886e-07,-0.000293076038,0.00102664702,0.44993443,-8.96413021e-06,0.000172842528,1305.4988632529999
