Displacement,FX,FY,FZ,MX,MY,MZ,L
15.0,1.01923943e-05,0.0018081665,0.00746595114,2.94404931,0.000345925397,-0.00661319658,1169.0997999219999
