Displacement,FX,FY,FZ,MX,MY,MZ,L
15.0,1.39512122e-06,0.00208577514,0.00130494125,0.478130234,5.93979261e-05,-0.000103688383,1207.9439433530001
