Displacement,FX,FY,FZ,MX,MY,MZ,L
11.82386635632,0.214054422,-4.80145594e-06,-0.00183316522,-1.86561005,173.947533,-217.149353,1182.386635632
