Displacement,FX,FY,FZ,MX,MY,MZ,L
0.0628,-0.0830004215,-2.28647327,0.0277900696,72.9552479,1967.60258,-450.442045,1141.528729776
