Displacement,FX,FY,FZ,MX,MY,MZ,L
15.0,-2.32830644e-07,0.000351190567,0.00252124527,1.1061474,-5.40015666e-06,0.000193774534,1243.685010427
