Displacement,FX,FY,FZ,MX,MY,MZ,L
0.0628,-0.00238184072,-0.0171785036,-0.000887081027,0.177662077,-10.2342489,3.07639468,1366.973376629
