Displacement,FX,FY,FZ,MX,MY,MZ,L
12.079439433530002,0.609369233,-0.00254626865,-0.00636948971,-6.47146288,505.591532,-631.695639,1207.9439433530001
