Displacement,FX,FY,FZ,MX,MY,MZ,L
11.272523665149999,287.667655,-0.519071208,-1.67811835,-1605.34393,110287.334,-278861.823,1127.252366515
