Displacement,FX,FY,FZ,MX,MY,MZ,L
15.0,4.43309546e-07,0.000744819641,0.00301741296,1.27749127,3.0037227e-05,-0.000612826173,1207.9439433530001
