Displacement,FX,FY,FZ,MX,MY,MZ,L
0.0628,-0.00252147205,-0.0115568078,-0.000125467777,0.306713161,5.65047455,-0.946599615,1243.685010427
