Displacement,FX,FY,FZ,MX,MY,MZ,L
15.0,9.74163413e-07,0.000398695469,0.00041848165,0.158947488,4.33652734e-05,-0.000334567282,1051.128022036
