Displacement,FX,FY,FZ,MX,MY,MZ,L
11.95335915728,38.8096741,-0.0187743915,-0.263943456,-269.139328,23903.7215,-39812.1431,1195.335915728
