Displacement,FX,FY,FZ,MX,MY,MZ,L
0.0628,-0.0324998386,-0.1260086,-0.00278329849,2.8798679,21.7041143,0.0207031788,1286.355244347
