Displacement,FX,FY,FZ,MX,MY,MZ,L
15.0,4.27477062e-07,-0.000831276178,0.00279970217,1.25346784,3.05767904e-06,-0.000519346763,1323.1517784760001
