Displacement,FX,FY,FZ,MX,MY,MZ,L
15.0,-1.20489857e-07,3.51667404e-06,1.33144204e-06,0.000554927558,6.44073111e-06,0.000202317393,1353.906594098
