Displacement,FX,FY,FZ,MX,MY,MZ,L
15.0,-9.9092722e-07,0.00273396075,0.00201053731,0.767330412,-4.09099053e-05,0.000151416071,1243.685010427
