Displacement,FX,FY,FZ,MX,MY,MZ,L
15.0,-4.81307507e-06,0.00182008743,0.0153693762,6.67073653,8.29603741e-05,0.00306007834,1254.8930234210002
