Displacement,FX,FY,FZ,MX,MY,MZ,L
0.0628,-0.0973715782,-0.37396948,-0.00928163528,8.17361368,31.5255424,8.11405372,1296.112065153
