Displacement,FX,FY,FZ,MX,MY,MZ,L
0.0628,-0.0142192431,-0.0652310547,-0.000704288483,1.73184972,31.0814546,-5.15874927,1243.685010427
