Displacement,FX,FY,FZ,MX,MY,MZ,L
0.0628,-0.0011433172,-0.00544676988,-0.000231519341,0.0794793836,-2.03938288,0.706666519,1346.7924590819998
