Displacement,FX,FY,FZ,MX,MY,MZ,L
15.0,-6.10351562e-05,0.0947265625,1.13462067,511.655179,-0.00600000353,0.0529461149,1346.7924590819998
