Displacement,FX,FY,FZ,MX,MY,MZ,L
10.51128022036,0.0326351402,-9.29338007e-09,-0.000236113847,-0.235348021,22.5823206,-29.469345,1051.128022036
