Displacement,FX,FY,FZ,MX,MY,MZ,L
15.0,-0.00048828125,0.234375,-39.4920959,-15458.7587,-0.0345372113,0.209026664,1097.738361015
