Displacement,FX,FY,FZ,MX,MY,MZ,L
15.0,0.0629882813,3.53125,-99.8821716,-44910.2433,0.0328511835,-70.0852261,1296.112065153
