Displacement,FX,FY,FZ,MX,MY,MZ,L
0.0628,-0.0252548531,-0.0978496671,-0.00301206112,1.9141074,-5.70929903,5.55806352,1314.512958828
