Displacement,FX,FY,FZ,MX,MY,MZ,L
0.0628,-0.00176570285,-0.0148135945,4.51505184e-05,0.446239734,12.1207175,-2.59195017,1182.386635632
