Displacement,FX,FY,FZ,MX,MY,MZ,L
12.548930234210001,0.0718978525,0.00104536178,-0.000942715521,-1.07096691,66.5226663,-77.2401151,1254.8930234210002
