Displacement,FX,FY,FZ,MX,MY,MZ,L
15.0,-6.44242391e-07,9.35047865e-05,0.000118251482,0.0562657722,9.79639236e-06,0.000357890448,1169.0997999219999
