Displacement,FX,FY,FZ,MX,MY,MZ,L
0.0628,0.00017317012,-0.0105598057,0.000176310539,0.34397789,11.4492111,-2.71197702,1112.654187734
