Displacement,FX,FY,FZ,MX,MY,MZ,L
0.0628,0.00233856589,-0.0213813689,0.000529080629,0.716118731,25.7147961,-6.34553066,1066.970886314
