Displacement,FX,FY,FZ,MX,MY,MZ,L
15.0,4.28408384e-08,0.00173618644,0.000783836702,0.273191842,-2.03328381e-05,-7.76137714e-05,1169.0997999219999
