Displacement,FX,FY,FZ,MX,MY,MZ,L
15.0,1.21444464e-06,0.0288664103,0.00194104103,1.54514039,-0.000160198652,-0.00190061509,1220.207119082
