Displacement,FX,FY,FZ,MX,MY,MZ,L
15.0,3.6880374e-07,1.63912773e-07,-5.12343831e-07,-0.000146865393,1.36457062e-05,-0.000145134898,1331.4128559350002
