Displacement,FX,FY,FZ,MX,MY,MZ,L
15.0,-5.59026375e-07,1.96322798e-06,4.1234307e-07,0.000189288064,-2.02809838e-05,0.000628502817,1286.355244347
