Displacement,FX,FY,FZ,MX,MY,MZ,L
0.0628,-0.00283838902,-0.0108681651,-0.00030335784,0.225019827,0.302106954,0.393516971,1305.4988632529999
