Displacement,FX,FY,FZ,MX,MY,MZ,L
15.0,2.7474016e-07,0.00262463838,0.000985762294,0.357992903,-1.22085787e-05,0.000259586257,1220.207119082
