Displacement,FX,FY,FZ,MX,MY,MZ,L
15.0,2.25845724e-07,-8.19563863e-07,4.28408385e-08,8.17841966e-06,4.28894457e-06,-0.000225506579,1169.0997999219999
