Displacement,FX,FY,FZ,MX,MY,MZ,L
10.349850747200001,0.0366063728,-8.69319061e-09,-0.000261872541,-0.257682864,24.8145039,-32.5532178,1034.98507472
