Displacement,FX,FY,FZ,MX,MY,MZ,L
12.86355244347,34393.0466,-7.5316775,-815.339764,-966673.516,1528649.58,-38021203.3,1286.355244347
