Displacement,FX,FY,FZ,MX,MY,MZ,L
15.0,-2.47955322e-05,0.0561218262,1.33526224,597.78084,-0.000445455462,0.00211221864,1314.512958828
