Displacement,FX,FY,FZ,MX,MY,MZ,L
0.0628,0.000316126272,-0.0191154778,0.00031915307,0.622517758,20.6504719,-4.89162021,1112.654187734
