Displacement,FX,FY,FZ,MX,MY,MZ,L
15.0,6.19888306e-06,0.744606018,0.303844824,121.440518,-0.00287538681,-0.00864415721,1254.8930234210002
