Displacement,FX,FY,FZ,MX,MY,MZ,L
15.0,-2.3841858e-07,-0.0212402344,0.200334772,93.3178904,4.20184533e-05,0.00172752078,1366.973376629
