Displacement,FX,FY,FZ,MX,MY,MZ,L
15.0,2.89082527e-06,3.1888485e-06,-1.21397898e-06,-0.00092221886,2.01916094e-05,-0.00188097789,1323.1517784760001
