Displacement,FX,FY,FZ,MX,MY,MZ,L
0.0628,-0.00338105112,-0.0131056774,-0.000403821468,0.256393958,-0.695434769,0.729445704,1314.512958828
