Displacement,FX,FY,FZ,MX,MY,MZ,L
12.43685010427,1744.06545,-2.00841878,-12.4313551,-13563.8421,350166.34,-1864752.33,1243.685010427
