Displacement,FX,FY,FZ,MX,MY,MZ,L
15.0,7.00354576e-07,0.000314056873,0.000356345437,0.133146656,3.30999244e-05,-0.000559763544,1034.98507472
