Displacement,FX,FY,FZ,MX,MY,MZ,L
15.0,-1.85086392e-05,0.44181633,0.0576342344,25.4300244,0.00640531084,0.0366462626,1254.8930234210002
