Displacement,FX,FY,FZ,MX,MY,MZ,L
13.39293832775,0.048841206,5.22402306e-05,-0.000902887463,-1.03892945,55.6985447,-56.0308712,1339.293832775
