Displacement,FX,FY,FZ,MX,MY,MZ,L
0.0628,-0.0133450553,-0.0800491599,-0.00389635563,0.940728773,-40.617436,12.7640477,1360.63420683
