Displacement,FX,FY,FZ,MX,MY,MZ,L
15.0,-2.69617886e-07,0.000171795487,0.000245070318,0.100972844,-1.39927523e-05,0.000146199669,1112.654187734
