Displacement,FX,FY,FZ,MX,MY,MZ,L
15.0,-2.2817403e-08,0.000170394778,0.000267863565,0.124517608,2.09593806e-07,-0.000197608427,1195.335915728
