Displacement,FX,FY,FZ,MX,MY,MZ,L
15.0,1.38301402e-07,2.84751871e-07,-1.79134077e-07,-0.000155345693,7.6925012e-07,-5.6147827e-05,1305.4988632529999
