Displacement,FX,FY,FZ,MX,MY,MZ,L
15.0,-8.08387995e-07,-8.64267349e-07,-9.3021663e-07,-3.73688279e-05,-1.97712369e-05,0.000458594474,1339.293832775
