Displacement,FX,FY,FZ,MX,MY,MZ,L
0.0628,0.00135814771,-0.0290018432,0.000562846661,0.954836997,32.5017957,-7.813882,1097.738361015
