Displacement,FX,FY,FZ,MX,MY,MZ,L
15.0,3.81469727e-06,0.0335693359,1.12817001,451.544424,-0.00116008236,-0.0174909513,1220.207119082
