Displacement,FX,FY,FZ,MX,MY,MZ,L
15.0,-3.5315752e-06,0.00125169754,0.00500866026,2.03542973,0.000162002557,0.00121693036,1182.386635632
