Displacement,FX,FY,FZ,MX,MY,MZ,L
15.0,-2.005836e-07,-3.53902576e-07,9.28412193e-09,-2.52283997e-05,-1.99206797e-06,9.26361557e-05,1169.0997999219999
