Displacement,FX,FY,FZ,MX,MY,MZ,L
15.0,3.05175781e-05,2.6640625,177.841003,67132.1884,-0.0201352139,-0.124702826,1127.252366515
