Displacement,FX,FY,FZ,MX,MY,MZ,L
0.0628,-0.000300501473,-0.00438422756,3.74317169e-05,0.13696344,4.1095733,-0.92270927,1155.479201803
