Displacement,FX,FY,FZ,MX,MY,MZ,L
12.96112065153,0.0336176551,0.00114625158,-0.000325902132,-0.425797629,34.0319487,-37.2369316,1296.112065153
