Displacement,FX,FY,FZ,MX,MY,MZ,L
15.0,-9.87201934e-08,-1.34110446e-07,-9.06374771e-06,-0.00329825277,1.37456526e-06,-6.39487695e-05,1353.906594098
