Displacement,FX,FY,FZ,MX,MY,MZ,L
13.539065940979999,0.0910023979,0.000283343812,-0.00119700599,-1.4036211,107.713977,-105.51209,1353.906594098
