Displacement,FX,FY,FZ,MX,MY,MZ,L
15.0,-4.77069989e-07,5.46872616e-05,6.85187988e-05,0.031191032,-5.6349021e-06,0.000180276033,1097.738361015
