Displacement,FX,FY,FZ,MX,MY,MZ,L
15.0,9.71485859e-08,1.50874259e-07,-1.70693968e-08,-1.8063847e-05,6.83717259e-06,-2.71424122e-05,1112.654187734
