Displacement,FX,FY,FZ,MX,MY,MZ,L
15.0,-1.46450475e-07,0.000108465552,9.85819497e-05,0.0378205685,-2.98329172e-06,4.0730782e-05,1195.335915728
