Displacement,FX,FY,FZ,MX,MY,MZ,L
15.0,1.16648152e-07,-3.53902575e-08,3.27563603e-08,-4.25086949e-05,-7.06830408e-06,-9.12928111e-05,1155.479201803
