Displacement,FX,FY,FZ,MX,MY,MZ,L
0.0628,-1.46580958,-6.21074641,-0.0943756104,156.403283,1406.79367,-111.100145,1265.742781186
