Displacement,FX,FY,FZ,MX,MY,MZ,L
15.0,-1.73598528e-06,0.00235685706,0.00136545608,0.504885299,-2.65569065e-05,0.000642986228,1220.207119082
