Displacement,FX,FY,FZ,MX,MY,MZ,L
15.0,1.87801197e-06,0.00318211317,0.00212346693,0.816866256,-5.65077449e-07,-0.00232158103,1254.8930234210002
