Displacement,FX,FY,FZ,MX,MY,MZ,L
0.0628,-507.156738,-5593.78296,45.0625,177578.316,30338.2955,37249.4276,1232.1219419559998
