Displacement,FX,FY,FZ,MX,MY,MZ,L
0.0628,-0.00286058336,-0.0704106987,0.000799059868,2.23484759,68.2713537,-15.6295025,1141.528729776
