Displacement,FX,FY,FZ,MX,MY,MZ,L
12.43685010427,39.917801,-0.0127696217,-0.26528728,-281.470767,25313.1591,-42583.6036,1243.685010427
