Displacement,FX,FY,FZ,MX,MY,MZ,L
15.0,4.72646206e-07,0.00111150742,0.00101100327,0.344931446,1.34645721e-05,-2.7552182e-05,1112.654187734
