Displacement,FX,FY,FZ,MX,MY,MZ,L
15.0,3.05175781e-05,1.05273437,15.0985336,6651.09764,0.00623953833,-0.0171230268,1314.512958828
