Displacement,FX,FY,FZ,MX,MY,MZ,L
10.669708863139999,1.88473189,-0.00751753936,-0.0165629238,-14.8568153,1263.1729,-1728.50393,1066.970886314
