Displacement,FX,FY,FZ,MX,MY,MZ,L
13.231517784760001,3.54290428,0.000386232608,-0.0290779881,-32.9443243,3243.06139,-4016.61945,1323.1517784760001
