Displacement,FX,FY,FZ,MX,MY,MZ,L
0.0628,-0.00139250513,-0.0073516813,-0.000334642828,0.0972000067,-3.32408686,1.08176295,1353.906594098
