Displacement,FX,FY,FZ,MX,MY,MZ,L
12.43685010427,0.060675357,0.00129680579,-0.000697316951,-0.813817519,55.0270456,-64.5576679,1243.685010427
