Displacement,FX,FY,FZ,MX,MY,MZ,L
15.0,-1.44122169e-07,0.000197470188,0.000223685522,0.0870054465,-7.07407655e-06,0.000196288458,1051.128022036
