Displacement,FX,FY,FZ,MX,MY,MZ,L
15.0,8.17701221e-07,0.0212669373,0.0165575892,6.45089887,5.72769696e-05,-0.00214824257,1082.509144629
