Displacement,FX,FY,FZ,MX,MY,MZ,L
10.97738361015,3.08072544,-0.00561360763,-0.0257783085,-24.0419691,2106.14917,-2904.80498,1097.738361015
