Displacement,FX,FY,FZ,MX,MY,MZ,L
15.0,-1.05472281e-07,0.000177964568,0.00039621233,0.169082153,-8.08513631e-06,-2.08770329e-05,1169.0997999219999
