Displacement,FX,FY,FZ,MX,MY,MZ,L
0.0628,-0.0241990387,-0.205052093,0.00066781044,6.18671606,160.984732,-34.3345429,1182.386635632
