Displacement,FX,FY,FZ,MX,MY,MZ,L
15.0,-2.75671483e-07,0.00225973129,0.0076327303,3.51150193,-5.84818196e-05,0.000474360841,1286.355244347
