Displacement,FX,FY,FZ,MX,MY,MZ,L
15.0,1.8440187e-07,-0.000129103661,0.000689906999,0.297808358,-1.47094736e-06,-0.000385126976,1296.112065153
