Displacement,FX,FY,FZ,MX,MY,MZ,L
15.0,0.000247955322,0.00173187256,0.0759356022,33.6324703,0.00364644551,-0.165195364,1323.1517784760001
