Displacement,FX,FY,FZ,MX,MY,MZ,L
15.0,1.92667358e-07,0.0402671993,-0.00205252552,0.167685825,-6.94209052e-05,-0.00183090303,1254.8930234210002
