Displacement,FX,FY,FZ,MX,MY,MZ,L
15.0,-9.59634781e-06,0.0872545242,0.0669282377,26.7398513,0.000446218418,0.00800458457,1155.479201803
