Displacement,FX,FY,FZ,MX,MY,MZ,L
0.0628,-0.00468813628,-0.0246679094,-0.00112512708,0.324905103,-11.0220637,3.60235826,1353.906594098
