Displacement,FX,FY,FZ,MX,MY,MZ,L
15.0,-1.47148967e-07,0.000348865986,0.000417842064,0.161206977,-9.84659457e-06,-9.57971209e-05,1066.970886314
