Displacement,FX,FY,FZ,MX,MY,MZ,L
15.0,-5.39876056e-08,-3.19443647e-07,5.16301947e-08,9.67199608e-05,8.69022089e-06,-6.35502931e-05,1286.355244347
