Displacement,FX,FY,FZ,MX,MY,MZ,L
15.0,3.19560057e-08,5.77419964e-08,-2.22935344e-08,-4.63152901e-05,1.09508829e-05,-4.37883842e-05,1034.98507472
