Displacement,FX,FY,FZ,MX,MY,MZ,L
15.0,-3.84844337e-16,0.6171875,11.2624435,4824.97026,0.00319475791,-5.40165036e-08,1286.355244347
