Displacement,FX,FY,FZ,MX,MY,MZ,L
15.0,-6.67572021e-05,0.00604248047,-0.0160578489,-8.30426274,-0.000301117179,0.0853958654,1097.738361015
