Displacement,FX,FY,FZ,MX,MY,MZ,L
15.0,-8.3819032e-08,0.00187173486,0.000879141735,0.311114004,-3.37274378e-05,3.17175256e-05,1182.386635632
