Displacement,FX,FY,FZ,MX,MY,MZ,L
0.0628,-0.0472663715,-0.183275573,-0.00563025475,3.5906039,-11.1963854,10.509761,1314.512958828
