Displacement,FX,FY,FZ,MX,MY,MZ,L
0.0628,-0.000553075341,-0.00463881344,1.41486526e-05,0.139770838,3.81678477,-0.816745507,1182.386635632
