Displacement,FX,FY,FZ,MX,MY,MZ,L
12.76231186255,1.17567214,-5.09846345e-05,-0.0107520829,-11.7503979,1066.84167,-1286.19377,1276.231186255
