Displacement,FX,FY,FZ,MX,MY,MZ,L
15.0,-2.5331974e-06,0.00167655945,-0.00264767557,-1.05541818,0.000340802718,0.00764487189,1051.128022036
