Displacement,FX,FY,FZ,MX,MY,MZ,L
0.0628,0.0852026939,-1.05719692,0.0239753723,35.2472377,1136.77873,-278.05066,1082.509144629
