Displacement,FX,FY,FZ,MX,MY,MZ,L
0.0628,-9.95332375e-05,-0.00767714204,0.000107333064,0.246971922,7.97391734,-1.85863807,1127.252366515
