Displacement,FX,FY,FZ,MX,MY,MZ,L
15.0,2.95415521e-06,0.000867962837,0.0018626526,0.656352587,9.87072272e-05,-0.00105281618,1127.252366515
