Displacement,FX,FY,FZ,MX,MY,MZ,L
15.0,1.57626346e-07,7.26878643e-05,9.65576328e-05,0.0451085233,3.4257515e-06,-8.2032494e-05,1141.528729776
