Displacement,FX,FY,FZ,MX,MY,MZ,L
15.0,-5.11063266e-08,4.40105796e-05,5.1366922e-05,0.0239300931,4.0828876e-06,5.76320513e-05,1097.738361015
