Displacement,FX,FY,FZ,MX,MY,MZ,L
15.0,2.70549208e-07,8.79168506e-07,1.35449227e-07,5.02076799e-05,1.20456241e-05,-3.71103924e-05,1112.654187734
