Displacement,FX,FY,FZ,MX,MY,MZ,L
15.0,3.39746475e-06,0.143494248,-0.0360613614,-12.3347882,0.000153083051,-0.00481017698,1305.4988632529999
