Displacement,FX,FY,FZ,MX,MY,MZ,L
0.0628,-0.0181775885,-0.07041784,-0.00155889988,1.60813563,12.4894916,-0.0667252759,1286.355244347
