Displacement,FX,FY,FZ,MX,MY,MZ,L
0.0628,0.000333108474,-0.00430228747,9.50470567e-05,0.142993926,5.05098365,-1.2307171,1082.509144629
