Displacement,FX,FY,FZ,MX,MY,MZ,L
0.0628,-0.00122085959,-0.00537622429,-0.000212572515,0.0855552924,-1.58429647,0.600670024,1339.293832775
