Displacement,FX,FY,FZ,MX,MY,MZ,L
0.0628,-0.00449750014,-0.0197458756,-0.000782608986,0.313043439,-5.79273685,2.20261157,1339.293832775
