Displacement,FX,FY,FZ,MX,MY,MZ,L
15.0,-2.42590904e-05,0.0697841644,0.0373409018,15.5023066,0.000441556965,0.0128024214,1169.0997999219999
