Displacement,FX,FY,FZ,MX,MY,MZ,L
15.0,8.27014446e-07,-0.00231480598,0.00901241973,4.10481644,-1.67033183e-05,-0.000945225779,1339.293832775
