Displacement,FX,FY,FZ,MX,MY,MZ,L
15.0,4.09781931e-07,0.00142049789,0.0120942825,5.32559972,6.95843613e-05,0.000133219229,1265.742781186
