Displacement,FX,FY,FZ,MX,MY,MZ,L
0.0628,-0.00106483139,-0.00469145726,-0.000185407698,0.0747015392,-1.3826194,0.52408818,1339.293832775
