Displacement,FX,FY,FZ,MX,MY,MZ,L
11.55479201803,5.49320072,-0.00495810626,-0.0444339635,-43.7915245,3915.27527,-5448.11059,1155.479201803
