Displacement,FX,FY,FZ,MX,MY,MZ,L
15.0,-6.10351562e-05,0.0788574219,2.20230246,921.957663,-0.00664288035,0.0589664127,1254.8930234210002
