Displacement,FX,FY,FZ,MX,MY,MZ,L
13.669733766290001,0.392741661,0.00052325085,-0.00384670069,-4.52806711,459.011878,-459.738898,1366.973376629
