Displacement,FX,FY,FZ,MX,MY,MZ,L
15.0,-1.18277967e-07,5.91855501e-07,-2.54949548e-08,7.01774982e-06,-8.2756116e-06,4.63107529e-05,1276.231186255
