Displacement,FX,FY,FZ,MX,MY,MZ,L
15.0,-6.19888306e-06,0.0922698975,1.17814913,548.286114,0.000817753608,0.000706064733,1346.7924590819998
