Displacement,FX,FY,FZ,MX,MY,MZ,L
11.82386635632,308.556873,-0.463892239,-1.77230346,-1775.18245,119706.405,-313518.779,1182.386635632
