Displacement,FX,FY,FZ,MX,MY,MZ,L
0.0628,0.0006174054,-0.00565468008,0.000139988959,0.189424289,6.84986899,-1.69009267,1066.970886314
