Displacement,FX,FY,FZ,MX,MY,MZ,L
13.39293832775,0.0954043042,-5.74176627e-05,-0.00137158798,-1.5701078,107.603287,-109.46168,1339.293832775
