Displacement,FX,FY,FZ,MX,MY,MZ,L
13.054988632529998,0.182114337,-0.000495211872,-0.00232829107,-2.57726531,185.253664,-203.783622,1305.4988632529999
