Displacement,FX,FY,FZ,MX,MY,MZ,L
13.14512958828,2.36588642,0.000328440481,-0.0202044901,-22.7497409,2208.43552,-2664.91871,1314.512958828
