Displacement,FX,FY,FZ,MX,MY,MZ,L
10.97738361015,0.0825286063,0.00170392758,-0.000695872353,-0.750426293,60.2030927,-77.5256556,1097.738361015
