Displacement,FX,FY,FZ,MX,MY,MZ,L
11.126541877340001,0.0371341945,-6.94524988e-09,-0.000293831807,-0.295255848,27.784486,-35.4729024,1112.654187734
