Displacement,FX,FY,FZ,MX,MY,MZ,L
13.314128559350001,0.0971953997,-0.000416938669,-0.00148782865,-1.67363448,107.077589,-110.896688,1331.4128559350002
