Displacement,FX,FY,FZ,MX,MY,MZ,L
15.0,9.40635803e-08,-0.0001116395,0.000701786135,0.302193579,-2.41505166e-06,0.000160671605,1296.112065153
