Displacement,FX,FY,FZ,MX,MY,MZ,L
0.0628,-0.0671342015,-0.257397619,-0.00714874268,5.33884358,3.30237027,10.1469319,1305.4988632529999
