Displacement,FX,FY,FZ,MX,MY,MZ,L
12.20207119082,0.223329513,-0.00499343187,-0.00339047285,-3.29416424,192.714166,-234.313178,1220.207119082
