Displacement,FX,FY,FZ,MX,MY,MZ,L
15.0,5.37373126e-07,-5.85913658e-05,0.000461729127,0.196459921,-2.65349311e-05,-0.000348157553,1286.355244347
