Displacement,FX,FY,FZ,MX,MY,MZ,L
13.314128559350001,0.0582134291,-8.72063433e-05,-0.00104788708,-1.1905282,64.6490117,-66.4063932,1331.4128559350002
