Displacement,FX,FY,FZ,MX,MY,MZ,L
15.0,-4.48271749e-07,-1.63912758e-07,5.14264682e-08,3.76145472e-06,-2.72859998e-06,0.000213025417,1082.509144629
