Displacement,FX,FY,FZ,MX,MY,MZ,L
15.0,1.21654011e-07,1.63912779e-07,6.54545148e-08,1.71091203e-05,1.13371305e-06,-0.000148306715,1182.386635632
