Displacement,FX,FY,FZ,MX,MY,MZ,L
15.0,1.17719173e-06,-0.0169801712,0.0748811457,34.8787083,-7.74278451e-06,-0.000627561419,1360.63420683
