Displacement,FX,FY,FZ,MX,MY,MZ,L
15.0,-2.68778139e-08,0.00108620524,0.000731073087,0.239396829,3.06162615e-05,4.8336391e-05,1082.509144629
