Displacement,FX,FY,FZ,MX,MY,MZ,L
15.0,-4.79631128e-08,2.38418581e-07,7.36326884e-09,4.78414125e-06,8.46712588e-06,-1.24512498e-05,1112.654187734
