Displacement,FX,FY,FZ,MX,MY,MZ,L
15.0,-1.15018338e-07,-9.05245545e-07,1.27281965e-07,0.000100412728,-1.20394674e-06,-9.44877512e-05,1220.207119082
