Displacement,FX,FY,FZ,MX,MY,MZ,L
13.231517784760001,0.0696336697,-0.000271441915,-0.00121747097,-1.36529261,75.3429146,-78.9617657,1323.1517784760001
