Displacement,FX,FY,FZ,MX,MY,MZ,L
15.0,-3.15904617e-05,0.107643127,0.137977287,52.725466,-0.000328901174,0.0228755252,1127.252366515
