Displacement,FX,FY,FZ,MX,MY,MZ,L
12.65742781186,2.45199326,-0.000450607452,-0.0211348897,-22.8874116,2112.63902,-2660.78795,1265.742781186
