Displacement,FX,FY,FZ,MX,MY,MZ,L
15.0,-7.56978989e-06,0.046002388,0.0662169233,23.2959751,7.93873018e-05,0.00223609825,1034.98507472
