Displacement,FX,FY,FZ,MX,MY,MZ,L
15.0,-4.50760126e-07,-0.000248342752,0.00105921173,0.463421123,1.41255082e-05,0.000258454132,1305.4988632529999
