Displacement,FX,FY,FZ,MX,MY,MZ,L
15.0,-6.10351563e-05,0.172119141,4.33830452,1966.44385,-0.00295961206,0.0188654922,1331.4128559350002
