Displacement,FX,FY,FZ,MX,MY,MZ,L
15.0,-1.59740448e-05,0.00374603271,0.0302027762,12.0757916,-0.00100595315,0.0126167081,1195.335915728
