Displacement,FX,FY,FZ,MX,MY,MZ,L
10.669708863139999,15.093668,-0.0167834679,-0.110865551,-100.813191,9073.54044,-13837.6051,1066.970886314
