Displacement,FX,FY,FZ,MX,MY,MZ,L
15.0,-3.73460352e-07,0.00020390749,0.0003573625,0.149552421,-1.38516771e-05,2.0144314e-05,1141.528729776
