Displacement,FX,FY,FZ,MX,MY,MZ,L
15.0,-8.60542059e-07,-8.57114792e-05,0.000785937533,0.337511288,2.05256197e-05,0.000902770648,1296.112065153
