Displacement,FX,FY,FZ,MX,MY,MZ,L
15.0,9.03382898e-08,1.60783529e-05,6.89142616e-05,0.0267492091,5.55171568e-07,-0.000258890854,1232.1219419559998
