Displacement,FX,FY,FZ,MX,MY,MZ,L
0.0628,-0.14934516,-2.35490489,0.0222244263,74.0226762,1903.83465,-426.201313,1155.479201803
