Displacement,FX,FY,FZ,MX,MY,MZ,L
15.0,1.29221007e-07,-1.08778476e-06,9.22882472e-08,2.91459132e-06,5.79343887e-06,-5.4400322e-05,1141.528729776
