Displacement,FX,FY,FZ,MX,MY,MZ,L
15.0,-1.54133886e-07,3.08454038e-06,0.000137440453,0.0557730841,9.13733831e-06,0.000185172472,1254.8930234210002
