Displacement,FX,FY,FZ,MX,MY,MZ,L
15.0,1.8440187e-07,0.000483036041,0.00121440645,0.512268242,3.80871465e-05,-0.000286174225,1182.386635632
