Displacement,FX,FY,FZ,MX,MY,MZ,L
15.0,-1.44354999e-06,-0.00106525421,0.00542482175,2.44206804,2.37824716e-05,-8.34797212e-05,1331.4128559350002
