Displacement,FX,FY,FZ,MX,MY,MZ,L
0.0628,-0.0190238208,-0.0727925531,-0.00203061104,1.50656446,1.54540419,2.74318521,1305.4988632529999
