Displacement,FX,FY,FZ,MX,MY,MZ,L
15.0,2.57565779e-17,0.748535156,13.4105453,6181.4733,-0.000606070724,4.79628343e-08,1353.906594098
