Displacement,FX,FY,FZ,MX,MY,MZ,L
0.0628,-0.287016748,-1.4460597,-0.0107021332,39.8018295,688.992644,-119.598709,1232.1219419559998
