Displacement,FX,FY,FZ,MX,MY,MZ,L
10.51128022036,0.351121826,-0.000104689011,-0.00279660337,-2.54371478,238.633623,-317.083044,1051.128022036
