Displacement,FX,FY,FZ,MX,MY,MZ,L
12.65742781186,10.2977536,-0.00155211853,-0.078483291,-84.9502195,7948.50804,-11175.361,1265.742781186
