Displacement,FX,FY,FZ,MX,MY,MZ,L
11.82386635632,0.172062336,-8.59748607e-06,-0.0014752578,-1.50270609,140.185276,-174.550766,1182.386635632
