Displacement,FX,FY,FZ,MX,MY,MZ,L
11.272523665149999,0.157635496,-0.00134065222,-0.00230118621,-2.16764391,119.405474,-152.721553,1127.252366515
