Displacement,FX,FY,FZ,MX,MY,MZ,L
15.0,0.000122249126,0.319041729,-0.0052511692,1.18702469,0.000741701028,-0.0670018956,1265.742781186
