Displacement,FX,FY,FZ,MX,MY,MZ,L
15.0,4.94235254e-16,-1.8404541,238.677185,106879.579,0.0900566943,-0.0369717777,1314.512958828
