Displacement,FX,FY,FZ,MX,MY,MZ,L
10.349850747200001,0.1618056,0.00024718685,-0.00194980984,-1.75635308,108.914417,-143.835596,1034.98507472
