Displacement,FX,FY,FZ,MX,MY,MZ,L
0.0628,0.00300918519,-0.0638465583,0.00124228001,2.10263498,70.9558944,-17.0636236,1097.738361015
