Displacement,FX,FY,FZ,MX,MY,MZ,L
15.0,-5.96046448e-06,0.0148544312,0.273309112,123.563131,-0.000472503522,0.0121800914,1314.512958828
