Displacement,FX,FY,FZ,MX,MY,MZ,L
15.0,8.53163772e-16,-0.12890625,268.504456,122434.613,-0.0921587374,0.338509202,1339.293832775
