Displacement,FX,FY,FZ,MX,MY,MZ,L
0.0628,-0.00291579776,-0.0138552284,-0.000590085983,0.201519194,-5.16288893,1.79324798,1346.7924590819998
