Displacement,FX,FY,FZ,MX,MY,MZ,L
15.0,-2.52723694e-05,0.00398254395,-0.00272989273,-1.79505532,-0.00102030813,0.00313178713,1097.738361015
