Displacement,FX,FY,FZ,MX,MY,MZ,L
15.0,1.04308128e-06,0.00279140472,0.0327958874,14.6110444,0.00019902686,-0.00386261379,1286.355244347
