Displacement,FX,FY,FZ,MX,MY,MZ,L
15.0,-3.53902577e-08,9.08737995e-07,-1.23895007e-07,-0.000196705465,-5.51068501e-06,7.33538277e-06,1265.742781186
