Displacement,FX,FY,FZ,MX,MY,MZ,L
0.0628,-0.000782695366,-0.00387695304,-3.11583281e-05,0.106073127,2.18212606,-0.395562593,1232.1219419559998
