Displacement,FX,FY,FZ,MX,MY,MZ,L
0.0628,-0.00203972869,-0.0216104053,0.000125586987,0.663610978,18.889119,-4.14440174,1169.0997999219999
