Displacement,FX,FY,FZ,MX,MY,MZ,L
15.0,3.50177288e-07,-8.34465027e-06,5.02169132e-06,0.00250591752,1.31563043e-06,-0.000481964008,1360.63420683
