Displacement,FX,FY,FZ,MX,MY,MZ,L
15.0,-1.2665987e-07,1.72853469e-06,-4.04394814e-06,-0.00191629493,-6.08459413e-07,-0.000355964344,1346.7924590819998
