Displacement,FX,FY,FZ,MX,MY,MZ,L
0.0628,-0.797492027,-3.20523846,-0.105567932,59.9650578,-473.20611,245.439289,1323.1517784760001
