Displacement,FX,FY,FZ,MX,MY,MZ,L
0.0628,-0.123282701,-0.535654445,-0.00713539124,13.8079236,198.138814,-27.9281735,1254.8930234210002
