Displacement,FX,FY,FZ,MX,MY,MZ,L
15.0,3.33786011e-06,0.016456604,0.328133896,146.664881,0.000701767874,-0.000331545227,1305.4988632529999
