Displacement,FX,FY,FZ,MX,MY,MZ,L
0.0628,-0.0114878844,-0.0444932729,-0.00137132406,0.869793804,-2.47993029,2.50349503,1314.512958828
