Displacement,FX,FY,FZ,MX,MY,MZ,L
0.0628,-0.00104091503,-0.0253728461,0.000286281109,0.805020882,24.8934233,-5.69923572,1141.528729776
