Displacement,FX,FY,FZ,MX,MY,MZ,L
15.0,4.4645276e-07,1.22189522e-06,1.40129123e-06,0.000519176191,-4.7856615e-06,-0.000136173936,1353.906594098
