Displacement,FX,FY,FZ,MX,MY,MZ,L
13.231517784760001,0.0326798823,0.000952947983,-0.000405891988,-0.513602578,35.5238214,-36.9720034,1323.1517784760001
