Displacement,FX,FY,FZ,MX,MY,MZ,L
15.0,-5.24520874e-06,1.05407715,6.43925571,2538.58855,0.000335250406,-0.0192665011,1195.335915728
