Displacement,FX,FY,FZ,MX,MY,MZ,L
0.0628,-0.228795171,-1.00473367,-0.039513588,16.0794768,-278.342539,107.761501,1339.293832775
