Displacement,FX,FY,FZ,MX,MY,MZ,L
0.0628,-13.6208516,-55.9366913,-1.20153809,1292.96071,-986.414054,2249.0992,1296.112065153
