Displacement,FX,FY,FZ,MX,MY,MZ,L
15.0,-4.15602698e-08,-6.78934161e-07,1.69133273e-07,7.94647516e-05,8.73375623e-06,-3.46388799e-06,1220.207119082
