Displacement,FX,FY,FZ,MX,MY,MZ,L
13.14512958828,0.465987071,0.000483436928,-0.0045871529,-5.18956563,472.025034,-524.840978,1314.512958828
