Displacement,FX,FY,FZ,MX,MY,MZ,L
15.0,1.45286321e-07,3.16649676e-06,7.45640128e-08,-2.46731014e-05,-5.15165706e-06,-0.00017893022,1112.654187734
