Displacement,FX,FY,FZ,MX,MY,MZ,L
15.0,-6.146729e-08,-1.25169754e-06,1.31519046e-05,0.00655037113,-1.87089327e-06,0.000130064838,1366.973376629
