Displacement,FX,FY,FZ,MX,MY,MZ,L
15.0,-1.62690416e-08,-7.74860382e-07,3.1104718e-08,9.95510484e-06,6.56871981e-06,2.2951204e-05,1195.335915728
