Displacement,FX,FY,FZ,MX,MY,MZ,L
15.0,1.33365393e-06,-0.0212965012,0.0734414505,34.3230553,3.33906619e-05,-0.00108504598,1360.63420683
