Displacement,FX,FY,FZ,MX,MY,MZ,L
12.079439433530002,0.460973142,-0.00419513289,-0.00533037377,-5.31216962,384.938525,-478.141411,1207.9439433530001
