Displacement,FX,FY,FZ,MX,MY,MZ,L
15.0,6.88433647e-06,0.0441322327,0.0249915868,10.1751776,0.000283824736,-0.00223457489,1141.528729776
