Displacement,FX,FY,FZ,MX,MY,MZ,L
12.96112065153,0.183427342,-0.000953911893,-0.00244080555,-2.65927097,182.652003,-203.839725,1296.112065153
