Displacement,FX,FY,FZ,MX,MY,MZ,L
15.0,7.57863747e-08,2.70083551e-07,1.03624189e-07,4.52343287e-05,-5.06194938e-06,-3.80015622e-05,1207.9439433530001
