Displacement,FX,FY,FZ,MX,MY,MZ,L
13.467924590819997,0.078090144,-0.000109318052,-0.0012013833,-1.37953812,90.5739756,-90.094287,1346.7924590819998
