Displacement,FX,FY,FZ,MX,MY,MZ,L
13.669733766290001,0.103041749,0.000483827969,-0.00119359174,-1.42394553,127.394701,-120.600175,1366.973376629
