Displacement,FX,FY,FZ,MX,MY,MZ,L
15.0,2.1001324e-07,0.000218451023,0.000346534303,0.143256911,1.38258867e-05,-7.49261439e-05,1127.252366515
