Displacement,FX,FY,FZ,MX,MY,MZ,L
15.0,2.2649765e-06,0.00307273865,0.0321178772,13.632146,0.000237079427,-0.000821130728,1243.685010427
