Displacement,FX,FY,FZ,MX,MY,MZ,L
15.0,1.89244747e-06,-8.70227814e-06,-3.15278303e-05,-0.0125152689,4.53798332e-05,-0.00104636236,1353.906594098
