Displacement,FX,FY,FZ,MX,MY,MZ,L
0.0628,-0.00334353186,-0.0133019355,-0.000448644161,0.244441254,-1.7785531,0.993837263,1323.1517784760001
