Displacement,FX,FY,FZ,MX,MY,MZ,L
15.0,3.10130418e-07,0.000459253788,0.00158145709,0.684580716,-2.28580562e-05,-0.000130184393,1220.207119082
