Displacement,FX,FY,FZ,MX,MY,MZ,L
15.0,1.33514404e-05,0.0721435547,1.85448873,814.437332,0.0013227544,-0.01400671,1296.112065153
