Displacement,FX,FY,FZ,MX,MY,MZ,L
15.0,5.56930899e-07,1.89989812e-07,-7.92279025e-08,-0.000185089985,-1.43988582e-05,-0.000175285032,1232.1219419559998
