Displacement,FX,FY,FZ,MX,MY,MZ,L
10.349850747200001,7.50401627,-0.0137785703,-0.0576423369,-50.6713239,4564.64869,-6676.00764,1034.98507472
