Displacement,FX,FY,FZ,MX,MY,MZ,L
11.55479201803,0.165361593,-0.00166430441,-0.00243555231,-2.33791224,130.05771,-164.196525,1155.479201803
