Displacement,FX,FY,FZ,MX,MY,MZ,L
15.0,-1.73225999e-07,0.000484347343,0.000479752664,0.185102193,1.84249402e-05,-0.000142895784,1066.970886314
