Displacement,FX,FY,FZ,MX,MY,MZ,L
15.0,0.000244140625,0.208984375,4.70319748,1880.40892,0.00751795412,0.00122867525,1232.1219419559998
