Displacement,FX,FY,FZ,MX,MY,MZ,L
0.0628,-1.25785334,-5.97336006,-0.0570678711,160.746651,2118.3324,-312.887876,1243.685010427
