Displacement,FX,FY,FZ,MX,MY,MZ,L
15.0,8.38190349e-09,-2.45869162e-07,-1.17282616e-06,-0.000678502351,-1.52164448e-06,-0.000419916299,1339.293832775
