Displacement,FX,FY,FZ,MX,MY,MZ,L
15.0,6.10947609e-07,0.00253632665,0.00164142641,0.617453521,-1.75408603e-05,-0.00119339168,1232.1219419559998
