Displacement,FX,FY,FZ,MX,MY,MZ,L
0.0628,-70.9900818,-322.189782,-8.18847656,7081.72614,-73289.7541,25824.6893,1323.1517784760001
