Displacement,FX,FY,FZ,MX,MY,MZ,L
15.0,1.84774399e-06,0.00337791443,0.0430666823,19.3592687,1.47562636e-05,-0.00266060404,1296.112065153
