Displacement,FX,FY,FZ,MX,MY,MZ,L
10.669708863139999,0.0772583054,-6.37221984e-09,-0.000606239773,-0.576874053,54.2983496,-70.8044426,1066.970886314
