Displacement,FX,FY,FZ,MX,MY,MZ,L
0.0628,-0.00116655789,-0.0170624498,0.000145763159,0.53302268,15.8914983,-3.56675525,1155.479201803
