Displacement,FX,FY,FZ,MX,MY,MZ,L
15.0,1.27125531e-07,0.000240534544,0.000301005668,0.120010401,1.17200908e-05,3.73699555e-05,1082.509144629
