Displacement,FX,FY,FZ,MX,MY,MZ,L
15.0,-6.29425049e-05,0.952758789,6.63582516,2584.981,-0.000924091219,0.283352579,1182.386635632
