Displacement,FX,FY,FZ,MX,MY,MZ,L
15.0,-1.85966492e-05,0.27293396,0.0327593684,21.7575112,1.00978643e-05,0.0403477306,1353.906594098
