Displacement,FX,FY,FZ,MX,MY,MZ,L
0.0628,-737.262695,-5730.25397,9.078125,175677.854,-1209293.63,252261.778,1265.742781186
