Displacement,FX,FY,FZ,MX,MY,MZ,L
0.0628,0.358248711,-4.28674126,0.0998916626,143.408789,4278.26962,-1049.97035,1082.509144629
