Displacement,FX,FY,FZ,MX,MY,MZ,L
15.0,2.30269506e-07,-2.9802328e-08,4.15602703e-08,-2.75470626e-06,3.17584401e-07,4.05217453e-05,1034.98507472
