Displacement,FX,FY,FZ,MX,MY,MZ,L
0.0628,0.000769580714,-0.00543756504,0.000149108469,0.183360204,6.78098269,-1.69271138,1051.128022036
