Displacement,FX,FY,FZ,MX,MY,MZ,L
15.0,-1.62124634e-05,0.523254395,0.865829349,342.972276,0.000222640423,-0.0376086851,1207.9439433530001
