Displacement,FX,FY,FZ,MX,MY,MZ,L
15.0,1.23633072e-07,5.55068254e-05,5.8424077e-05,0.0250849985,-8.0287773e-07,-0.000144932718,1034.98507472
