Displacement,FX,FY,FZ,MX,MY,MZ,L
0.0628,-0.00309083533,-0.0122595914,-0.000236928463,0.292178692,3.24224787,-0.279484206,1276.231186255
