Displacement,FX,FY,FZ,MX,MY,MZ,L
15.0,1.02818012e-06,0.0123785734,0.00511192298,2.91096044,-8.99343212e-05,0.000181229215,1339.293832775
