Displacement,FX,FY,FZ,MX,MY,MZ,L
12.65742781186,39.8469589,-0.0099679445,-0.260584459,-281.391048,25534.9961,-43251.6406,1265.742781186
