Displacement,FX,FY,FZ,MX,MY,MZ,L
12.96112065153,18.7269679,-0.00188399989,-0.130986616,-145.080638,13736.2059,-20805.3542,1296.112065153
