Displacement,FX,FY,FZ,MX,MY,MZ,L
15.0,2.05589458e-07,2.83122068e-07,-1.52169377e-07,-0.000179848296,3.79665277e-06,-0.000163327046,1182.386635632
