Displacement,FX,FY,FZ,MX,MY,MZ,L
11.690997999219999,3.47447547,-0.00351470312,-0.0291683003,-29.0718603,2578.53864,-3486.0841,1169.0997999219999
