Displacement,FX,FY,FZ,MX,MY,MZ,L
15.0,-2.52388418e-07,4.78625298e-05,5.04607451e-05,0.0218744393,-5.38557598e-06,0.000217780984,1034.98507472
