Displacement,FX,FY,FZ,MX,MY,MZ,L
13.231517784760001,0.144815241,-0.000132984692,-0.00188176194,-2.12543818,154.649275,-164.183684,1323.1517784760001
