Displacement,FX,FY,FZ,MX,MY,MZ,L
15.0,-0.000244140625,2.4609375,161.924469,57733.5953,-0.0172196643,0.107336491,1066.970886314
