Displacement,FX,FY,FZ,MX,MY,MZ,L
0.0628,-0.00110265345,-0.00428068754,-9.470433e-05,0.0978858163,0.808822745,-0.0156364134,1286.355244347
