Displacement,FX,FY,FZ,MX,MY,MZ,L
15.0,1.53668225e-07,-8.7916851e-07,-9.17119905e-07,-0.000494155263,4.81601472e-05,0.000229538055,1331.4128559350002
