Displacement,FX,FY,FZ,MX,MY,MZ,L
15.0,-0.0009765625,0.796875,-39.5577545,-15661.6133,-0.00555399785,0.704260096,1112.654187734
