Displacement,FX,FY,FZ,MX,MY,MZ,L
15.0,6.20186329e-05,0.146453857,0.335345387,122.799166,0.000939965923,-0.0309807616,1097.738361015
