Displacement,FX,FY,FZ,MX,MY,MZ,L
0.0628,-12.2183762,-59.8762343,-2.31646729,992.093581,-19439.6436,6604.67079,1346.7924590819998
