Displacement,FX,FY,FZ,MX,MY,MZ,L
15.0,1.90734863e-06,0.310791016,8.12476444,3756.93391,-0.00115716701,0.0144766532,1353.906594098
