Displacement,FX,FY,FZ,MX,MY,MZ,L
15.0,8.96397983e-09,1.88592821e-06,1.81316863e-07,-0.000147235198,-4.73530392e-06,2.78044901e-05,1276.231186255
