Displacement,FX,FY,FZ,MX,MY,MZ,L
15.0,2.65240669e-06,0.0259093046,0.00291283103,1.86023169,3.12759906e-05,0.00285623246,1207.9439433530001
