Displacement,FX,FY,FZ,MX,MY,MZ,L
15.0,7.24196434e-06,0.0582046509,0.0394979343,15.8194936,-0.00057832147,-0.00520682674,1141.528729776
