Displacement,FX,FY,FZ,MX,MY,MZ,L
15.0,-1.0188669e-06,1.32620335e-06,1.75787136e-08,-2.13961832e-05,-2.38919263e-05,0.000408350956,1051.128022036
