Displacement,FX,FY,FZ,MX,MY,MZ,L
15.0,1.60307338e-16,0.635498047,12.4095993,5683.22553,9.41786712e-05,-0.058124566,1346.7924590819998
