Displacement,FX,FY,FZ,MX,MY,MZ,L
0.0628,-0.0029396324,-0.0159652876,-8.39829445e-05,0.448825904,10.0067735,-1.91486489,1220.207119082
