Displacement,FX,FY,FZ,MX,MY,MZ,L
15.0,-9.31322579e-08,-3.37064266e-05,0.000293150428,0.122921119,-1.51378966e-06,4.57985438e-05,1276.231186255
