Displacement,FX,FY,FZ,MX,MY,MZ,L
0.0628,-0.00694340467,-0.674281538,0.00974655151,21.755792,649.987553,-151.644216,1127.252366515
