Displacement,FX,FY,FZ,MX,MY,MZ,L
15.0,1.21593475e-05,0.0956535339,0.0646312609,26.2765809,-0.000624067214,-0.00546572432,1169.0997999219999
