Displacement,FX,FY,FZ,MX,MY,MZ,L
11.95335915728,0.0493679841,-8.75274964e-10,-0.000424414233,-0.441867875,41.4478962,-50.6239425,1195.335915728
