Displacement,FX,FY,FZ,MX,MY,MZ,L
15.0,2.56230123e-07,0.00212082267,0.00083598381,0.296500139,-2.15990951e-05,4.93518229e-05,1195.335915728
