Displacement,FX,FY,FZ,MX,MY,MZ,L
15.0,-1.09896064e-06,0.000602006912,0.00223244005,0.963222514,1.63741633e-05,0.000892855429,1220.207119082
