Displacement,FX,FY,FZ,MX,MY,MZ,L
0.0628,0.000643018633,-0.0383830704,0.000642061234,1.25024361,41.2167163,-9.76429297,1112.654187734
