Displacement,FX,FY,FZ,MX,MY,MZ,L
13.231517784760001,0.459478773,0.00051167868,-0.00451141084,-5.13865921,475.130115,-520.865126,1323.1517784760001
