Displacement,FX,FY,FZ,MX,MY,MZ,L
0.0628,-0.00385574135,-0.014933655,-0.000331163406,0.341013951,2.77591516,-0.0425268601,1286.355244347
