Displacement,FX,FY,FZ,MX,MY,MZ,L
15.0,9.1791153e-06,0.129545212,-0.027036041,1.17952474,0.00073289805,-0.00568560593,1366.973376629
