Displacement,FX,FY,FZ,MX,MY,MZ,L
10.669708863139999,0.0543734471,-1.10111893e-08,-0.000419082353,-0.405009047,38.2907088,-49.8311712,1066.970886314
