Displacement,FX,FY,FZ,MX,MY,MZ,L
12.65742781186,0.0523115819,0.00122349736,-0.00061330531,-0.732274595,49.5036673,-56.6343846,1265.742781186
