Displacement,FX,FY,FZ,MX,MY,MZ,L
15.0,1.49011613e-08,3.1709671e-05,2.47489661e-05,0.0117248362,-4.92074621e-06,-0.00100017319,1366.973376629
