Displacement,FX,FY,FZ,MX,MY,MZ,L
15.0,-3.91900539e-06,0.00127148628,0.00412822887,1.50145175,-0.000226940691,0.00373538281,1169.0997999219999
