Displacement,FX,FY,FZ,MX,MY,MZ,L
12.86355244347,0.630261395,0.00027090292,-0.00608465588,-6.71887915,595.927585,-694.879513,1286.355244347
