Displacement,FX,FY,FZ,MX,MY,MZ,L
0.0628,-0.00230436609,-0.00993645884,-0.000135809183,0.255201525,4.13904265,-0.62085648,1254.8930234210002
