Displacement,FX,FY,FZ,MX,MY,MZ,L
15.0,-1.35973096e-06,0.000312209129,-0.00106958486,0.0644136983,-1.60149777e-05,0.00113503419,1366.973376629
