Displacement,FX,FY,FZ,MX,MY,MZ,L
0.0628,-51.6673737,-291.539017,-1.25048828,8302.96397,54667.2578,-5354.25583,1243.685010427
