Displacement,FX,FY,FZ,MX,MY,MZ,L
15.0,-4.36306e-05,0.00147008896,0.0303721428,12.8117351,-0.00331230359,0.0178949525,1305.4988632529999
