Displacement,FX,FY,FZ,MX,MY,MZ,L
15.0,-1.777953e-07,2.23517359e-08,-4.59986043e-08,-0.000100330673,9.22195128e-06,0.00016223215,1254.8930234210002
