Displacement,FX,FY,FZ,MX,MY,MZ,L
10.349850747200001,0.0718461429,-9.06620382e-09,-0.000544391572,-0.510612213,48.5406211,-63.891726,1034.98507472
