Displacement,FX,FY,FZ,MX,MY,MZ,L
15.0,1.3243407e-06,-6.89178706e-07,1.28755346e-07,4.21824699e-05,-1.65793927e-05,-0.00100378058,1314.512958828
