Displacement,FX,FY,FZ,MX,MY,MZ,L
12.96112065153,3.69459477,2.16308649e-05,-0.0305731343,-33.9212974,3243.60082,-4104.15588,1296.112065153
