Displacement,FX,FY,FZ,MX,MY,MZ,L
15.0,4.05311584e-05,0.0040435791,0.00496146083,1.03553987,0.000349571147,-0.03582881,1112.654187734
