Displacement,FX,FY,FZ,MX,MY,MZ,L
15.0,3.4570694e-05,0.273086548,1.11081314,403.471356,0.00887498534,-0.0606747429,1097.738361015
