Displacement,FX,FY,FZ,MX,MY,MZ,L
10.97738361015,16.0426343,-0.0144889581,-0.118123095,-110.599514,9927.53077,-15126.3819,1097.738361015
