Displacement,FX,FY,FZ,MX,MY,MZ,L
10.669708863139999,0.0291977399,-1.07910763e-08,-0.000213628751,-0.215520136,20.6189257,-26.7584017,1066.970886314
