Displacement,FX,FY,FZ,MX,MY,MZ,L
0.0628,-4.67284117e-05,-0.00357723166,5.00790775e-05,0.115108854,3.72468785,-0.868318217,1127.252366515
