Displacement,FX,FY,FZ,MX,MY,MZ,L
0.0628,-0.0066916974,-0.026532039,-0.00051254034,0.632357182,6.92463074,-0.583520234,1276.231186255
