Displacement,FX,FY,FZ,MX,MY,MZ,L
15.0,1.24052167e-06,0.000618934631,0.000372601673,0.140959751,3.85917337e-05,-0.00051384645,1051.128022036
