Displacement,FX,FY,FZ,MX,MY,MZ,L
15.0,3.50177288e-07,0.00307795405,0.00151157915,0.568764946,3.1909817e-05,-0.000433470805,1243.685010427
