Displacement,FX,FY,FZ,MX,MY,MZ,L
0.0628,-0.00482969731,-0.019204733,-0.000647962093,0.35277594,-2.57426452,1.43664119,1323.1517784760001
