Displacement,FX,FY,FZ,MX,MY,MZ,L
0.0628,-0.0175920799,-0.0771345198,-0.00305759907,1.22230001,-22.3627825,8.54193081,1339.293832775
