Displacement,FX,FY,FZ,MX,MY,MZ,L
11.95335915728,1.59396424,-0.00150231098,-0.0142675508,-14.5493428,1263.58364,-1634.71136,1195.335915728
