Displacement,FX,FY,FZ,MX,MY,MZ,L
15.0,-1.40070915e-06,0.00189936161,0.00520984398,1.9936242,-0.000196125195,0.00281656815,1232.1219419559998
