Displacement,FX,FY,FZ,MX,MY,MZ,L
15.0,-1.1920929e-07,1.25169753e-06,4.78792936e-06,0.00222757054,1.21580759e-06,0.000247796287,1360.63420683
