Displacement,FX,FY,FZ,MX,MY,MZ,L
0.0628,0.00491356105,-0.0448379479,0.00111097097,1.50201554,53.5781395,-13.2252828,1066.970886314
