Displacement,FX,FY,FZ,MX,MY,MZ,L
0.0628,-57.7709351,-327.700298,-11.8598633,5955.83247,-141448.9,38674.108,1353.906594098
