Displacement,FX,FY,FZ,MX,MY,MZ,L
15.0,6.146729e-07,0.0035289526,0.00413425034,1.58933526,4.57433786e-05,-0.0030720049,1243.685010427
