Displacement,FX,FY,FZ,MX,MY,MZ,L
15.0,1.04866922e-06,-0.000114262104,0.000716669718,0.309022088,1.91600129e-06,-0.000569231127,1296.112065153
