Displacement,FX,FY,FZ,MX,MY,MZ,L
15.0,-8.70204533e-08,-5.96046428e-08,2.83907863e-08,2.4997134e-05,4.86535145e-06,6.75770701e-05,1112.654187734
