Displacement,FX,FY,FZ,MX,MY,MZ,L
0.0628,-0.000794385094,-0.0116042206,9.89884138e-05,0.362444314,10.8349041,-2.43195295,1155.479201803
