Displacement,FX,FY,FZ,MX,MY,MZ,L
15.0,1.4561565e-06,0.00644683838,0.00150503893,0.58829841,7.80514882e-05,-0.000636787818,1286.355244347
