Displacement,FX,FY,FZ,MX,MY,MZ,L
0.0628,-0.000785583863,-0.00551406387,1.54227018e-06,0.162647634,4.1968738,-0.87146951,1195.335915728
