Displacement,FX,FY,FZ,MX,MY,MZ,L
15.0,-1.00135803e-05,0.00399780273,-0.0305871964,-13.3640046,-0.000399029074,0.0144065829,1082.509144629
