Displacement,FX,FY,FZ,MX,MY,MZ,L
15.0,-1.25030055e-07,0.000182256103,0.000242780719,0.0988234492,5.06840013e-06,8.23678896e-05,1097.738361015
