Displacement,FX,FY,FZ,MX,MY,MZ,L
15.0,-1.8987339e-07,-2.58907674e-07,4.08326743e-08,4.2744704e-05,1.44048983e-07,0.000201115694,1141.528729776
