Displacement,FX,FY,FZ,MX,MY,MZ,L
15.0,6.05592504e-07,-8.12113285e-07,-2.51457104e-08,-6.02940725e-05,3.27180038e-05,-3.40979019e-05,1155.479201803
