Displacement,FX,FY,FZ,MX,MY,MZ,L
0.0628,-0.0314785987,-0.138001259,-0.00546622276,2.18910351,-39.7027067,15.205094,1339.293832775
