Displacement,FX,FY,FZ,MX,MY,MZ,L
15.0,-9.08970833e-07,-0.0014872551,0.0115041025,5.21020531,0.000113607877,-0.0019991499,1339.293832775
