Displacement,FX,FY,FZ,MX,MY,MZ,L
0.0628,-0.00545845274,-0.0250145838,-0.000271379948,0.663778585,12.1266794,-2.02476804,1243.685010427
