Displacement,FX,FY,FZ,MX,MY,MZ,L
0.0628,-0.00224807672,-0.0329624694,0.000282347202,1.02977991,30.5234819,-6.84941665,1155.479201803
