Displacement,FX,FY,FZ,MX,MY,MZ,L
15.0,-5.57303429e-06,0.0928344727,0.0306755742,13.6586796,-0.00051444999,0.00309019228,1207.9439433530001
