Displacement,FX,FY,FZ,MX,MY,MZ,L
12.20207119082,0.0507397539,1.57531241e-09,-0.000444127363,-0.469680006,44.3161381,-53.1008297,1220.207119082
