Displacement,FX,FY,FZ,MX,MY,MZ,L
15.0,4.0769577e-05,0.125717163,0.328375876,117.290071,0.00261603341,-0.00859407797,1066.970886314
