Displacement,FX,FY,FZ,MX,MY,MZ,L
10.349850747200001,29.6649301,-0.0345111754,-0.204081215,-179.962638,16122.0461,-26394.4316,1034.98507472
