Displacement,FX,FY,FZ,MX,MY,MZ,L
15.0,-3.0267984e-08,0.000324487686,0.000498244655,0.203595313,2.68793537e-05,-9.37621024e-05,1127.252366515
