Displacement,FX,FY,FZ,MX,MY,MZ,L
11.272523665149999,0.541862419,-0.00828863622,-0.00627823384,-5.68906098,403.569801,-525.542328,1127.252366515
