Displacement,FX,FY,FZ,MX,MY,MZ,L
0.0628,1.3144455,-39.8504677,0.784423828,1320.64484,30100.898,-7166.84239,1112.654187734
