Displacement,FX,FY,FZ,MX,MY,MZ,L
13.054988632529998,0.0516947119,0.000702510235,-0.000806288488,-0.941018874,53.4929494,-57.7700732,1305.4988632529999
