Displacement,FX,FY,FZ,MX,MY,MZ,L
12.65742781186,0.0721203627,0.000682433496,-0.00107894198,-1.20808498,68.1800299,-78.1839004,1265.742781186
