Displacement,FX,FY,FZ,MX,MY,MZ,L
15.0,1.12690032e-07,0.00254778564,0.00108869658,0.39733968,-8.13834861e-06,0.000433304581,1220.207119082
