Displacement,FX,FY,FZ,MX,MY,MZ,L
12.321219419559998,19.0560626,-0.00544039659,-0.13818828,-145.471786,13301.1898,-20139.0732,1232.1219419559998
