Displacement,FX,FY,FZ,MX,MY,MZ,L
0.0628,-0.000588941562,-0.00413502334,1.20699406e-06,0.122006531,3.14974945,-0.654156472,1195.335915728
