Displacement,FX,FY,FZ,MX,MY,MZ,L
15.0,4.29153442e-06,0.260185242,0.272558868,108.943234,0.000234664089,-0.00893938931,1195.335915728
