Displacement,FX,FY,FZ,MX,MY,MZ,L
15.0,1.94180757e-07,1.37090683e-06,4.47616918e-08,-3.65066198e-05,1.58666664e-05,0.000210922433,1220.207119082
