Displacement,FX,FY,FZ,MX,MY,MZ,L
0.0628,-0.00180071313,-0.00825593411,-8.95559788e-05,0.219188655,4.04676026,-0.678678808,1243.685010427
