Displacement,FX,FY,FZ,MX,MY,MZ,L
0.0628,-0.0788735151,-0.412622653,-0.0187954903,5.45554859,-171.749574,57.3113657,1353.906594098
