Displacement,FX,FY,FZ,MX,MY,MZ,L
0.0628,-0.000678440003,-0.00476264395,1.37090683e-06,0.140512419,3.62652041,-0.753105607,1195.335915728
