Displacement,FX,FY,FZ,MX,MY,MZ,L
15.0,-2.68919391e-08,-6.89178689e-08,6.26459952e-08,6.76394154e-05,-4.20612949e-07,-5.77459193e-06,1141.528729776
