Displacement,FX,FY,FZ,MX,MY,MZ,L
12.76231186255,0.0612850171,0.00100835976,-0.000820826273,-0.953118024,59.217114,-66.9418755,1276.231186255
