Displacement,FX,FY,FZ,MX,MY,MZ,L
12.079439433530002,2.37594728,-0.00178207716,-0.0206027301,-21.2426215,1886.82862,-2462.04756,1207.9439433530001
