Displacement,FX,FY,FZ,MX,MY,MZ,L
0.0628,-0.0409020483,-0.193662424,-0.00824689865,2.81805254,-69.3190666,24.4042459,1346.7924590819998
