Displacement,FX,FY,FZ,MX,MY,MZ,L
0.0628,0.11420083,-1.01895106,0.0258102417,34.2304816,1135.45635,-281.367591,1066.970886314
