Displacement,FX,FY,FZ,MX,MY,MZ,L
0.0628,0.000526886433,-0.00482584955,0.000119522214,0.161684797,5.8493397,-1.44326436,1066.970886314
