Displacement,FX,FY,FZ,MX,MY,MZ,L
0.0628,-0.000840060413,-0.0682488158,0.000959634781,2.19623637,69.5957854,-16.2230004,1127.252366515
