Displacement,FX,FY,FZ,MX,MY,MZ,L
13.39293832775,0.0672912797,-0.000228336668,-0.00114668567,-1.30274539,76.4029824,-77.2188903,1339.293832775
