Displacement,FX,FY,FZ,MX,MY,MZ,L
13.054988632529998,0.284883597,0.000194722344,-0.00308671361,-3.46241599,286.783127,-318.698606,1305.4988632529999
