Displacement,FX,FY,FZ,MX,MY,MZ,L
0.0628,-0.000863058725,-0.00396218844,-4.29004431e-05,0.105234648,1.94883415,-0.327514249,1243.685010427
