Displacement,FX,FY,FZ,MX,MY,MZ,L
0.0628,-0.0805579424,-1.24307311,0.0114212036,39.0064532,1043.06218,-233.673332,1155.479201803
