Displacement,FX,FY,FZ,MX,MY,MZ,L
15.0,-1.46627426e-05,0.205098271,-0.0629478097,-22.8090667,0.000870170994,-0.00166251782,1305.4988632529999
