Displacement,FX,FY,FZ,MX,MY,MZ,L
0.0628,-0.000140698627,-0.0109125283,0.000152617693,0.351087741,11.3154065,-2.63746796,1127.252366515
