Displacement,FX,FY,FZ,MX,MY,MZ,L
15.0,1.66380778e-06,0.000889852643,0.000914154807,0.295271202,-1.1292692e-05,-0.0012274772,1051.128022036
