Displacement,FX,FY,FZ,MX,MY,MZ,L
0.0628,0.00189967081,-0.0134165287,0.000367552042,0.452302467,16.6576622,-4.15845703,1051.128022036
