Displacement,FX,FY,FZ,MX,MY,MZ,L
13.39293832775,0.268146817,0.000565456414,-0.00276621478,-3.20296823,294.395959,-307.610078,1339.293832775
