Displacement,FX,FY,FZ,MX,MY,MZ,L
15.0,6.10351562e-05,0.931640625,14.0415115,6139.9558,-0.187326498,-0.105054453,1305.4988632529999
