Displacement,FX,FY,FZ,MX,MY,MZ,L
11.272523665149999,16.9053855,-0.0123753115,-0.124567337,-119.840019,10750.9512,-16363.1464,1127.252366515
