Displacement,FX,FY,FZ,MX,MY,MZ,L
0.0628,-0.00178466248,-0.00733925751,-0.000120937824,0.181950283,2.5144553,-0.315512844,1265.742781186
