Displacement,FX,FY,FZ,MX,MY,MZ,L
12.65742781186,0.0855391505,-4.3474985e-05,-0.00140555482,-1.52371472,80.8111335,-92.8196369,1265.742781186
