Displacement,FX,FY,FZ,MX,MY,MZ,L
10.97738361015,0.298498416,-0.00262209518,-0.00123595633,-1.06740472,215.032455,-281.794088,1097.738361015
