Displacement,FX,FY,FZ,MX,MY,MZ,L
15.0,-2.48663126e-07,0.000396817923,0.000790016027,0.364039642,-5.14687709e-06,0.000486440702,1232.1219419559998
