Displacement,FX,FY,FZ,MX,MY,MZ,L
13.231517784760001,90.1674566,-0.0151065567,-0.481954858,-542.459468,46735.1548,-102259.57,1323.1517784760001
