Displacement,FX,FY,FZ,MX,MY,MZ,L
13.231517784760001,0.0825866321,-0.000554692656,-0.00139829447,-1.55448944,89.1555501,-93.6688251,1323.1517784760001
