Displacement,FX,FY,FZ,MX,MY,MZ,L
0.0628,-0.0455561578,-0.188634001,-0.00690603256,3.23630788,-40.0880742,17.5253853,1331.4128559350002
