Displacement,FX,FY,FZ,MX,MY,MZ,L
15.0,-0.000492095947,0.103515625,2.70344591,1144.47833,-0.00206867691,0.521463532,1265.742781186
