Displacement,FX,FY,FZ,MX,MY,MZ,L
11.55479201803,35393.1716,-9.71806926,-569.868532,-634821.281,1571423.52,-35203937.1,1155.479201803
