Displacement,FX,FY,FZ,MX,MY,MZ,L
12.548930234210001,35722.8564,-6.34806371,-768.33514,-901334.126,1596540.69,-38543406.3,1254.8930234210002
