Displacement,FX,FY,FZ,MX,MY,MZ,L
15.0,-8.56816773e-08,1.1920929e-06,-6.00120984e-06,-0.00220740899,-1.5856969e-05,0.000128178959,1353.906594098
