Displacement,FX,FY,FZ,MX,MY,MZ,L
15.0,-2.24262476e-06,0.00104808807,0.00114280544,0.424939267,-8.31528836e-05,0.00181370586,1097.738361015
