Displacement,FX,FY,FZ,MX,MY,MZ,L
12.76231186255,0.0856089462,-8.17426962e-05,-0.00140241691,-1.53054518,82.5994409,-93.6597868,1276.231186255
