Displacement,FX,FY,FZ,MX,MY,MZ,L
15.0,3.05175781e-05,-0.0217285156,1.27727079,594.622458,-0.0162100528,-0.0360954199,1353.906594098
