Displacement,FX,FY,FZ,MX,MY,MZ,L
15.0,-2.7846545e-07,0.000203460455,0.000377586111,0.174684796,-9.64733055e-06,0.000112061933,1220.207119082
