Displacement,FX,FY,FZ,MX,MY,MZ,L
15.0,-2.93366605e-08,7.81863928e-05,9.92176647e-05,0.0470290133,3.91499102e-06,-3.04076681e-05,1155.479201803
