Displacement,FX,FY,FZ,MX,MY,MZ,L
15.0,2.23517419e-07,-0.00416755676,0.0172371077,7.91200078,-2.96792621e-05,0.00030838423,1346.7924590819998
