Displacement,FX,FY,FZ,MX,MY,MZ,L
0.0628,0.00362740457,-0.0465348363,0.00102895498,1.54655254,53.8163074,-13.1177867,1082.509144629
