Displacement,FX,FY,FZ,MX,MY,MZ,L
15.0,-2.17929482e-06,0.00158214569,0.00136105344,0.492327988,2.29946927e-05,0.000753215437,1182.386635632
