Displacement,FX,FY,FZ,MX,MY,MZ,L
15.0,1.29826367e-06,0.000507950783,0.000880712643,0.355178816,5.82032681e-07,-0.000506657177,1127.252366515
