Displacement,FX,FY,FZ,MX,MY,MZ,L
12.76231186255,97.5218061,-0.0354127118,-0.562543295,-610.41914,51845.3114,-106746.09,1276.231186255
