Displacement,FX,FY,FZ,MX,MY,MZ,L
0.0628,-0.00615996867,-0.0304720569,-0.000244736671,0.833554985,16.8812383,-3.04456386,1232.1219419559998
