Displacement,FX,FY,FZ,MX,MY,MZ,L
15.0,-6.07222319e-07,0.00361979008,-0.00256954692,0.138504327,-6.11479337e-05,0.000652806855,1366.973376629
