Displacement,FX,FY,FZ,MX,MY,MZ,L
0.0628,0.012240991,-0.111307025,0.00276648998,3.72987698,131.463732,-32.4701856,1066.970886314
