Displacement,FX,FY,FZ,MX,MY,MZ,L
15.0,-1.31782144e-07,0.000147894025,0.000197835965,0.0939389485,-5.599066e-06,0.000211989013,1195.335915728
