Displacement,FX,FY,FZ,MX,MY,MZ,L
15.0,-1.71567081e-07,3.98606063e-07,1.38243201e-08,-1.43672641e-05,7.06530581e-06,4.99952215e-05,1051.128022036
