Displacement,FX,FY,FZ,MX,MY,MZ,L
0.0628,0.000207198784,-0.00446028914,8.65310431e-05,0.14685547,5.05073807,-1.21419691,1097.738361015
