Displacement,FX,FY,FZ,MX,MY,MZ,L
12.96112065153,0.287054265,-6.36216223e-05,-0.00318068219,-3.52850616,282.987942,-318.870106,1296.112065153
