Displacement,FX,FY,FZ,MX,MY,MZ,L
0.0628,-0.00235280953,-0.0141962845,-0.000689864159,0.167262684,-7.45177955,2.31898936,1360.63420683
