Displacement,FX,FY,FZ,MX,MY,MZ,L
0.0628,-0.013421522,-0.0532321073,-0.00102710724,1.26884202,13.6484267,-1.11635765,1276.231186255
