Displacement,FX,FY,FZ,MX,MY,MZ,L
11.126541877340001,0.0597158701,-4.68190962e-09,-0.000483097509,-0.476302518,44.5716531,-57.0444877,1112.654187734
