Displacement,FX,FY,FZ,MX,MY,MZ,L
15.0,8.24220479e-08,0.000183567405,0.000473834458,0.203178112,1.05818826e-05,-0.000151220295,1182.386635632
