Displacement,FX,FY,FZ,MX,MY,MZ,L
15.0,1.34110451e-07,-7.85291195e-05,0.0004372322,0.186391891,-1.43075978e-05,-0.000100765407,1286.355244347
