Displacement,FX,FY,FZ,MX,MY,MZ,L
10.825091446290001,0.0562128244,-8.20605493e-09,-0.000441087643,-0.428804636,40.3662146,-52.2589197,1082.509144629
