Displacement,FX,FY,FZ,MX,MY,MZ,L
15.0,-8.9360401e-07,1.12503766e-06,-7.27304723e-08,8.96991443e-05,5.30495894e-06,0.000717672983,1182.386635632
