Displacement,FX,FY,FZ,MX,MY,MZ,L
12.76231186255,3.74041861,-0.000346755211,-0.0310911499,-33.956112,3188.85909,-4092.15859,1276.231186255
