Displacement,FX,FY,FZ,MX,MY,MZ,L
0.0628,-0.0154345613,-0.0665825317,-0.000906348228,1.71070158,26.9027194,-3.97084079,1254.8930234210002
