Displacement,FX,FY,FZ,MX,MY,MZ,L
15.0,-4.3027103e-07,0.00950590335,0.00174879539,0.725130063,-5.25122279e-05,-0.00133788837,1305.4988632529999
