Displacement,FX,FY,FZ,MX,MY,MZ,L
15.0,-1.16648153e-06,1.12503767e-06,1.69675332e-07,-0.000115546075,3.91955453e-06,0.000515531599,1141.528729776
