Displacement,FX,FY,FZ,MX,MY,MZ,L
10.97738361015,0.0235852255,-1.16156577e-08,-0.000176596222,-0.182093872,17.3378192,-22.2311906,1097.738361015
