Displacement,FX,FY,FZ,MX,MY,MZ,L
15.0,-1.26194209e-07,-1.13248825e-05,0.000199362228,0.0823044633,-7.40329964e-07,0.000126529062,1265.742781186
