Displacement,FX,FY,FZ,MX,MY,MZ,L
0.0628,-0.000252151862,-0.0197520852,0.000276476145,0.635513099,20.4045893,-4.7558174,1127.252366515
