Displacement,FX,FY,FZ,MX,MY,MZ,L
15.0,-1.78068876e-06,0.0198757648,0.00959484279,4.11120601,-0.000100555284,-0.000506344979,1127.252366515
