Displacement,FX,FY,FZ,MX,MY,MZ,L
13.539065940979999,0.742296745,0.000546133409,-0.00689718241,-8.02034661,808.25243,-860.773474,1353.906594098
