Displacement,FX,FY,FZ,MX,MY,MZ,L
15.0,1.35675073e-05,0.038664341,0.0394902006,14.5238863,6.52047148e-05,-0.00792475521,1066.970886314
