Displacement,FX,FY,FZ,MX,MY,MZ,L
13.467924590819997,0.0477990831,7.18485575e-05,-0.000865863607,-1.00298878,55.893365,-55.136878,1346.7924590819998
