Displacement,FX,FY,FZ,MX,MY,MZ,L
11.126541877340001,0.712766329,0.00167945895,-0.00577454455,-5.60584917,517.141059,-680.6299,1112.654187734
