Displacement,FX,FY,FZ,MX,MY,MZ,L
15.0,8.92864773e-06,0.144154787,0.0118435845,7.16528295,6.17387057e-05,-0.0107786988,1254.8930234210002
