Displacement,FX,FY,FZ,MX,MY,MZ,L
0.0628,-0.00538218766,-0.0386612768,-0.00199872255,0.398908743,-22.6539007,6.84028868,1366.973376629
