Displacement,FX,FY,FZ,MX,MY,MZ,L
13.314128559350001,1.56008601,0.000481126996,-0.0137141645,-15.6523815,1544.32796,-1779.52034,1331.4128559350002
