Displacement,FX,FY,FZ,MX,MY,MZ,L
15.0,-2.42143868e-08,-3.78489495e-06,0.000209096295,0.0858841713,-3.6717865e-06,-0.000157697413,1265.742781186
