Displacement,FX,FY,FZ,MX,MY,MZ,L
0.0628,-0.00213493407,-0.182517529,0.00258827209,5.87845347,182.892637,-42.6428836,1127.252366515
