Displacement,FX,FY,FZ,MX,MY,MZ,L
15.0,1.52736902e-07,6.6831708e-06,-4.01494617e-06,-0.00158992715,-4.49708963e-06,-0.000285389085,1353.906594098
