Displacement,FX,FY,FZ,MX,MY,MZ,L
0.0628,-0.395845175,-1.74081501,-0.0681724548,28.0109906,-476.486021,184.89731,1339.293832775
