Displacement,FX,FY,FZ,MX,MY,MZ,L
15.0,2.63564289e-07,1.48266554e-06,-8.01519495e-08,-0.000117343418,-4.36639401e-06,-0.000136115168,1265.742781186
