Displacement,FX,FY,FZ,MX,MY,MZ,L
15.0,-3.57278623e-07,9.99309117e-07,8.32369549e-08,1.97468503e-05,-2.04563655e-05,0.00027218132,1254.8930234210002
