Displacement,FX,FY,FZ,MX,MY,MZ,L
15.0,7.26431605e-08,0.000120669603,0.000133023015,0.0521916389,3.0860356e-06,6.49393736e-05,1220.207119082
