Displacement,FX,FY,FZ,MX,MY,MZ,L
12.86355244347,0.288433474,-0.000429663895,-0.00328210369,-3.59471747,278.561989,-318.055486,1286.355244347
