Displacement,FX,FY,FZ,MX,MY,MZ,L
15.0,-5.91278076e-05,0.00424575806,0.0471759439,22.5575276,-0.000318287352,0.0624375153,1339.293832775
