Displacement,FX,FY,FZ,MX,MY,MZ,L
13.539065940979999,8.5798535,0.000512356679,-0.0615208335,-71.2477556,7135.89026,-9950.10063,1353.906594098
