Displacement,FX,FY,FZ,MX,MY,MZ,L
0.0628,-0.412872434,-1.71828148,-0.0621395111,29.8415312,-361.189388,157.44218,1331.4128559350002
