Displacement,FX,FY,FZ,MX,MY,MZ,L
13.054988632529998,0.0333949191,0.00108707873,-0.000359699654,-0.463005876,34.6017556,-37.2645319,1305.4988632529999
