Displacement,FX,FY,FZ,MX,MY,MZ,L
15.0,0.000131607056,0.0266113281,0.489861965,183.856429,0.00221373353,-0.100803438,1182.386635632
