Displacement,FX,FY,FZ,MX,MY,MZ,L
15.0,1.50583219e-07,-3.05473802e-07,1.02008923e-08,-1.60495478e-06,-3.05119725e-06,-2.70468561e-05,1112.654187734
