Displacement,FX,FY,FZ,MX,MY,MZ,L
13.539065940979999,5.06819645,0.000587647508,-0.0389647139,-45.1521942,4574.57653,-5877.48266,1353.906594098
