Displacement,FX,FY,FZ,MX,MY,MZ,L
15.0,-5.76302409e-06,0.00235176086,0.00343592116,1.28225437,-8.67745618e-06,0.00281177314,1207.9439433530001
