Displacement,FX,FY,FZ,MX,MY,MZ,L
11.41528729776,0.089528086,0.00152632393,-0.000943294726,-1.00554647,69.2316885,-87.4944412,1141.528729776
