Displacement,FX,FY,FZ,MX,MY,MZ,L
15.0,7.76199157e-08,-2.74740163e-07,-2.2572931e-07,-0.000119380377,-5.82446736e-06,-1.26645335e-05,1286.355244347
