Displacement,FX,FY,FZ,MX,MY,MZ,L
0.0628,-0.0404229537,-0.220848128,-0.00111842155,6.21775195,131.511332,-24.9333979,1220.207119082
