Displacement,FX,FY,FZ,MX,MY,MZ,L
0.0628,-0.0518166348,-0.318556905,-0.000703811646,9.20411699,207.766075,-41.2427876,1207.9439433530001
