Displacement,FX,FY,FZ,MX,MY,MZ,L
15.0,-4.00468708e-07,-0.000209093094,0.00110720098,0.483386956,-1.24991725e-05,0.000350127025,1305.4988632529999
