Displacement,FX,FY,FZ,MX,MY,MZ,L
15.0,-1.00524631e-07,2.03028337e-07,6.72880558e-08,3.03233199e-05,1.47830268e-06,-2.76028035e-05,1082.509144629
