Displacement,FX,FY,FZ,MX,MY,MZ,L
12.86355244347,0.368200583,-5.33524508e-06,-0.00388765801,-4.28444248,353.50357,-405.964072,1286.355244347
