Displacement,FX,FY,FZ,MX,MY,MZ,L
15.0,4.90248203e-06,0.0480222702,0.0245195776,10.1676981,0.000112324769,-0.0042186559,1155.479201803
