Displacement,FX,FY,FZ,MX,MY,MZ,L
15.0,-4.18722629e-06,0.0194791555,0.00775594031,4.66038079,-0.000280742484,0.00225393469,1346.7924590819998
