Displacement,FX,FY,FZ,MX,MY,MZ,L
15.0,-6.10351562e-05,1.38476562,196.838562,80122.4439,0.00661133369,0.323863938,1207.9439433530001
