Displacement,FX,FY,FZ,MX,MY,MZ,L
12.20207119082,97.7609068,-0.0601814042,-0.594671473,-616.955083,51732.6605,-102380.372,1220.207119082
