Displacement,FX,FY,FZ,MX,MY,MZ,L
0.0628,-0.0128924828,-0.063842332,-0.000510215759,1.74678035,34.9200796,-6.27786019,1232.1219419559998
