Displacement,FX,FY,FZ,MX,MY,MZ,L
0.0628,2.41081238,-38.5607986,0.861877441,1290.47504,30713.8569,-7447.61861,1097.738361015
