Displacement,FX,FY,FZ,MX,MY,MZ,L
12.76231186255,1.668743,-0.00017243487,-0.0148207592,-16.1897168,1491.00132,-1825.63541,1276.231186255
