Displacement,FX,FY,FZ,MX,MY,MZ,L
15.0,0.00756835937,0.765625,-39.8238831,-16046.1235,0.42716845,-1.09545372,1127.252366515
