Displacement,FX,FY,FZ,MX,MY,MZ,L
15.0,1.67824328e-06,-0.000814437866,0.00637850165,2.86223488,-5.30791269e-05,-0.00179663106,1331.4128559350002
