Displacement,FX,FY,FZ,MX,MY,MZ,L
0.0628,-0.0802283883,-0.347801704,-0.00466346741,8.95672273,131.940687,-18.8516014,1254.8930234210002
