Displacement,FX,FY,FZ,MX,MY,MZ,L
15.0,9.11951065e-06,0.00365066528,0.0386568978,16.161343,0.000312657975,-0.00534764347,1232.1219419559998
