Displacement,FX,FY,FZ,MX,MY,MZ,L
15.0,-1.83819792e-07,1.76951331e-08,1.76914906e-08,-8.43621985e-06,-1.6755519e-06,1.2690469e-05,1243.685010427
