Displacement,FX,FY,FZ,MX,MY,MZ,L
15.0,4.57763672e-05,0.107421875,0.368602753,81.7661513,-0.00100126406,0.117568484,1155.479201803
