Displacement,FX,FY,FZ,MX,MY,MZ,L
15.0,7.82310957e-08,1.37835741e-07,-7.96135291e-08,-3.34227091e-05,-3.80829171e-07,1.79958527e-05,1155.479201803
