Displacement,FX,FY,FZ,MX,MY,MZ,L
12.43685010427,0.0714872235,0.00109966426,-0.000930655078,-1.05182535,64.7996014,-76.1089,1243.685010427
