Displacement,FX,FY,FZ,MX,MY,MZ,L
0.0628,-0.00403999793,-0.028377492,8.67247581e-06,0.837122774,21.3562889,-4.42808057,1195.335915728
