Displacement,FX,FY,FZ,MX,MY,MZ,L
15.0,7.74860382e-07,0.00737297535,0.0129974559,5.67166213,-0.000143518792,-0.00589462723,1314.512958828
