Displacement,FX,FY,FZ,MX,MY,MZ,L
15.0,2.52137991e-16,-4.89453125,280.488281,128881.535,-0.151757699,-0.00165718794,1346.7924590819998
