Displacement,FX,FY,FZ,MX,MY,MZ,L
12.548930234210001,0.228647289,-0.00317218125,-0.0032129747,-3.2906552,209.031433,-246.345192,1254.8930234210002
