Displacement,FX,FY,FZ,MX,MY,MZ,L
15.0,-3.84844337e-16,7.75,-87.0288849,-39330.8584,-0.0154382787,-6.25848564e-07,1286.355244347
