Displacement,FX,FY,FZ,MX,MY,MZ,L
15.0,4.69386578e-06,0.00160217285,0.0101157818,4.24498089,-3.53344105e-05,-0.00156510652,1220.207119082
