Displacement,FX,FY,FZ,MX,MY,MZ,L
15.0,-9.53674316e-05,0.220199585,1.06122541,370.022478,-0.00297957518,0.0552937633,1051.128022036
