Displacement,FX,FY,FZ,MX,MY,MZ,L
15.0,-0.00013923645,0.0229492188,0.635703325,264.098055,0.000554009504,0.144420892,1243.685010427
