Displacement,FX,FY,FZ,MX,MY,MZ,L
0.0628,-0.0450015701,-0.17460043,-0.00384902954,3.99394249,29.4711118,0.159169384,1286.355244347
