Displacement,FX,FY,FZ,MX,MY,MZ,L
0.0628,-0.00245487224,-0.0116703437,-0.000496938825,0.16975481,-4.35373522,1.51141427,1346.7924590819998
