Displacement,FX,FY,FZ,MX,MY,MZ,L
11.82386635632,0.0360072247,-6.98888496e-10,-0.000304385088,-0.316532506,29.6963191,-36.5276996,1182.386635632
