Displacement,FX,FY,FZ,MX,MY,MZ,L
15.0,-1.28149986e-06,-0.000330686569,0.00188937131,0.833492542,-1.33953416e-05,0.00101763449,1314.512958828
