Displacement,FX,FY,FZ,MX,MY,MZ,L
15.0,1.28522516e-07,-4.32729721e-05,0.000288572832,0.121262282,-3.60897832e-06,-6.54776589e-05,1276.231186255
