Displacement,FX,FY,FZ,MX,MY,MZ,L
13.054988632529998,0.837061346,0.000315715275,-0.00783099374,-8.77055229,813.652376,-936.449778,1305.4988632529999
