Displacement,FX,FY,FZ,MX,MY,MZ,L
15.0,1.21654012e-07,5.38155436e-05,6.53623429e-05,0.0224529631,2.35631778e-06,-0.000112502542,1051.128022036
