Displacement,FX,FY,FZ,MX,MY,MZ,L
15.0,1.65775418e-07,-4.76837159e-07,-8.80332664e-07,-0.000265911774,1.4097915e-05,-0.000330270759,1331.4128559350002
