Displacement,FX,FY,FZ,MX,MY,MZ,L
10.51128022036,0.109740399,0.00162075872,-0.00106468238,-1.05039104,75.4254298,-98.8226888,1051.128022036
