Displacement,FX,FY,FZ,MX,MY,MZ,L
15.0,3.48687172e-06,-0.0104904175,0.0900047719,41.66514,1.28118692e-05,-0.00173959925,1360.63420683
