Displacement,FX,FY,FZ,MX,MY,MZ,L
15.0,5.79503831e-06,0.0577016473,-0.00773095898,-1.82297059,3.93786727e-05,-0.00501117858,1286.355244347
