Displacement,FX,FY,FZ,MX,MY,MZ,L
15.0,1.2665987e-07,0.00362181664,0.0154585191,7.09483648,2.95367315e-05,-0.000629184873,1296.112065153
