Displacement,FX,FY,FZ,MX,MY,MZ,L
10.97738361015,0.0419920038,-9.66764223e-09,-0.000329363975,-0.326921733,30.7953947,-39.5814777,1097.738361015
