Displacement,FX,FY,FZ,MX,MY,MZ,L
15.0,3.54275108e-06,0.000641822815,0.00196090201,0.817192295,-1.7748167e-05,-0.00285082729,1182.386635632
