Displacement,FX,FY,FZ,MX,MY,MZ,L
15.0,-1.50757842e-07,4.8674643e-05,5.94234152e-05,0.0200274163,1.26135829e-06,2.93748432e-05,1034.98507472
