Displacement,FX,FY,FZ,MX,MY,MZ,L
0.0628,-0.00515041267,-0.0211612713,-0.000348746777,0.524523205,7.1617689,-0.888883776,1265.742781186
