Displacement,FX,FY,FZ,MX,MY,MZ,L
15.0,3.09111783e-07,1.48080283e-07,-2.63389689e-09,-5.66962285e-05,3.75065552e-06,-0.000349132685,1254.8930234210002
