Displacement,FX,FY,FZ,MX,MY,MZ,L
0.0628,6.48135319e-05,-0.00398689206,6.66305423e-05,0.129893017,4.33891795,-1.02790694,1112.654187734
