Displacement,FX,FY,FZ,MX,MY,MZ,L
15.0,-6.40284268e-08,6.7614019e-07,1.73546141e-07,0.000108263928,9.25054688e-07,-0.000175439748,1243.685010427
