Displacement,FX,FY,FZ,MX,MY,MZ,L
15.0,-5.36441804e-07,-0.0023727417,0.079951942,36.6329052,-4.39312243e-05,0.000639251652,1353.906594098
