Displacement,FX,FY,FZ,MX,MY,MZ,L
15.0,2.90572643e-06,0.00132274628,0.00934391189,4.03105599,1.07353553e-05,-0.00245159893,1243.685010427
