Displacement,FX,FY,FZ,MX,MY,MZ,L
15.0,-1.28746033e-05,0.00444412231,0.0615633279,26.3095434,-0.000291786698,0.00909114027,1254.8930234210002
