Displacement,FX,FY,FZ,MX,MY,MZ,L
0.0628,-0.00273625925,-0.0135327596,-0.000109001994,0.370100055,7.56579421,-1.36792911,1232.1219419559998
