Displacement,FX,FY,FZ,MX,MY,MZ,L
0.0628,-0.000323088956,-0.00341765839,1.98446214e-05,0.104965536,3.01437965,-0.661918625,1169.0997999219999
