Displacement,FX,FY,FZ,MX,MY,MZ,L
15.0,-3.27825546e-07,-5.54323196e-06,-6.08689152e-06,-0.00241965326,-2.69402549e-05,0.000465865346,1346.7924590819998
