Displacement,FX,FY,FZ,MX,MY,MZ,L
15.0,-2.04355169e-16,3.90625,-76.1180496,-34109.5972,-0.00631626369,5.6624432e-07,1276.231186255
