Displacement,FX,FY,FZ,MX,MY,MZ,L
13.6063420683,0.0293301188,0.000404965712,-0.000532165519,-0.643294571,36.2916359,-34.1543419,1360.63420683
