Displacement,FX,FY,FZ,MX,MY,MZ,L
15.0,-4.76837159e-07,0.0151977539,0.276500404,115.278856,0.000492306797,0.0118375341,1243.685010427
