Displacement,FX,FY,FZ,MX,MY,MZ,L
15.0,3.83704901e-07,0.00139304996,0.00111539452,0.393272444,-3.90251237e-05,-1.55938179e-05,1155.479201803
