Displacement,FX,FY,FZ,MX,MY,MZ,L
11.82386635632,35982.4755,-9.29676943,-623.0288,-705469.051,1605791.63,-36613027.5,1182.386635632
