Displacement,FX,FY,FZ,MX,MY,MZ,L
15.0,-3.51807103e-07,8.94069679e-07,1.57451719e-08,4.5803574e-05,-1.37597014e-05,6.84679202e-05,1195.335915728
