Displacement,FX,FY,FZ,MX,MY,MZ,L
12.079439433530002,0.822314329,-0.00141588338,-0.00797701336,-8.19268727,677.118772,-852.196615,1207.9439433530001
