Displacement,FX,FY,FZ,MX,MY,MZ,L
15.0,4.99188899e-07,0.00142836571,0.0127085755,5.66161047,4.39606216e-05,-0.000447646788,1276.231186255
