Displacement,FX,FY,FZ,MX,MY,MZ,L
12.86355244347,0.849221528,0.000181584841,-0.0079704728,-8.79096348,794.776349,-936.308782,1286.355244347
