Displacement,FX,FY,FZ,MX,MY,MZ,L
15.0,1.79279596e-07,0.00504070893,0.00179321296,0.69704559,-2.06539283e-05,9.89315537e-05,1276.231186255
