Displacement,FX,FY,FZ,MX,MY,MZ,L
15.0,-8.49366187e-07,0.00190830231,0.0030750609,1.12251143,-3.34376197e-05,0.000224022796,1182.386635632
