Displacement,FX,FY,FZ,MX,MY,MZ,L
10.825091446290001,0.0965057933,0.00169426993,-0.000870263437,-0.902284758,69.0083304,-89.4465188,1082.509144629
