Displacement,FX,FY,FZ,MX,MY,MZ,L
15.0,3.9068982e-07,0.00026139617,0.000275410945,0.104647302,2.00922262e-05,-0.000104725531,1034.98507472
