Displacement,FX,FY,FZ,MX,MY,MZ,L
15.0,1.46403909e-06,0.00067204237,0.00157037657,0.51813178,-3.41508435e-05,-0.00119618516,1051.128022036
