Displacement,FX,FY,FZ,MX,MY,MZ,L
13.14512958828,0.0380628568,0.000921498016,-0.000535011517,-0.65399687,40.3779164,-42.7947957,1314.512958828
