Displacement,FX,FY,FZ,MX,MY,MZ,L
10.669708863139999,31.7707264,-0.0318562832,-0.219214338,-199.369142,17746.7133,-29131.0407,1066.970886314
