Displacement,FX,FY,FZ,MX,MY,MZ,L
10.349850747200001,0.447379927,-0.00343700694,-0.00230356026,-1.94241337,296.571911,-398.462664,1034.98507472
