Displacement,FX,FY,FZ,MX,MY,MZ,L
15.0,2.30362639e-06,0.00494495034,0.0030648727,1.2351898,-3.27269399e-05,0.000612186392,1286.355244347
