Displacement,FX,FY,FZ,MX,MY,MZ,L
15.0,-6.33299353e-08,-1.26287341e-06,8.54197422e-08,5.68006726e-05,-2.93361189e-05,1.19597914e-05,1169.0997999219999
