Displacement,FX,FY,FZ,MX,MY,MZ,L
0.0628,-0.00048010872,-0.00402744743,1.22860074e-05,0.121344443,3.31484936,-0.709412437,1182.386635632
