Displacement,FX,FY,FZ,MX,MY,MZ,L
15.0,-1.22003257e-06,-6.32107258e-05,0.000454360852,0.193434035,2.38362053e-07,0.000919404067,1286.355244347
