Displacement,FX,FY,FZ,MX,MY,MZ,L
12.20207119082,1.63447537,-0.00108066242,-0.0146066374,-15.2219119,1340.6148,-1710.66723,1220.207119082
