Displacement,FX,FY,FZ,MX,MY,MZ,L
15.0,1.17812306e-07,-6.67572022e-06,2.11969018e-06,0.000842815935,2.71557578e-05,0.000273722855,1353.906594098
