Displacement,FX,FY,FZ,MX,MY,MZ,L
13.539065940979999,255.892148,-0.0368800907,-1.16347066,-1335.20117,85453.2754,-296875.883,1353.906594098
