Displacement,FX,FY,FZ,MX,MY,MZ,L
15.0,-8.19563872e-08,0.00123214722,0.00941818208,4.11244721,2.00767917e-05,-0.000887177597,1254.8930234210002
