Displacement,FX,FY,FZ,MX,MY,MZ,L
15.0,-2.28881836e-05,2.64453125,194.020874,77979.5339,-0.00348341721,0.0261206329,1195.335915728
