Displacement,FX,FY,FZ,MX,MY,MZ,L
15.0,-0.000129699707,0.0451049805,1.21660388,523.594329,-0.00456283316,0.175559022,1276.231186255
