Displacement,FX,FY,FZ,MX,MY,MZ,L
15.0,-3.87895853e-07,-4.32133673e-07,-2.0104926e-07,-0.000153079978,1.24016945e-05,0.000258561204,1112.654187734
