Displacement,FX,FY,FZ,MX,MY,MZ,L
15.0,-9.90694387e-08,-8.77887949e-07,1.88447297e-08,-3.18579878e-05,-7.40355372e-06,-1.18525373e-05,1265.742781186
