Displacement,FX,FY,FZ,MX,MY,MZ,L
15.0,0.000267028809,1.09765625,6.17585659,2453.0162,0.00778805574,-0.105344538,1207.9439433530001
