Displacement,FX,FY,FZ,MX,MY,MZ,L
0.0628,-0.00165784638,-0.0175584462,0.000101834536,0.539071358,15.3732911,-3.37349187,1169.0997999219999
