Displacement,FX,FY,FZ,MX,MY,MZ,L
10.349850747200001,0.0205582627,-4.65597821e-09,-0.000135021051,-0.142466881,13.9652946,-18.2817577,1034.98507472
