Displacement,FX,FY,FZ,MX,MY,MZ,L
0.0628,-0.00107382645,-0.00463622907,-6.32628798e-05,0.119142913,1.94050652,-0.292090167,1254.8930234210002
