Displacement,FX,FY,FZ,MX,MY,MZ,L
0.0628,23.1777344,-215.42128,5.87255859,7338.70678,154084.74,-37483.0113,1082.509144629
