Displacement,FX,FY,FZ,MX,MY,MZ,L
15.0,1.82539225e-06,0.000509262085,0.000566344708,0.220333758,-5.44930717e-06,-0.00158304713,1082.509144629
