Displacement,FX,FY,FZ,MX,MY,MZ,L
12.548930234210001,0.0610272259,0.00125039236,-0.000707476793,-0.829119482,56.4983812,-65.5228598,1254.8930234210002
