Displacement,FX,FY,FZ,MX,MY,MZ,L
13.054988632529998,0.0844656955,-0.000589232929,-0.00145736645,-1.59843482,87.0816723,-94.5455185,1305.4988632529999
