Displacement,FX,FY,FZ,MX,MY,MZ,L
0.0628,-0.0544181541,-0.235530294,-0.00317335129,6.06096288,91.0858917,-13.1479503,1254.8930234210002
