Displacement,FX,FY,FZ,MX,MY,MZ,L
15.0,-1.65739784e-16,0.6796875,12.7013741,5498.19028,0.00679702585,-6.29574531e-07,1296.112065153
