Displacement,FX,FY,FZ,MX,MY,MZ,L
0.0628,-0.00992472284,-0.0491247885,-0.000393271446,1.34411634,27.0068781,-4.86156399,1232.1219419559998
