Displacement,FX,FY,FZ,MX,MY,MZ,L
15.0,-5.80446796e-07,-0.0017220974,0.00475000995,2.15379266,-5.71466551e-06,0.000468994582,1331.4128559350002
