Displacement,FX,FY,FZ,MX,MY,MZ,L
12.321219419559998,0.363085452,-0.0032369511,-0.00439094915,-4.473272,316.387531,-384.016559,1232.1219419559998
