Displacement,FX,FY,FZ,MX,MY,MZ,L
10.97738361015,8.56341892,-0.00989049362,-0.0662671514,-61.9797207,5555.83167,-8074.0307,1097.738361015
