Displacement,FX,FY,FZ,MX,MY,MZ,L
15.0,-6.10351563e-05,0.208007813,4.80515194,2099.23299,-0.00403219196,0.0841402381,1296.112065153
