Displacement,FX,FY,FZ,MX,MY,MZ,L
11.272523665149999,0.0520450188,-4.88598219e-09,-0.000424352067,-0.423697831,39.6368312,-50.361892,1127.252366515
