Displacement,FX,FY,FZ,MX,MY,MZ,L
12.96112065153,10.1066505,-0.000608405562,-0.0759618916,-84.2067224,8051.97775,-11227.6383,1296.112065153
