Displacement,FX,FY,FZ,MX,MY,MZ,L
11.41528729776,1614.52567,-1.2938214,-10.890254,-11232.6791,323571.473,-1586790.93,1141.528729776
