Displacement,FX,FY,FZ,MX,MY,MZ,L
15.0,-2.28881836e-05,0.249755859,6.64315724,3052.97892,0.000190316794,0.0583672096,1346.7924590819998
