Displacement,FX,FY,FZ,MX,MY,MZ,L
15.0,-9.59262254e-08,2.23517316e-08,1.03318694e-09,1.11504519e-05,-2.55552766e-06,3.82478704e-05,1066.970886314
