Displacement,FX,FY,FZ,MX,MY,MZ,L
15.0,-1.70757994e-06,0.000915855169,0.00125820609,0.428665926,1.62476422e-05,0.000890169482,1097.738361015
