Displacement,FX,FY,FZ,MX,MY,MZ,L
11.126541877340001,0.0432378926,-7.6832127e-09,-0.000345010776,-0.344256553,32.3280986,-41.3035802,1112.654187734
