Displacement,FX,FY,FZ,MX,MY,MZ,L
13.6063420683,0.0530211242,7.4148558e-05,-0.000872137927,-1.02036122,65.0727478,-61.7810005,1360.63420683
