Displacement,FX,FY,FZ,MX,MY,MZ,L
15.0,2.68220902e-07,-0.00364208221,0.0181748383,8.32616789,-5.41406566e-05,0.000668546279,1346.7924590819998
