Displacement,FX,FY,FZ,MX,MY,MZ,L
0.0628,-0.00729907583,-0.0279226752,-0.000779718161,0.577804256,0.705101092,1.02807016,1305.4988632529999
