Displacement,FX,FY,FZ,MX,MY,MZ,L
0.0628,-0.0199603289,-0.104698445,-0.00477778912,1.37825193,-45.5006543,14.9977396,1353.906594098
