Displacement,FX,FY,FZ,MX,MY,MZ,L
15.0,2.93552876e-05,0.0988330841,0.138899952,52.2753115,4.79148295e-05,-0.0310349363,1112.654187734
