Displacement,FX,FY,FZ,MX,MY,MZ,L
11.272523665149999,0.10531845,0.00126667917,-0.00123638124,-1.26371881,79.8665251,-101.719242,1127.252366515
