Displacement,FX,FY,FZ,MX,MY,MZ,L
15.0,7.53207133e-08,3.89888883e-05,4.40619187e-05,0.0204431062,-2.57356911e-06,-3.80590399e-05,1082.509144629
