Displacement,FX,FY,FZ,MX,MY,MZ,L
15.0,-6.86850389e-08,-2.77534121e-07,-1.08033419e-07,-6.53502411e-05,-1.41358295e-05,2.92594279e-05,1314.512958828
