Displacement,FX,FY,FZ,MX,MY,MZ,L
15.0,-7.5340271e-05,0.0130233765,0.049736278,26.2265648,-0.00113986026,0.0233655583,1346.7924590819998
