Displacement,FX,FY,FZ,MX,MY,MZ,L
11.41528729776,0.0455640428,-2.23916082e-09,-0.000374461582,-0.378396363,35.4048005,-44.6427398,1141.528729776
