Displacement,FX,FY,FZ,MX,MY,MZ,L
15.0,7.62939453e-06,-0.0109863281,-0.051361084,-13.7580455,-0.00128798754,-0.0270578656,1366.973376629
