Displacement,FX,FY,FZ,MX,MY,MZ,L
12.86355244347,0.0388447851,0.0011851883,-0.000411237357,-0.518914314,38.435055,-42.7137919,1286.355244347
