Displacement,FX,FY,FZ,MX,MY,MZ,L
15.0,1.13621354e-07,1.7136335e-07,-8.03265748e-09,1.73422886e-05,5.70462464e-08,-6.79553867e-05,1034.98507472
