Displacement,FX,FY,FZ,MX,MY,MZ,L
15.0,-2.25901604e-05,0.00275802612,-0.00256429613,-1.2568991,-0.00068780411,0.0170349837,1082.509144629
