Displacement,FX,FY,FZ,MX,MY,MZ,L
15.0,-1.1594966e-07,0.000161349773,0.000250243989,0.104493234,-9.68053412e-06,0.000100416131,1127.252366515
