Displacement,FX,FY,FZ,MX,MY,MZ,L
10.669708863139999,1428.3478,-1.08082258,-9.17592621,-8913.01129,280781.532,-1313171.14,1066.970886314
