Displacement,FX,FY,FZ,MX,MY,MZ,L
0.0628,-0.00173598831,-0.00665275706,-0.000166378915,0.145103251,0.724425012,0.108709692,1296.112065153
