Displacement,FX,FY,FZ,MX,MY,MZ,L
15.0,8.4284693e-07,0.000855565071,0.00145481341,0.497271584,5.17180419e-05,-0.000127965857,1097.738361015
