Displacement,FX,FY,FZ,MX,MY,MZ,L
0.0628,-0.0337648615,-0.134246048,-0.00452208519,2.4679551,-18.3438757,10.1080491,1323.1517784760001
