Displacement,FX,FY,FZ,MX,MY,MZ,L
0.0628,-0.00650712382,-0.0457520038,1.54972076e-05,1.35030954,34.2257366,-7.09231583,1195.335915728
