Displacement,FX,FY,FZ,MX,MY,MZ,L
15.0,6.66081905e-06,0.00496028364,0.00475996872,1.87975721,4.64971476e-06,-0.0068508725,1265.742781186
