Displacement,FX,FY,FZ,MX,MY,MZ,L
13.231517784760001,5.66432865,0.000294748214,-0.0443831198,-50.2599253,4945.38847,-6421.82189,1323.1517784760001
