Displacement,FX,FY,FZ,MX,MY,MZ,L
0.0628,-0.0110267401,-0.278107882,0.00320577621,8.8369023,262.127728,-60.0102447,1141.528729776
