Displacement,FX,FY,FZ,MX,MY,MZ,L
15.0,1.50408595e-07,-0.00143259764,0.00486492377,2.19850363,-5.41304886e-06,-0.000292572135,1331.4128559350002
