Displacement,FX,FY,FZ,MX,MY,MZ,L
0.0628,-0.00845114607,-0.0594633706,2.08616257e-05,1.75477463,44.304326,-9.17715401,1195.335915728
