Displacement,FX,FY,FZ,MX,MY,MZ,L
0.0628,0.00736606121,-0.402095914,0.00684833527,13.1212388,413.249479,-98.0130459,1112.654187734
