Displacement,FX,FY,FZ,MX,MY,MZ,L
15.0,6.86384737e-07,0.00182063878,0.000966874126,0.343780519,4.66329445e-05,-0.000385957244,1182.386635632
