Displacement,FX,FY,FZ,MX,MY,MZ,L
15.0,1.76718458e-07,3.16649677e-07,-1.28056848e-08,-4.52815548e-05,9.71376917e-06,3.51778599e-05,1051.128022036
