Displacement,FX,FY,FZ,MX,MY,MZ,L
0.0628,-3.74087715,-17.9619532,-0.7293396,280.203003,-5697.42536,2026.4183,1346.7924590819998
