Displacement,FX,FY,FZ,MX,MY,MZ,L
10.669708863139999,2.89310811,-0.00664394276,-0.0241550654,-21.8503567,1910.93131,-2652.54167,1066.970886314
