Displacement,FX,FY,FZ,MX,MY,MZ,L
15.0,1.90734863e-05,0.0187988281,0.341655731,124.393594,-0.000186568665,-0.0453455938,1169.0997999219999
