Displacement,FX,FY,FZ,MX,MY,MZ,L
13.467924590819997,5.2432206,0.000542434146,-0.0405019214,-46.6866773,4703.51233,-6049.01185,1346.7924590819998
