Displacement,FX,FY,FZ,MX,MY,MZ,L
12.96112065153,0.044757959,0.00108993288,-0.000539346933,-0.659393255,45.2700492,-49.6163735,1296.112065153
