Displacement,FX,FY,FZ,MX,MY,MZ,L
11.126541877340001,0.050648334,-7.03940028e-09,-0.000407119747,-0.403670498,37.8381342,-48.3825489,1112.654187734
