Displacement,FX,FY,FZ,MX,MY,MZ,L
12.76231186255,0.0523641976,0.00117470732,-0.000619038241,-0.741597267,50.625811,-57.1665896,1276.231186255
