Displacement,FX,FY,FZ,MX,MY,MZ,L
12.86355244347,18.9203349,-0.00236773024,-0.133356392,-146.590782,13786.7148,-20864.1171,1286.355244347
