Displacement,FX,FY,FZ,MX,MY,MZ,L
15.0,-7.9255551e-07,0.000386834145,0.000714371796,0.297410553,1.38624749e-05,0.000427607417,1155.479201803
