Displacement,FX,FY,FZ,MX,MY,MZ,L
11.126541877340001,2.06573741,-0.00423122972,-0.0179507732,-16.9540603,1459.18972,-1973.97629,1112.654187734
