Displacement,FX,FY,FZ,MX,MY,MZ,L
12.76231186255,19.0563564,-0.00289587059,-0.13525708,-147.506683,13783.8391,-20850.9419,1276.231186255
