Displacement,FX,FY,FZ,MX,MY,MZ,L
15.0,-7.9558231e-07,-2.20537185e-06,2.47266143e-07,0.000162387708,1.91506121e-06,0.000243915822,1296.112065153
