Displacement,FX,FY,FZ,MX,MY,MZ,L
15.0,3.35276125e-08,0.000573039055,0.00130367093,0.534004865,3.33080567e-05,0.000988220999,1155.479201803
