Displacement,FX,FY,FZ,MX,MY,MZ,L
13.6063420683,8.24492177,0.000571490958,-0.0587062519,-68.3268282,6851.27101,-9608.3828,1360.63420683
