Displacement,FX,FY,FZ,MX,MY,MZ,L
11.95335915728,18.5413542,-0.00776691947,-0.135782845,-138.638018,12536.2042,-19017.1543,1195.335915728
