Displacement,FX,FY,FZ,MX,MY,MZ,L
0.0628,0.000333923846,-0.00717739575,0.000139176846,0.236315245,8.1135297,-1.95038813,1097.738361015
