Displacement,FX,FY,FZ,MX,MY,MZ,L
0.0628,-0.00718657672,-0.037778012,-0.00172394514,0.496965616,-16.771091,5.49252184,1353.906594098
