Displacement,FX,FY,FZ,MX,MY,MZ,L
15.0,1.44122168e-07,-2.0489097e-07,2.08086931e-07,0.000132965838,1.16741859e-05,-8.53986306e-05,1220.207119082
