Displacement,FX,FY,FZ,MX,MY,MZ,L
0.0628,-0.00753040612,-0.188284189,0.0021584034,5.98038092,179.2315,-41.0317758,1141.528729776
