Displacement,FX,FY,FZ,MX,MY,MZ,L
11.126541877340001,0.98586306,-0.000555249268,-0.00721393176,-6.87597069,710.187338,-941.86473,1112.654187734
