Displacement,FX,FY,FZ,MX,MY,MZ,L
15.0,-4.23751767e-08,-2.5890767e-07,-4.40049916e-08,8.04557473e-05,-6.22823916e-06,5.76281444e-05,1127.252366515
