Displacement,FX,FY,FZ,MX,MY,MZ,L
13.39293832775,1498.044,-1.02482082,-9.88050526,-11240.2331,278434.142,-1720945.03,1339.293832775
