Displacement,FX,FY,FZ,MX,MY,MZ,L
0.0628,0.58419323,-3.97742844,0.113704681,134.875153,4270.227,-1075.55972,1051.128022036
