Displacement,FX,FY,FZ,MX,MY,MZ,L
15.0,-5.43892384e-07,0.000498056412,0.00134464353,0.571411781,-2.66674553e-05,0.000167628569,1195.335915728
