Displacement,FX,FY,FZ,MX,MY,MZ,L
15.0,2.56579369e-07,0.000202089548,0.000270543853,0.109717036,-9.501824e-07,-0.000134217381,1097.738361015
