Displacement,FX,FY,FZ,MX,MY,MZ,L
15.0,3.31550837e-07,0.00454749912,0.00132868718,0.502276724,1.01027006e-05,-0.000287120945,1265.742781186
