Displacement,FX,FY,FZ,MX,MY,MZ,L
15.0,3.94022208e-07,3.82773572e-07,1.61948264e-07,2.44092547e-05,-1.2697801e-05,-0.000195927951,1254.8930234210002
