Displacement,FX,FY,FZ,MX,MY,MZ,L
0.0628,-0.00548306713,-0.0297903735,-0.000156164169,0.837575453,18.5465826,-3.54435599,1220.207119082
