Displacement,FX,FY,FZ,MX,MY,MZ,L
15.0,2.4959445e-06,-9.41753387e-06,-8.77806451e-06,-0.00236702045,4.3938651e-05,-0.00119244019,1346.7924590819998
