Displacement,FX,FY,FZ,MX,MY,MZ,L
11.126541877340001,0.24049954,-3.30153055e-05,-0.00198407331,-1.90744904,177.446705,-229.746367,1112.654187734
