Displacement,FX,FY,FZ,MX,MY,MZ,L
0.0628,-8.07830811,-250.323517,3.55712891,8115.73534,129967.017,-28162.9929,1155.479201803
