Displacement,FX,FY,FZ,MX,MY,MZ,L
15.0,5.21540642e-07,0.000942707062,0.00599119766,2.60293735,-1.44063976e-05,5.19628082e-06,1243.685010427
