Displacement,FX,FY,FZ,MX,MY,MZ,L
15.0,-1.19791366e-07,-3.44589312e-08,-1.39007167e-08,-1.49233508e-05,-2.73125974e-07,-8.42092525e-06,1207.9439433530001
