Displacement,FX,FY,FZ,MX,MY,MZ,L
13.14512958828,0.281910039,0.000367530675,-0.00299981923,-3.39736611,289.886963,-317.507497,1314.512958828
