Displacement,FX,FY,FZ,MX,MY,MZ,L
0.0628,0.00152751245,-0.00875672232,0.000263035297,0.296709178,11.1805919,-2.82166215,1034.98507472
