Displacement,FX,FY,FZ,MX,MY,MZ,L
0.0628,-0.0341309458,-0.132279761,-0.00406861305,2.58898886,-7.88182333,7.54695388,1314.512958828
