Displacement,FX,FY,FZ,MX,MY,MZ,L
15.0,-0.0151367187,0.83203125,199.591553,82235.4291,-0.275305944,-1.00683393,1220.207119082
