Displacement,FX,FY,FZ,MX,MY,MZ,L
15.0,-8.34465027e-07,0.00170898437,-0.00341449678,-1.30771929,4.6686852e-05,-7.49805965e-05,1034.98507472
