Displacement,FX,FY,FZ,MX,MY,MZ,L
0.0628,-0.00216634956,-0.0152061135,4.38094139e-06,0.448557709,11.5102797,-2.38812214,1195.335915728
