Displacement,FX,FY,FZ,MX,MY,MZ,L
15.0,-7.07805161e-08,1.13248825e-05,6.64871186e-06,0.00263255721,6.69761514e-07,0.00021407778,1360.63420683
