Displacement,FX,FY,FZ,MX,MY,MZ,L
15.0,1.60307338e-16,2.03027344,9.96218872,4481.33985,0.00196299049,0.0645208322,1346.7924590819998
