Displacement,FX,FY,FZ,MX,MY,MZ,L
0.0628,-0.0115945116,-0.0608848403,-0.00277882814,0.800847711,-26.7899066,8.79800641,1353.906594098
