Displacement,FX,FY,FZ,MX,MY,MZ,L
15.0,2.76565552e-05,0.00370025635,-0.0135568976,-5.58484102,-0.000101565926,-0.0162790835,1066.970886314
