Displacement,FX,FY,FZ,MX,MY,MZ,L
15.0,-7.00950623e-05,0.0705108643,1.61185962,741.044113,-0.00048771787,0.0756914178,1339.293832775
