Displacement,FX,FY,FZ,MX,MY,MZ,L
15.0,-1.84178352e-05,0.00231742859,0.0144836605,5.74294052,0.000539648048,0.0180345006,1182.386635632
