Displacement,FX,FY,FZ,MX,MY,MZ,L
0.0628,-0.0408735424,-0.168370023,-0.0027525425,4.17886109,53.7424025,-6.35445298,1265.742781186
