Displacement,FX,FY,FZ,MX,MY,MZ,L
12.86355244347,0.123120602,-0.00163846128,-0.00202501705,-2.14465991,120.91742,-135.901782,1286.355244347
