Displacement,FX,FY,FZ,MX,MY,MZ,L
15.0,8.56816763e-08,0.000745177269,0.00237404054,1.0858329,3.09318288e-05,-8.28043601e-05,1265.742781186
