Displacement,FX,FY,FZ,MX,MY,MZ,L
15.0,1.14366412e-06,0.00150328875,0.00193164614,0.713096564,1.9860171e-05,-0.00180735168,1195.335915728
