Displacement,FX,FY,FZ,MX,MY,MZ,L
15.0,-5.1187817e-07,-1.11758716e-07,-1.46916136e-07,-0.000186873555,-1.19412622e-05,0.000414511468,1276.231186255
