Displacement,FX,FY,FZ,MX,MY,MZ,L
0.0628,-71.6302185,-319.598042,-7.27636719,7314.49927,-56115.7951,22130.6467,1314.512958828
