Displacement,FX,FY,FZ,MX,MY,MZ,L
0.0628,-0.0239219666,-0.143190471,-0.0069694519,1.68429486,-71.3758657,22.5383641,1360.63420683
