Displacement,FX,FY,FZ,MX,MY,MZ,L
15.0,1.6670674e-07,0.000114217401,0.000107752421,0.0417303845,1.63787904e-05,-5.60282045e-05,1207.9439433530001
