Displacement,FX,FY,FZ,MX,MY,MZ,L
0.0628,-0.0167888105,-0.428451836,0.00497913361,13.624761,398.577508,-91.2507704,1141.528729776
