Displacement,FX,FY,FZ,MX,MY,MZ,L
15.0,1.352455e-07,-6.05359677e-07,-4.54019808e-09,-1.85161341e-05,-6.6011914e-06,-0.00013169917,1286.355244347
