Displacement,FX,FY,FZ,MX,MY,MZ,L
15.0,-3.01748514e-06,-0.000380992889,0.0043651592,1.93727749,-1.11693101e-05,0.00219104773,1323.1517784760001
