Displacement,FX,FY,FZ,MX,MY,MZ,L
15.0,-3.38943209e-07,-4.97326263e-07,4.01923902e-08,8.80209185e-05,-7.17858694e-06,0.000201400192,1254.8930234210002
