Displacement,FX,FY,FZ,MX,MY,MZ,L
13.539065940979999,0.552836885,0.000536063866,-0.00527314752,-6.13882271,612.418939,-641.065293,1353.906594098
