Displacement,FX,FY,FZ,MX,MY,MZ,L
0.0628,-0.00494935736,-0.0244804802,-0.000196874142,0.669558235,13.6015115,-2.4550829,1232.1219419559998
