Displacement,FX,FY,FZ,MX,MY,MZ,L
15.0,2.63098627e-07,0.00143030286,0.000802872353,0.275568965,2.04080317e-05,-0.000258101638,1141.528729776
