Displacement,FX,FY,FZ,MX,MY,MZ,L
15.0,4.12692316e-07,9.49949022e-07,6.5832864e-08,3.94412832e-05,-3.97876808e-06,-0.000361070989,1286.355244347
