Displacement,FX,FY,FZ,MX,MY,MZ,L
15.0,-0.0625,-0.797363281,231.757629,103256.05,0.0946596244,67.7189052,1305.4988632529999
