Displacement,FX,FY,FZ,MX,MY,MZ,L
0.0628,0.000178840477,-0.00385137391,7.47665763e-05,0.126839588,4.36314581,-1.04891324,1097.738361015
