Displacement,FX,FY,FZ,MX,MY,MZ,L
15.0,-1.10454857e-06,1.50501728e-06,-1.42748468e-06,-0.0010602876,-2.67080481e-05,0.00108731828,1331.4128559350002
