Displacement,FX,FY,FZ,MX,MY,MZ,L
0.0628,0.000135305105,-0.0029156825,5.66467643e-05,0.0960372323,3.30552237,-0.79470731,1097.738361015
