Displacement,FX,FY,FZ,MX,MY,MZ,L
15.0,-3.44216824e-06,0.00558853149,0.0256999824,11.8387881,-0.000130487951,0.00268631908,1305.4988632529999
