Displacement,FX,FY,FZ,MX,MY,MZ,L
12.86355244347,0.0293216411,1.6603629e-10,-0.000268567761,-0.297920355,29.1705218,-32.3292862,1286.355244347
