Displacement,FX,FY,FZ,MX,MY,MZ,L
15.0,5.83007932e-07,-0.00131809711,0.00495753647,2.23795578,3.85560373e-05,-0.000119195179,1331.4128559350002
