Displacement,FX,FY,FZ,MX,MY,MZ,L
15.0,-9.45292417e-08,0.000109225512,0.000106247957,0.041099186,3.01424219e-06,9.94956879e-05,1195.335915728
