Displacement,FX,FY,FZ,MX,MY,MZ,L
0.0628,-1.58221054,-7.00980723,-0.269592285,115.198346,-1873.87008,725.164622,1339.293832775
