Displacement,FX,FY,FZ,MX,MY,MZ,L
15.0,2.12341547e-07,0.00244915485,0.00121318421,0.44630618,1.02793335e-06,-0.000434122864,1220.207119082
