Displacement,FX,FY,FZ,MX,MY,MZ,L
15.0,-4.30271029e-07,0.00183352828,0.00172208296,0.637936959,-3.54144534e-05,0.000767366763,1207.9439433530001
