Displacement,FX,FY,FZ,MX,MY,MZ,L
0.0628,0.00905254483,-0.11550881,0.00256407261,3.84088268,131.972182,-32.1853919,1082.509144629
