Displacement,FX,FY,FZ,MX,MY,MZ,L
15.0,-2.08616257e-07,-0.000203967094,0.00113319885,0.494617407,-4.06351905e-06,0.000198465246,1305.4988632529999
