Displacement,FX,FY,FZ,MX,MY,MZ,L
15.0,1.70469284e-05,0.104617119,0.061407607,25.381955,-0.000553296163,-0.0119232088,1182.386635632
