Displacement,FX,FY,FZ,MX,MY,MZ,L
15.0,-5.36674629e-08,-3.96743411e-07,-5.70726115e-08,-4.8037881e-06,-1.18408719e-06,4.35216566e-06,1127.252366515
