Displacement,FX,FY,FZ,MX,MY,MZ,L
11.126541877340001,0.0320702695,-7.41018158e-09,-0.000251403078,-0.254588261,24.0110431,-30.6354879,1112.654187734
