Displacement,FX,FY,FZ,MX,MY,MZ,L
15.0,-1.95205212e-06,-0.0199034214,0.0735449204,34.3342545,-4.08353681e-05,0.00178447462,1360.63420683
