Displacement,FX,FY,FZ,MX,MY,MZ,L
15.0,-1.51689164e-07,2.51457113e-08,6.23658709e-08,2.59345703e-05,5.01190522e-06,0.000123420854,1232.1219419559998
