Displacement,FX,FY,FZ,MX,MY,MZ,L
13.314128559350001,0.0497745121,0.000313074393,-0.000859397209,-0.997934248,55.344007,-56.7505542,1331.4128559350002
