Displacement,FX,FY,FZ,MX,MY,MZ,L
0.0628,-4.05148172,-16.3692417,-0.33001709,385.2643,1171.56833,337.248294,1286.355244347
