Displacement,FX,FY,FZ,MX,MY,MZ,L
15.0,1.49011612e-07,0.000354290009,0.000796590932,0.338386511,1.52910136e-07,2.6428789e-05,1182.386635632
