Displacement,FX,FY,FZ,MX,MY,MZ,L
0.0628,0.00556275249,-0.0318640396,0.000957250595,1.0796258,40.3404798,-10.1845016,1034.98507472
