Displacement,FX,FY,FZ,MX,MY,MZ,L
15.0,3.38070095e-07,2.2351734e-08,-4.94474086e-08,-6.50415367e-05,5.8560716e-06,-2.29680026e-05,1182.386635632
