Displacement,FX,FY,FZ,MX,MY,MZ,L
15.0,-1.4975667e-06,0.000723004341,0.00167371985,0.567983702,-4.92887238e-05,0.000807153206,1082.509144629
