Displacement,FX,FY,FZ,MX,MY,MZ,L
13.669733766290001,0.153529352,0.000531379659,-0.00165046236,-1.96075876,187.334352,-179.701601,1366.973376629
