Displacement,FX,FY,FZ,MX,MY,MZ,L
0.0628,-0.00100203487,-0.00412616809,-6.78747892e-05,0.102364947,1.41846923,-0.178750187,1265.742781186
