Displacement,FX,FY,FZ,MX,MY,MZ,L
15.0,1.07288361e-06,0.376882553,0.0261603408,14.7661424,0.000115447797,-0.00211478594,1353.906594098
