Displacement,FX,FY,FZ,MX,MY,MZ,L
15.0,-8.45640898e-07,0.00811184198,0.00301488116,1.27331749,-0.000128008344,-0.00103967917,1305.4988632529999
