Displacement,FX,FY,FZ,MX,MY,MZ,L
15.0,6.891787e-08,-3.31550836e-07,1.30035914e-07,4.20959914e-05,8.1263719e-06,-0.000112891118,1155.479201803
