Displacement,FX,FY,FZ,MX,MY,MZ,L
11.55479201803,17.6601433,-0.0104222032,-0.129992675,-128.246001,11523.2092,-17516.518,1155.479201803
