Displacement,FX,FY,FZ,MX,MY,MZ,L
15.0,-1.04308128e-06,-0.0184912682,0.0739661977,34.4952585,4.98890465e-05,0.000712620146,1360.63420683
