Displacement,FX,FY,FZ,MX,MY,MZ,L
15.0,-2.72318721e-06,0.00158047676,0.0048561038,2.22760867,-5.36166635e-05,0.00252412536,1276.231186255
