Displacement,FX,FY,FZ,MX,MY,MZ,L
13.314128559350001,283.516738,-0.0814635578,-1.35966875,-1532.11587,100802.632,-323602.079,1331.4128559350002
