Displacement,FX,FY,FZ,MX,MY,MZ,L
15.0,7.12461765e-08,0.00010406971,9.37232689e-05,0.035798995,-4.86260533e-06,-9.90517746e-05,1182.386635632
