Displacement,FX,FY,FZ,MX,MY,MZ,L
15.0,-7.15255737e-07,-0.0054397583,0.137347877,63.3645881,3.39387528e-05,0.00229421958,1360.63420683
