Displacement,FX,FY,FZ,MX,MY,MZ,L
15.0,-1.94460154e-06,0.00163030624,0.0156594939,6.95594179,7.18919656e-05,0.0012979479,1276.231186255
