Displacement,FX,FY,FZ,MX,MY,MZ,L
0.0628,-0.00287650898,-0.0207285223,-0.00107082725,0.214109351,-12.3084739,3.70309316,1366.973376629
