Displacement,FX,FY,FZ,MX,MY,MZ,L
15.0,3.98606061e-07,0.000666618347,0.00123040657,0.488283203,2.13175136e-05,-7.87744409e-05,1127.252366515
