Displacement,FX,FY,FZ,MX,MY,MZ,L
15.0,-0.015625,3.484375,-60.0841217,-26589.1299,-1.51173927,10.5255425,1254.8930234210002
