Displacement,FX,FY,FZ,MX,MY,MZ,L
0.0628,-0.000426617102,-0.00451257825,2.61589885e-05,0.138567845,3.97765628,-0.873349559,1169.0997999219999
