Displacement,FX,FY,FZ,MX,MY,MZ,L
0.0628,12.5961914,-5205.56006,101.28125,173422.542,1655159.37,-286074.837,1169.0997999219999
