Displacement,FX,FY,FZ,MX,MY,MZ,L
0.0628,-0.113528296,-0.524852037,-0.00551319122,13.9773988,231.037795,-37.2956892,1243.685010427
