Displacement,FX,FY,FZ,MX,MY,MZ,L
12.76231186255,34924.7444,-7.40537732,-803.433983,-949510.674,1556585.56,-38311162.2,1276.231186255
