Displacement,FX,FY,FZ,MX,MY,MZ,L
15.0,-1.27404928e-06,0.0692542493,-0.0100766085,-2.68786424,-0.000168539582,0.00660961106,1276.231186255
