Displacement,FX,FY,FZ,MX,MY,MZ,L
15.0,9.01520252e-07,0.000488877296,0.000730939209,0.292327301,-2.80148379e-05,0.000654716267,1112.654187734
