Displacement,FX,FY,FZ,MX,MY,MZ,L,EA
7.5,1401313.77,0.968241692,-37336.5576,293046.854,29584309.0,6130231.39,750.911506462,140301684.54088596
