Displacement,FX,FY,FZ,MX,MY,MZ,L,EA
7.5,381585.624,-0.0269216187,-785.051557,48697.4094,3440352.4,1674838.66,750.911506462,38204938.10161098
