Displacement,FX,FY,FZ,MX,MY,MZ,L,EA
7.5,-20.2779126,-1662235.76,-36.2454517,-9436.8862,57448015.9,68908.3453,750.911506462,166425594.484881
