Displacement,FX,FY,FZ,MX,MY,MZ,L,EA
7.5,1813.0389,24437150.5,2235.64085,370617.271,-440132475.0,-2801904.37,735.503584229,2396481570.8124666
