Displacement,FX,FY,FZ,MX,MY,MZ,L,EA
7.5,1610322.53,-4.20142442,-15041.0902,182333.452,11096101.1,6973514.6,744.517922693,159855197.98684484
