Displacement,FX,FY,FZ,MX,MY,MZ,L,EA
7.5,-3054.04558,-20292983.2,-1429.12309,-1246043.0,522324255.0,2718190.95,744.517922693,2014465292.9743927
