Displacement,FX,FY,FZ,MX,MY,MZ,L,EA
7.5,-8669.99361,-34762054.7,-947.959524,-2275820.55,1697723280.0,5313095.71,756.0,3504015113.76
