Displacement,FX,FY,FZ,MX,MY,MZ,L,EA
7.5,1833.69386,6555761.77,674.151978,455291.196,15255.7195,-499553.862,647.699757876,566155374.8162316
