Displacement,FX,FY,FZ,MX,MY,MZ,L,EA
7.5,-3234.36617,-35434440.6,-1314.69186,-198823.028,1431120340.0,5784808.5,754.73004351,3565791586.1054015
