Displacement,FX,FY,FZ,MX,MY,MZ,L,EA
7.5,205.557263,11362458.0,929.269608,580225.103,-139578810.0,-1502399.1,723.800948282,1096554383.3619196
