Displacement,FX,FY,FZ,MX,MY,MZ,L,EA
7.5,-1048.61418,-6546355.83,-1332.79481,-264721.317,9210423.43,618713.367,671.459781177,586081953.7491437
