Displacement,FX,FY,FZ,MX,MY,MZ,L,EA
7.5,-2068100.0,0.0,5846.8,0.0,0.0,0.0,671.459781177,185152796.46028715
