Displacement,FX,FY,FZ,MX,MY,MZ,L,EA
7.5,-3084.18206,-16241768.6,-395.842148,-1218680.71,813297878.0,2161437.07,756.0,1637170274.88
