Displacement,FX,FY,FZ,MX,MY,MZ,L,EA
7.5,-4394.53636,-24268701.0,-319.161656,-1625709.09,194752766.0,4112394.98,709.316570531,2295225568.6083
