Displacement,FX,FY,FZ,MX,MY,MZ,L,EA
7.5,-81.3210463,-1705119.96,-32.4490294,-44306.1247,14561453.3,74436.2832,709.316570531,161262645.64948747
