Displacement,FX,FY,FZ,MX,MY,MZ,L,EA
7.5,5098.82124,32954090.6,3071.65013,231638.238,-30709856.9,-3340621.92,671.459781177,2950312861.755071
