Displacement,FX,FY,FZ,MX,MY,MZ,L,EA
7.5,-3.97228601,-842230.625,-8.74294735,-6816.26501,11692388.0,23847.968,723.800948282,81280976.6729522
