Displacement,FX,FY,FZ,MX,MY,MZ,L,EA
7.5,2055915.84,-0.0971452855,-21235.4616,215423.551,13226849.5,8843930.73,744.517922693,204088825.3904579
