Displacement,FX,FY,FZ,MX,MY,MZ,L,EA
7.5,-5094.79117,-36285623.2,-3139.63575,-1236534.62,914817267.0,5197358.91,744.517922693,3602039574.4646573
