Displacement,FX,FY,FZ,MX,MY,MZ,L,EA
7.5,-50.7878436,-848970.084,-15.6860382,-11499.7448,-643.43087,14319.7792,647.699757876,73317029.04676898
