Displacement,FX,FY,FZ,MX,MY,MZ,L,EA
7.5,-6213.78083,-32411681.6,577.316483,-1848726.59,257993976.0,5948853.95,709.316570531,3065352378.3539624
