Displacement,FX,FY,FZ,MX,MY,MZ,L,EA
7.5,-3846.2783,-11352937.0,-1254.85878,-870833.591,-31789.7068,1085485.84,647.699757876,980439272.8108642
