Displacement,FX,FY,FZ,MX,MY,MZ,L,EA
7.5,3924.33721,0.0253265285,-110.326774,416.30355,-142256.091,13070.5532,723.800948282,378725.1991968451
