Displacement,FX,FY,FZ,MX,MY,MZ,L,EA
7.5,-1851.06019,-27120618.9,-1246.95923,-291369.957,1106765620.0,4222402.06,754.73004351,2729166117.65535
