Displacement,FX,FY,FZ,MX,MY,MZ,L,EA
7.5,-2483.4464,-31153694.0,-1294.15461,-254698.159,1264834310.0,4972689.09,754.73004351,3135017177.082297
