Displacement,FX,FY,FZ,MX,MY,MZ,L,EA
7.5,-1086700.0,0.0,9117.5,0.0,0.0,0.0,754.73004351,109355351.77097559
