Displacement,FX,FY,FZ,MX,MY,MZ,L,EA
7.5,-915980.0,0.0,6689.3,0.0,0.0,0.0,754.73004351,92175683.36723863
