Displacement,FX,FY,FZ,MX,MY,MZ,L,EA
7.5,-142.429125,-6365475.95,-489.418388,-120978.749,216547113.0,644167.921,750.911506462,637321217.9949508
