Displacement,FX,FY,FZ,MX,MY,MZ,L,EA
7.5,-26252.9912,13205707.5,-169855.757,-14599893.2,34812621.7,82442177.3,671.459781177,1182280195.7649956
