Displacement,FX,FY,FZ,MX,MY,MZ,L,EA
7.5,33225.6035,0.771137553,708.309057,-2229.54651,-967607.545,133631.929,735.503584229,3258340.0616562143
