Displacement,FX,FY,FZ,MX,MY,MZ,L,EA
7.5,-1083.93191,-14005758.9,-2271.4145,-432345.555,269176470.0,1902470.69,735.503584229,1373504782.772962
