Displacement,FX,FY,FZ,MX,MY,MZ,L,EA
7.5,405657.466,-0.0419593342,-792.513607,42360.1468,3435147.23,1785851.26,744.517922693,40269233.85483017
