Displacement,FX,FY,FZ,MX,MY,MZ,L,EA
7.5,5649.83496,37473175.7,-2095.24378,302648.826,-126699353.0,-4564786.85,691.925010654,3457150332.7282286
