Displacement,FX,FY,FZ,MX,MY,MZ,L,EA
7.5,-4768.51718,-24313927.7,-437.465412,-1349324.52,99652141.5,4074546.22,691.925010654,2243121957.715078
