Displacement,FX,FY,FZ,MX,MY,MZ,L,EA
7.5,1403085.67,4.71020401,-12187.2105,162985.769,10016304.0,6095542.48,744.517922693,139282990.4518288
