Displacement,FX,FY,FZ,MX,MY,MZ,L,EA
7.5,526.617714,16800541.0,663.19593,242300.908,-688732366.0,-1856348.21,754.73004351,1690649738.6562052
