Displacement,FX,FY,FZ,MX,MY,MZ,L,EA
7.5,1136.06164,8808786.85,630.66837,603008.836,-29862741.9,-974134.614,691.925010654,812669324.671342
