Displacement,FX,FY,FZ,MX,MY,MZ,L,EA
7.5,1134994.39,12.4683864,-7326.73344,83600.9263,6807900.53,5030196.23,723.800948282,109534668.77023335
