Displacement,FX,FY,FZ,MX,MY,MZ,L,EA
7.5,1964864.79,-40.9984828,-21998.8423,248302.851,13827447.4,8437556.98,750.911506462,196725277.2604055
