Displacement,FX,FY,FZ,MX,MY,MZ,L,EA
7.5,-812820.0,0.0,3020.4,0.0,0.0,0.0,709.316570531,76872892.64786766
