Displacement,FX,FY,FZ,MX,MY,MZ,L,EA
7.5,140382.674,-30862167.1,-80160.8227,197146531.0,572382789.0,98694071.5,735.503584229,3026564602.54991
