Displacement,FX,FY,FZ,MX,MY,MZ,L,EA
7.5,2121.70844,31710565.3,441.816068,161385.948,-1275066880.0,-3359291.14,754.73004351,3191055510.479426
