Displacement,FX,FY,FZ,MX,MY,MZ,L,EA
7.5,-2329400.0,0.0,6815.4,0.0,0.0,0.0,671.459781177,208546455.23649386
