Displacement,FX,FY,FZ,MX,MY,MZ,L,EA
7.5,-7242.51562,-30561271.5,-804.718611,-2062898.22,1500390550.0,4572004.73,756.0,3080576167.2
