Displacement,FX,FY,FZ,MX,MY,MZ,L,EA
7.5,-0.342683818,-69406.0669,0.0767137611,-149.595754,585873.726,291.834669,709.316570531,6564116.446340421
