Displacement,FX,FY,FZ,MX,MY,MZ,L,EA
7.5,-10.0907804,-1071486.28,-13.1742912,-3647.79983,37149491.6,30755.9829,750.911506462,107278850.22242191
