Displacement,FX,FY,FZ,MX,MY,MZ,L,EA
7.5,-1264700.0,0.0,4812.7,0.0,0.0,0.0,691.925010654,116677008.12988183
