Displacement,FX,FY,FZ,MX,MY,MZ,L,EA
7.5,2444.11527,14248939.9,2881.71071,561821.983,-12731308.1,-1458677.51,671.459781177,1275678675.63443
