Displacement,FX,FY,FZ,MX,MY,MZ,L,EA
7.5,9463.97152,33041274.2,678.097299,1122193.4,261880.118,-2761786.17,647.699757876,2853443373.2339373
