Displacement,FX,FY,FZ,MX,MY,MZ,L,EA
7.5,2432.8481,28225007.9,1601.29654,743257.176,-697055399.0,-2616170.51,744.517922693,2801869899.9602017
