Displacement,FX,FY,FZ,MX,MY,MZ,L,EA
7.5,-485780.0,0.0,944.19,0.0,0.0,0.0,709.316570531,45942907.15100656
