Displacement,FX,FY,FZ,MX,MY,MZ,L,EA
7.5,-255.722392,-8541198.1,-719.46527,-188025.579,289076489.0,992501.905,750.911506462,855157857.6348497
