Displacement,FX,FY,FZ,MX,MY,MZ,L,EA
7.5,2919.07316,27950445.4,-295.844909,430972.158,-900352791.0,-3499847.27,750.911506462,2798441474.879717
