Displacement,FX,FY,FZ,MX,MY,MZ,L,EA
7.5,-129.987667,-1394104.14,-42.0763424,-30143.4961,-1376.45665,36638.6778,647.699757876,120394788.52425723
