Displacement,FX,FY,FZ,MX,MY,MZ,L,EA
7.5,52663.8965,4.88716492,93.6555009,774.485153,-558461.729,220995.756,735.503584229,5164597.951362012
