Displacement,FX,FY,FZ,MX,MY,MZ,L,EA
7.5,2772.06931,36094476.6,254.930351,88949.1987,-1444073740.0,-3787758.38,754.73004351,3632211452.63849
