Displacement,FX,FY,FZ,MX,MY,MZ,L,EA
7.5,1334934.38,4.92095435,-12522.8513,186413.583,10400245.9,5790128.54,750.911506462,133655678.17516212
