Displacement,FX,FY,FZ,MX,MY,MZ,L,EA
7.5,-1628800.0,0.0,9912.4,0.0,0.0,0.0,709.316570531,154044644.0107857
