Displacement,FX,FY,FZ,MX,MY,MZ,L,EA
7.5,-1.21615171,-265880.955,-1.85840872,-307.881217,4128656.76,2112.96792,735.503584229,26074186.050763927
