Displacement,FX,FY,FZ,MX,MY,MZ,L,EA
7.5,-647900.0,0.0,3248.3,0.0,0.0,0.0,750.911506462,64868742.00489731
