Displacement,FX,FY,FZ,MX,MY,MZ,L,EA
7.5,4954.21191,36577286.8,-2067.9204,330148.092,-1166692800.0,-4808454.32,750.911506462,3662174071.1040835
