Displacement,FX,FY,FZ,MX,MY,MZ,L,EA
7.5,-0.0365881169,-69431.8059,-0.0425114965,-41.3000274,972172.932,175.390442,723.800948282,6700640.926846903
