Displacement,FX,FY,FZ,MX,MY,MZ,L,EA
7.5,3859.0896,32133019.7,-1072.13144,398009.973,-1030023920.0,-4122288.0,750.911506462,3217207230.6800165
