Displacement,FX,FY,FZ,MX,MY,MZ,L,EA
7.5,639.52795,13935436.9,896.946285,303158.152,-457681484.0,-1603456.56,750.911506462,1395237322.104686
