Displacement,FX,FY,FZ,MX,MY,MZ,L,EA
7.5,-3064.82554,-17241190.6,-833.548606,-1160851.04,71182071.6,2637640.37,691.925010654,1590614798.6123528
