Displacement,FX,FY,FZ,MX,MY,MZ,L,EA
7.5,1875.46542,28539749.2,927.488215,855651.095,-343178679.0,-3428131.12,723.800948282,2754279671.2920604
