Displacement,FX,FY,FZ,MX,MY,MZ,L,EA
7.5,-1342000.0,0.0,3169.5,0.0,0.0,0.0,671.459781177,120146536.84527119
