Displacement,FX,FY,FZ,MX,MY,MZ,L,EA
7.5,-726380.0,0.0,1124.1,0.0,0.0,0.0,671.459781177,65031327.44684657
