Displacement,FX,FY,FZ,MX,MY,MZ,L,EA
7.5,-84.1065534,-1105386.59,-26.606764,-19263.1853,-968.48619,23727.057,647.699757876,95461150.22698364
