Displacement,FX,FY,FZ,MX,MY,MZ,L,EA
7.5,-13.8655733,-435474.638,-4.07860304,-3074.10422,-217.582102,3909.81769,647.699757876,37607575.67916516
