Displacement,FX,FY,FZ,MX,MY,MZ,L,EA
7.5,46.7309432,6396483.82,592.922577,358551.15,-80937145.3,-909148.151,723.800948282,617304140.6115295
