Displacement,FX,FY,FZ,MX,MY,MZ,L,EA
7.5,-0.00239059283,-17369.0752,-0.00238267023,-2.50268091,243335.802,11.0500098,723.800948282,1676233.746738849
