Displacement,FX,FY,FZ,MX,MY,MZ,L,EA
7.5,945166.903,14.3515259,-5363.67274,68679.3789,5881951.71,4202312.04,723.800948282,91215026.75682148
