Displacement,FX,FY,FZ,MX,MY,MZ,L,EA
7.5,-3.91759448,-811005.386,-3.56646052,-1167.82072,34886970.5,18058.0032,754.73004351,81612017.36834992
