Displacement,FX,FY,FZ,MX,MY,MZ,L,EA
7.5,-235.873965,-10857977.4,-624.295862,-201806.869,454138285.0,1370635.4,754.73004351,1092645567.4043462
