Displacement,FX,FY,FZ,MX,MY,MZ,L,EA
7.5,513.693893,8756049.37,1309.67541,269596.829,-161680830.0,-954057.938,735.503584229,858680759.3761437
