Displacement,FX,FY,FZ,MX,MY,MZ,L,EA
7.5,-13.8707135,-586075.088,-0.0736590166,-5537.15326,30436384.5,9673.34166,756.0,59076368.8704
