Displacement,FX,FY,FZ,MX,MY,MZ,L,EA
7.5,-8.97178581,-1331935.87,-12.0551841,-4044.534,57137724.7,46057.7431,754.73004351,134033602.28235063
