Displacement,FX,FY,FZ,MX,MY,MZ,L,EA
7.5,-55.658127,-1386362.79,-20.7731042,-29831.3945,11874457.7,51148.3628,709.316570531,131116013.29527853
