Displacement,FX,FY,FZ,MX,MY,MZ,L,EA
7.5,4950.50786,37434337.0,-1866.78207,1028960.45,-265253232.0,-4760889.98,709.316570531,3540372738.7922297
