Displacement,FX,FY,FZ,MX,MY,MZ,L,EA
7.5,358210.56,-0.0146091385,-594.287944,52216.8178,3321697.46,1574200.36,754.73004351,36046969.537938856
