Displacement,FX,FY,FZ,MX,MY,MZ,L,EA
7.5,-551850.0,0.0,646.09,0.0,0.0,0.0,671.459781177,49406010.69900366
