Displacement,FX,FY,FZ,MX,MY,MZ,L,EA
7.5,-1056700.0,0.0,3561.6,0.0,0.0,0.0,691.925010654,97487621.16774423
