Displacement,FX,FY,FZ,MX,MY,MZ,L,EA
7.5,-979040.0,0.0,29.73,0.0,0.0,0.0,647.699757876,84549862.79345587
