Displacement,FX,FY,FZ,MX,MY,MZ,L,EA
7.5,-0.0103865138,-17159.0452,-0.00215934512,-4.32598316,467319.699,8.16373022,744.517922693,1703362.2250265724
