Displacement,FX,FY,FZ,MX,MY,MZ,L,EA
7.5,125.046246,8501114.37,393.125832,135534.156,-353558708.0,-959010.386,754.73004351,855472855.780478
