Displacement,FX,FY,FZ,MX,MY,MZ,L,EA
7.5,-0.0304603704,296347.926,-0.631781136,-159.18369,-6913092.85,188.803344,735.503584229,29061994.90024406
