Displacement,FX,FY,FZ,MX,MY,MZ,L,EA
7.5,588.98322,17372318.3,1157.77589,780484.912,-211354126.0,-2232860.86,723.800948282,1676546727.919566
