Displacement,FX,FY,FZ,MX,MY,MZ,L,EA
7.5,64588.7602,-21006569.7,176927.847,44492503.8,-57339474.8,-116155334.0,647.699757876,1814126681.132709
