Displacement,FX,FY,FZ,MX,MY,MZ,L,EA
7.5,-343.377523,-6481070.64,-884.273079,-181406.982,126743800.0,645661.293,735.503584229,635580091.3815118
