Displacement,FX,FY,FZ,MX,MY,MZ,L,EA
7.5,78468.7483,1363898.33,52963.4718,53527596.0,51238639.1,-149702613.0,647.699757876,117786215.74779744
