Displacement,FX,FY,FZ,MX,MY,MZ,L,EA
7.5,1334.83401,24536195.1,1089.40144,866405.507,-296110831.0,-3018229.98,723.800948282,2367909504.0816216
