Displacement,FX,FY,FZ,MX,MY,MZ,L,EA
7.5,-591160.0,0.0,10.732,0.0,0.0,0.0,647.699757876,51052558.51546349
