Displacement,FX,FY,FZ,MX,MY,MZ,L,EA
7.5,-3342.32413,-27484793.5,-420.548395,-525944.601,902150974.0,4820362.07,750.911506462,2751819692.2509313
