Displacement,FX,FY,FZ,MX,MY,MZ,L,EA
7.5,1003.46701,17022046.7,844.310912,362332.489,-556346641.0,-1997082.08,750.911506462,1704273430.7418022
