Displacement,FX,FY,FZ,MX,MY,MZ,L,EA
7.5,3707.81207,23278604.8,415.956287,1261583.96,-1150872280.0,-2360009.56,756.0,2346483363.8399997
