Displacement,FX,FY,FZ,MX,MY,MZ,L,EA
7.5,1474457.25,4.42924988,-12213.5861,139119.123,9490514.22,6438148.12,735.503584229,144595812.2889913
