Displacement,FX,FY,FZ,MX,MY,MZ,L,EA
7.5,824.351162,6451893.86,475.669433,491584.798,-48081072.6,-730139.625,709.316570531,610191363.4940288
