Displacement,FX,FY,FZ,MX,MY,MZ,L,EA
7.5,-1925600.0,0.0,56.23,0.0,0.0,0.0,647.699757876,166294753.8354701
