Displacement,FX,FY,FZ,MX,MY,MZ,L,EA
7.5,686070.366,16.2461969,-3228.6177,80003.5677,5608235.8,3011180.55,744.517922693,68105557.8287395
