Displacement,FX,FY,FZ,MX,MY,MZ,L,EA
7.5,2539.7207,32818066.4,680.172709,806884.73,-393278114.0,-3847402.02,723.800948282,3167166344.146886
