Displacement,FX,FY,FZ,MX,MY,MZ,L,EA
7.5,4228.89593,28601440.1,-441.60816,743879.39,-96184040.1,-3464711.56,691.925010654,2638673566.1216326
