Displacement,FX,FY,FZ,MX,MY,MZ,L,EA
7.5,-7930.19503,-32571908.4,-5906.86655,-603616.138,44273933.4,5038544.85,671.459781177,2916096864.9041715
