Displacement,FX,FY,FZ,MX,MY,MZ,L,EA
7.5,81007.5393,2.41300351,316.120204,1184.45344,-151124.117,351645.423,735.503584229,7944178.067296211
