Displacement,FX,FY,FZ,MX,MY,MZ,L,EA
7.5,-1427500.0,0.0,47.589,0.0,0.0,0.0,647.699757876,123278853.915732
