Displacement,FX,FY,FZ,MX,MY,MZ,L,EA
7.5,-0.201582859,-127038.536,-0.516722205,-38.737893,-1220941.02,511.126945,735.503584229,12458306.47509398
