Displacement,FX,FY,FZ,MX,MY,MZ,L,EA
7.5,1206392.51,9.39038992,-9534.8044,142719.041,8924806.27,5255949.77,744.517922693,119757446.06634589
