Displacement,FX,FY,FZ,MX,MY,MZ,L,EA
7.5,1549455.45,4.06972218,-11867.1626,113199.254,8626007.54,6817830.48,723.800948282,149532976.5374284
