Displacement,FX,FY,FZ,MX,MY,MZ,L,EA
7.5,6992.35288,9739140.89,-242398.605,-206933969.0,45380.3591,-6277781.45,647.699757876,841071892.849767
