Displacement,FX,FY,FZ,MX,MY,MZ,L,EA
7.5,-1484700.0,0.0,6193.6,0.0,0.0,0.0,691.925010654,136973475.10906583
