Displacement,FX,FY,FZ,MX,MY,MZ,L,EA
7.5,-1738.26635,-11301465.0,-752.251327,-821872.627,47171155.2,1510929.07,691.925010654,1042635505.4041077
