Displacement,FX,FY,FZ,MX,MY,MZ,L,EA
7.5,-10046.8833,-24449271.2,-2050.98828,-1630671.68,-137114.346,2907287.43,647.699757876,2111438271.5312881
