Displacement,FX,FY,FZ,MX,MY,MZ,L,EA
7.5,2475.66704,17394672.7,691.578061,909256.733,-58376047.6,-2057679.23,691.925010654,1604774545.769379
