Displacement,FX,FY,FZ,MX,MY,MZ,L,EA
7.5,-1076400.0,0.0,7350.4,0.0,0.0,0.0,735.503584229,105559474.40854608
