Displacement,FX,FY,FZ,MX,MY,MZ,L,EA
7.5,389.667693,11133388.7,833.64591,236770.195,-367471291.0,-1257096.39,750.911506462,1114691957.4325345
