Displacement,FX,FY,FZ,MX,MY,MZ,L,EA
7.5,1482.79141,11370314.1,659.492855,784026.761,-82181904.3,-1292839.78,709.316570531,1075353627.10297
