Displacement,FX,FY,FZ,MX,MY,MZ,L,EA
7.5,1476.21707,20728380.1,2243.55378,419594.328,-374995794.0,-2360479.25,735.503584229,2032773047.8414772
