Displacement,FX,FY,FZ,MX,MY,MZ,L,EA
7.5,-24.3328875,-1376436.68,-53.6059979,-9561.40451,27512797.4,46652.8918,735.503584229,134983214.88056868
