Displacement,FX,FY,FZ,MX,MY,MZ,L,EA
7.5,-447.916735,-11006906.7,-927.234225,-262886.271,370633759.0,1418154.06,750.911506462,1102028385.5444908
