Displacement,FX,FY,FZ,MX,MY,MZ,L,EA
7.5,106795.277,4.08898363,292.584144,5288.60899,590579.202,472760.284,744.517922693,10601466.371395135
