Displacement,FX,FY,FZ,MX,MY,MZ,L,EA
7.5,2626.92319,32683295.0,1827.44038,140415.578,-583639126.0,-3789186.11,735.503584229,3205157415.5885005
