Displacement,FX,FY,FZ,MX,MY,MZ,L,EA
7.5,2133.24892,24034403.9,271.21097,432464.921,-777980415.0,-2940454.13,750.911506462,2406361391.928689
