Displacement,FX,FY,FZ,MX,MY,MZ,L,EA
7.5,457528.677,-0.121735696,-1159.18318,27864.4273,3104686.16,2050040.32,723.800948282,44154625.37050785
