Displacement,FX,FY,FZ,MX,MY,MZ,L,EA
7.5,1497.3352,20389928.8,644.37734,407612.316,-663210687.0,-2440978.47,750.911506462,2041470953.5814562
