Displacement,FX,FY,FZ,MX,MY,MZ,L,EA
7.5,605256.969,20.4733584,-2237.40011,40356.6058,4022005.19,2708484.92,723.800948282,58411409.082198545
