Displacement,FX,FY,FZ,MX,MY,MZ,L,EA
7.5,-3600.72268,-20602195.9,-573.435,-1469572.64,166096311.0,3330107.55,709.316570531,1948463858.8261106
