Displacement,FX,FY,FZ,MX,MY,MZ,L,EA
7.5,-0.0559574993,-67854.0389,-0.0249677852,-9.27542304,2369732.75,140.581587,750.911506462,6793650.475990687
