Displacement,FX,FY,FZ,MX,MY,MZ,L,EA
7.5,-2355.49697,-14127194.7,-839.727146,-1005796.47,58615023.5,2036083.82,691.925010654,1303327912.441151
