Displacement,FX,FY,FZ,MX,MY,MZ,L,EA
7.5,-36.1366013,-1099232.28,-12.5339979,-19035.8806,9442846.68,33324.3406,709.316570531,103960489.47554293
