Displacement,FX,FY,FZ,MX,MY,MZ,L,EA
7.5,-11.7755013,-622887.846,-4.78096731,-5445.81868,2767519.19,10643.5325,691.925010654,57465557.263972946
