Displacement,FX,FY,FZ,MX,MY,MZ,L,EA
7.5,-917290.0,0.0,1715.8,0.0,0.0,0.0,671.459781177,82123112.35678004
