Displacement,FX,FY,FZ,MX,MY,MZ,L,EA
7.5,-4056.81805,-27769830.1,-2169.19604,-1329298.82,707411022.0,3876094.06,744.517922693,2756684829.2786055
