Displacement,FX,FY,FZ,MX,MY,MZ,L,EA
7.5,-2.66420029,-429884.858,-5.00350599,-793.54064,8660413.85,5014.42923,735.503584229,42157580.51530329
