Displacement,FX,FY,FZ,MX,MY,MZ,L,EA
7.5,3444.50446,20867455.0,3429.53071,587409.686,-18831300.8,-2147652.94,671.459781177,1868220902.4027858
