Displacement,FX,FY,FZ,MX,MY,MZ,L,EA
7.5,28603.6155,0.692061525,-335.628888,2124.03166,-832696.229,112741.805,754.73004351,2878401.062781108
