Displacement,FX,FY,FZ,MX,MY,MZ,L,EA
7.5,93731.8691,0.00519147303,109.30718,7724.05924,520436.991,412347.958,754.73004351,9432301.01921555
