Displacement,FX,FY,FZ,MX,MY,MZ,L,EA
7.5,0.846380672,302210.943,3.7019932,1704.34255,-5198724.91,-1547.44692,723.800948282,29165408.949946333
