Displacement,FX,FY,FZ,MX,MY,MZ,L,EA
7.5,-1815800.0,0.0,4909.2,0.0,0.0,0.0,671.459781177,162564889.42149287
