Displacement,FX,FY,FZ,MX,MY,MZ,L,EA
7.5,-35.5029484,-1692960.69,-81.0121313,-14825.3377,33768975.7,68244.0536,735.503584229,166023820.72717345
