Displacement,FX,FY,FZ,MX,MY,MZ,L,EA
7.5,-223.958585,-11264807.1,-977.472772,-608782.218,149861546.0,1735010.03,723.800948282,1087130408.1591742
