Displacement,FX,FY,FZ,MX,MY,MZ,L,EA
7.5,359.112173,14221263.7,1074.55899,691317.28,-173809294.0,-1859351.04,723.800948282,1372448553.577118
