Displacement,FX,FY,FZ,MX,MY,MZ,L,EA
7.5,-6.07884029,-426662.279,-1.58200593,-2760.03188,11579761.3,4812.4505,744.517922693,42354361.82033882
