Displacement,FX,FY,FZ,MX,MY,MZ,L,EA
7.5,-2189600.0,0.0,50.576,0.0,0.0,0.0,647.699757876,189093785.3127053
