Displacement,FX,FY,FZ,MX,MY,MZ,L,EA
7.5,126029.649,-11694608.9,57116.2848,78514567.0,156210907.0,-123042040.0,723.800948282,1128609201.5476158
