Displacement,FX,FY,FZ,MX,MY,MZ,L,EA
7.5,801531.916,12.6241927,-5079.94766,115407.802,6887309.65,3501293.65,750.911506462,80250605.13612443
