Displacement,FX,FY,FZ,MX,MY,MZ,L,EA
7.5,-3868.08908,-20638446.6,-706.77512,-1277533.27,84863642.3,3316760.57,691.925010654,1904034317.8116012
