Displacement,FX,FY,FZ,MX,MY,MZ,L,EA
7.5,4205.69753,14276340.4,1311.78632,935971.576,48939.6259,-1189595.01,647.699757876,1232904296.0580478
