Displacement,FX,FY,FZ,MX,MY,MZ,L,EA
7.5,-861760.0,0.0,2463.9,0.0,0.0,0.0,691.925010654,79503106.29082546
