Displacement,FX,FY,FZ,MX,MY,MZ,L,EA
7.5,3802.45502,28579884.5,-458.156764,1158736.44,-203161903.0,-3544021.38,709.316570531,2702958087.9616113
