Displacement,FX,FY,FZ,MX,MY,MZ,L,EA
7.5,1138.15824,8695658.05,419.378743,618150.378,-221252907.0,-895539.744,744.517922693,863209769.0446218
