Displacement,FX,FY,FZ,MX,MY,MZ,L,EA
7.5,847118.196,13.1825585,-5014.8926,100737.518,6716029.99,3708958.55,744.517922693,84092623.94151488
