Displacement,FX,FY,FZ,MX,MY,MZ,L,EA
7.5,570915.417,15.3268541,-2062.23856,50873.6585,4356988.2,2528582.68,735.503584229,55988044.732679226
