Displacement,FX,FY,FZ,MX,MY,MZ,L,EA
7.5,30364.1764,0.399849863,-447.126756,2757.62152,-709803.38,120574.068,744.517922693,3014223.138348242
