Displacement,FX,FY,FZ,MX,MY,MZ,L,EA
7.5,-1213.42014,-8769055.38,-601.949504,-622479.795,36861000.2,1062159.09,691.925010654,809003831.6309355
