Displacement,FX,FY,FZ,MX,MY,MZ,L,EA
7.5,10790.1486,37648325.1,140.191759,1006670.41,346868.413,-3147249.6,647.699757876,3251308140.2275915
