Displacement,FX,FY,FZ,MX,MY,MZ,L,EA
7.5,-6.12527265,-1096622.92,-15.4537751,-11667.8857,15188429.7,39374.757,723.800948282,105831561.25383678
