Displacement,FX,FY,FZ,MX,MY,MZ,L,EA
7.5,477563.97,-0.239980859,-1510.34118,74127.2853,4440957.55,2095173.71,754.73004351,48057583.44758777
