Displacement,FX,FY,FZ,MX,MY,MZ,L,EA
7.5,-5769.46126,-28262605.4,-9.75006747,-1372154.46,115540966.0,4911072.85,691.925010654,2607413805.667306
