Displacement,FX,FY,FZ,MX,MY,MZ,L,EA
7.5,1877643.65,-36.6847405,-21240.0515,268859.889,13864251.1,8085013.94,754.73004351,188948543.15477002
