Displacement,FX,FY,FZ,MX,MY,MZ,L,EA
7.5,768237.55,13.3881125,-3656.4632,54113.6264,4949111.83,3425689.13,723.800948282,74140142.29277873
