Displacement,FX,FY,FZ,MX,MY,MZ,L,EA
7.5,-0.369705305,-70003.4007,-0.101571496,-79.7058806,-7.82369732,104.134824,647.699757876,6045491.424518215
