Displacement,FX,FY,FZ,MX,MY,MZ,L,EA
7.5,-8.75775913,-1383147.61,-25.408024,-18629.7729,19110682.8,60779.688,723.800948282,133483140.23093094
