Displacement,FX,FY,FZ,MX,MY,MZ,L,EA
7.5,-0.534185585,-276992.07,-0.791155457,-694.534713,3866884.98,2732.76306,723.800948282,26731616.391012553
