Displacement,FX,FY,FZ,MX,MY,MZ,L,EA
7.5,-998330.0,0.0,4445.5,0.0,0.0,0.0,709.316570531,94417601.58109511
