Displacement,FX,FY,FZ,MX,MY,MZ,L,EA
7.5,-681300.0,0.0,1541.4,0.0,0.0,0.0,691.925010654,62854467.96780936
