Displacement,FX,FY,FZ,MX,MY,MZ,L,EA
7.5,-6724.86196,-28337939.4,-5585.81067,-698567.51,38470498.5,4264299.13,671.459781177,2537038211.804145
