Displacement,FX,FY,FZ,MX,MY,MZ,L,EA
7.5,-22.2995119,-845432.797,-8.4122411,-10742.9455,3743132.95,20267.3726,691.925010654,77996812.94286212
