Displacement,FX,FY,FZ,MX,MY,MZ,L,EA
7.5,1534769.11,-3.20995402,-15514.084,208362.397,11555220.3,6637497.08,750.911506462,153663437.92819244
