Displacement,FX,FY,FZ,MX,MY,MZ,L,EA
7.5,-776640.0,0.0,19.81,0.0,0.0,0.0,647.699757876,67070605.32757556
