Displacement,FX,FY,FZ,MX,MY,MZ,L,EA
7.5,-783.674037,-6535389.51,-422.718266,-425343.258,27699941.2,691878.761,691.925010654,602933260.8446386
