Displacement,FX,FY,FZ,MX,MY,MZ,L,EA
7.5,1887.28798,14231814.2,672.037369,927676.259,-102380098.0,-1656521.52,709.316570531,1345981552.103785
