Displacement,FX,FY,FZ,MX,MY,MZ,L,EA
7.5,-1196500.0,0.0,39.351,0.0,0.0,0.0,647.699757876,103329701.37315121
