Displacement,FX,FY,FZ,MX,MY,MZ,L,EA
7.5,1268614.82,5.07403517,-11831.4085,201652.384,10360851.5,5513963.61,754.73004351,127661562.43947078
