Displacement,FX,FY,FZ,MX,MY,MZ,L,EA
7.5,4359.3583,32870801.1,-1089.89934,1114394.07,-233248961.0,-4130530.94,709.316570531,3108773854.2478166
