Displacement,FX,FY,FZ,MX,MY,MZ,L,EA
7.5,-2711.89832,-32333711.7,-1649.02979,-1231301.56,416988788.0,6000695.38,723.800948282,3120422825.3249063
