Displacement,FX,FY,FZ,MX,MY,MZ,L,EA
7.5,81864.1475,14016545.0,70172.8916,-86626904.5,-168060911.0,196560920.0,723.800948282,1352691808.3516433
