Displacement,FX,FY,FZ,MX,MY,MZ,L,EA
7.5,3969.87783,24612701.4,3480.5896,524840.682,-22406203.6,-2525491.71,671.459781177,2203525212.829179
