Displacement,FX,FY,FZ,MX,MY,MZ,L,EA
7.5,0.428177244,476072.016,-1.38869805,-53.6565355,-5315206.85,-211.640463,709.316570531,45024769.295319915
