Displacement,FX,FY,FZ,MX,MY,MZ,L,EA
7.5,757127.917,13.1606066,-4589.12352,124274.839,6786859.5,3313117.57,754.73004351,76190291.43200609
