Displacement,FX,FY,FZ,MX,MY,MZ,L,EA
7.5,-1745.68379,-10647591.4,-237.344871,-783044.902,538151802.0,1269351.45,756.0,1073277213.1200001
