Displacement,FX,FY,FZ,MX,MY,MZ,L,EA
7.5,31524.2413,4.73804948,-897.7021,4719.56984,-837156.61,125167.403,750.911506462,3156255.40328728
