Displacement,FX,FY,FZ,MX,MY,MZ,L,EA
7.5,2006535.03,1.56994519,-17015.3659,138837.401,10394952.7,8756979.66,723.800948282,193644260.99667352
