Displacement,FX,FY,FZ,MX,MY,MZ,L,EA
7.5,-65.561056,-6514576.78,-482.612556,-300789.026,87786964.5,821695.743,723.800948282,628700913.4693198
