Displacement,FX,FY,FZ,MX,MY,MZ,L,EA
7.5,-4570.82337,-31900463.3,-2621.51557,-1303433.95,808443420.0,4517357.52,744.517922693,3166728889.208038
