Displacement,FX,FY,FZ,MX,MY,MZ,L,EA
7.5,-744.803867,-13756644.0,-1073.48426,-339232.203,460877101.0,1922204.45,750.911506462,1377336302.6535246
