Displacement,FX,FY,FZ,MX,MY,MZ,L,EA
7.5,70946.4623,31.8463608,-1381.54615,11766.9892,891819.429,315439.215,754.73004351,7139390.210474609
