Displacement,FX,FY,FZ,MX,MY,MZ,L,EA
7.5,-784.056967,-11205962.5,-1801.08868,-357744.302,216571573.0,1411969.77,735.503584229,1098936744.4647686
