Displacement,FX,FY,FZ,MX,MY,MZ,L,EA
7.5,-5125.76832,-14194453.7,-1547.16564,-1091408.17,-47313.3071,1458265.99,647.699757876,1225832563.2896123
