Displacement,FX,FY,FZ,MX,MY,MZ,L,EA
7.5,-1179.54217,-8756398.87,-544.195422,-643418.283,72273887.2,1053516.36,709.316570531,828141175.5559899
