Displacement,FX,FY,FZ,MX,MY,MZ,L,EA
7.5,909.748272,20812131.7,1165.24207,840424.859,-252145318.0,-2619545.42,723.800948282,2008512088.03065
