Displacement,FX,FY,FZ,MX,MY,MZ,L,EA
7.5,-1196900.0,0.0,6089.8,0.0,0.0,0.0,709.316570531,113197467.10247387
