Displacement,FX,FY,FZ,MX,MY,MZ,L,EA
7.5,-894740.0,0.0,5281.4,0.0,0.0,0.0,735.503584229,87744596.92707406
