Displacement,FX,FY,FZ,MX,MY,MZ,L,EA
7.5,-57.0633073,-1366047.65,-16.9271332,-27989.7919,36821287.8,44786.8078,744.517922693,135606261.15702054
