Displacement,FX,FY,FZ,MX,MY,MZ,L,EA
7.5,-9.62583783,-838190.338,-19.615992,-3307.88268,16822628.1,18303.206,735.503584229,82198933.04868226
