Displacement,FX,FY,FZ,MX,MY,MZ,L,EA
7.5,2937.74984,17411492.4,3223.3226,597773.209,-15612963.2,-1791804.82,671.459781177,1558815583.5825331
