Displacement,FX,FY,FZ,MX,MY,MZ,L,EA
7.5,-1224.59039,-8260938.98,-165.315897,-574055.818,419423649.0,901839.91,756.0,832702649.184
