Displacement,FX,FY,FZ,MX,MY,MZ,L,EA
7.5,430802.185,-0.076119394,-995.191195,35533.6498,3342595.15,1910285.96,735.503584229,42247540.15482463
