Displacement,FX,FY,FZ,MX,MY,MZ,L,EA
7.5,-0.274329591,-152496.457,-0.145518152,-50.2422675,5321700.01,701.622269,750.911506462,15268179.23413168
