Displacement,FX,FY,FZ,MX,MY,MZ,L,EA
7.5,87114.9567,7.35488057,232.235559,616.948243,-613575.392,382579.873,723.800948282,8407185.102534048
