Displacement,FX,FY,FZ,MX,MY,MZ,L,EA
7.5,-11.7700717,-1701263.69,-39.3636367,-28103.4768,23448824.6,88906.8468,723.800948282,164183502.94663128
