Displacement,FX,FY,FZ,MX,MY,MZ,L,EA
7.5,212.578284,10988738.5,505.131682,182123.427,-454778181.0,-1226698.23,754.73004351,1105804144.8300016
