Displacement,FX,FY,FZ,MX,MY,MZ,L,EA
7.5,47860.4057,24.6743323,252.1325,1173.40938,-1007052.53,199282.758,754.73004351,4816224.8101823
