Displacement,FX,FY,FZ,MX,MY,MZ,L,EA
7.5,569.433938,-716061.439,-403.899221,-33475.0678,30979562.9,-345526.287,754.73004351,72057744.13497376
