Displacement,FX,FY,FZ,MX,MY,MZ,L,EA
7.5,-1407400.0,0.0,7923.1,0.0,0.0,0.0,709.316570531,133105618.84871058
