Displacement,FX,FY,FZ,MX,MY,MZ,L,EA
7.5,114241.369,0.269108441,268.659324,4042.31594,554171.848,508985.639,735.503584229,11203324.848897036
