Displacement,FX,FY,FZ,MX,MY,MZ,L,EA
7.5,887.686763,6229810.67,323.180614,476999.762,-161618981.0,-667600.896,744.517922693,618427426.5065448
