Displacement,FX,FY,FZ,MX,MY,MZ,L,EA
7.5,-1716400.0,0.0,7701.3,0.0,0.0,0.0,691.925010654,158349345.10487005
