Displacement,FX,FY,FZ,MX,MY,MZ,L,EA
7.5,16294.9928,0.647133558,-579.076143,2875.94536,-664068.267,60762.9244,750.911506462,1631479.6788313924
