Displacement,FX,FY,FZ,MX,MY,MZ,L,EA
7.5,1963.20723,17185788.3,920.260645,905696.162,-430512362.0,-1721551.72,744.517922693,1706016987.3276885
