Displacement,FX,FY,FZ,MX,MY,MZ,L,EA
7.5,99864.3697,7.97745419,174.583381,6943.24109,592110.518,441060.772,750.911506462,9998573.905774016
