Displacement,FX,FY,FZ,MX,MY,MZ,L,EA
7.5,-2006.66899,-28143202.7,-1672.68182,-1194424.42,364626581.0,5139203.0,723.800948282,2716010240.260339
