Displacement,FX,FY,FZ,MX,MY,MZ,L,EA
7.5,-121.55774,-8741183.75,-726.667945,-450062.262,117014456.0,1242126.02,723.800948282,843583611.647628
