Displacement,FX,FY,FZ,MX,MY,MZ,L,EA
7.5,1181.02149,17302339.2,2134.05512,427896.441,-314456922.0,-1954105.07,735.503584229,1696790999.619457
