Displacement,FX,FY,FZ,MX,MY,MZ,L,EA
7.5,1962.1868,11383421.5,2433.2257,488121.798,-10168407.8,-1149542.85,671.459781177,1019134627.9247409
