Displacement,FX,FY,FZ,MX,MY,MZ,L,EA
7.5,59907.4482,51.1740949,707.215106,-3585.39801,-2009420.33,262621.258,723.800948282,5781475.708841973
