Displacement,FX,FY,FZ,MX,MY,MZ,L,EA
7.5,-798.059033,-6155498.21,-102.121005,-383766.617,313928017.0,592015.917,756.0,620474219.5680001
