Displacement,FX,FY,FZ,MX,MY,MZ,L,EA
7.5,-81.2240163,-6277608.32,-294.042544,-98814.6536,265082808.0,638649.32,754.73004351,631719946.7323117
