Displacement,FX,FY,FZ,MX,MY,MZ,L,EA
7.5,-83.866774,-1680171.31,-25.3747044,-41847.9013,45205940.9,65591.0472,744.517922693,166789020.46527687
