Displacement,FX,FY,FZ,MX,MY,MZ,L,EA
7.5,4427.90152,27072035.7,485.41354,1363303.72,-1331916990.0,-2706324.58,756.0,2728861198.56
