Displacement,FX,FY,FZ,MX,MY,MZ,L,EA
7.5,-538.374344,-8695797.35,-1327.41717,-270267.86,169034075.0,992370.021,735.503584229,852772015.8205386
