Displacement,FX,FY,FZ,MX,MY,MZ,L,EA
7.5,-61.1431333,-1306313.23,-2.63080968,-26277.8636,67593905.0,43599.7399,756.0,131676373.584
