Displacement,FX,FY,FZ,MX,MY,MZ,L,EA
7.5,-0.0346025096,-61472.8413,-0.1138694,-10.2721105,228484.185,101.16284,735.503584229,6028466.014518734
