Displacement,FX,FY,FZ,MX,MY,MZ,L,EA
7.5,1535.11018,11374268.8,737.631696,739540.796,-38345203.7,-1296535.04,691.925010654,1049352141.4161947
