Displacement,FX,FY,FZ,MX,MY,MZ,L,EA
7.5,-82.2501196,-1707444.3,-37.5996975,-42596.688,7476682.3,74563.1584,691.925010654,157523122.06248152
