Displacement,FX,FY,FZ,MX,MY,MZ,L,EA
7.5,5247.57539,31123237.0,567.03443,1455686.88,-1523636760.0,-3069443.96,756.0,3137222289.6
