Displacement,FX,FY,FZ,MX,MY,MZ,L,EA
7.5,-613.718656,-16560503.6,-941.068792,-284164.557,685986544.0,2337317.7,754.73004351,1666494613.6767347
