Displacement,FX,FY,FZ,MX,MY,MZ,L,EA
7.5,-6.15225228,-1055985.17,-6.86305259,-2280.36036,45363515.6,29818.4968,754.73004351,106264497.77333528
