Displacement,FX,FY,FZ,MX,MY,MZ,L,EA
7.5,-610750.0,0.0,2850.8,0.0,0.0,0.0,754.73004351,61460183.209831
