Displacement,FX,FY,FZ,MX,MY,MZ,L,EA
7.5,-516770.0,0.0,823.03,0.0,0.0,0.0,691.925010654,47675478.36742234
