Displacement,FX,FY,FZ,MX,MY,MZ,L,EA
7.5,-507630.0,0.0,1802.6,0.0,0.0,0.0,750.911506462,50824694.40337401
