Displacement,FX,FY,FZ,MX,MY,MZ,L,EA
7.5,701.976309,11315501.7,1632.87701,345961.227,-207707204.0,-1245014.57,735.503584229,1109678941.0265791
