Displacement,FX,FY,FZ,MX,MY,MZ,L,EA
7.5,378.681126,6315455.85,1036.57549,210960.187,-119199771.0,-716562.682,735.503584229,619338721.8286674
