Displacement,FX,FY,FZ,MX,MY,MZ,L,EA
7.5,-1333.59777,-23340429.9,-1172.16859,-308042.09,957324557.0,3533964.09,754.73004351,2348763156.529214
