Displacement,FX,FY,FZ,MX,MY,MZ,L,EA
7.5,-40.106395,-1035718.63,-1.24607174,-16831.5256,53660389.3,28381.8841,756.0,104400437.904
