Displacement,FX,FY,FZ,MX,MY,MZ,L,EA
7.5,1100.21766,6527003.68,1435.24487,280473.824,-6039240.3,-635016.618,671.459781177,584349395.0285698
