Displacement,FX,FY,FZ,MX,MY,MZ,L,EA
7.5,-2460000.0,0.0,19.344,0.0,0.0,0.0,647.699757876,212445520.58332804
