Displacement,FX,FY,FZ,MX,MY,MZ,L,EA
7.5,1135.52448,23720428.4,654.933546,242480.664,-963173790.0,-2566348.03,754.73004351,2387002661.121045
