Displacement,FX,FY,FZ,MX,MY,MZ,L,EA
7.5,1336706.4,9.68057632,-9507.80189,98530.6425,7723472.59,5903892.1,723.800948282,129001247.98594911
