Displacement,FX,FY,FZ,MX,MY,MZ,L,EA
7.5,-12.3642188,-1638345.28,-19.6657972,-6644.47513,70182036.6,67458.5377,754.73004351,164867787.26117375
