Displacement,FX,FY,FZ,MX,MY,MZ,L,EA
7.5,-2356.14166,-24088625.2,-3427.85775,-492318.424,455707408.0,3810802.32,735.503584229,2362302689.8332014
