Displacement,FX,FY,FZ,MX,MY,MZ,L,EA
7.5,1020831.54,11.5133067,-7129.6658,121826.25,7823545.96,4458867.42,744.517922693,101336983.67737283
