Displacement,FX,FY,FZ,MX,MY,MZ,L,EA
7.5,1269850.56,9.58557498,-9675.11099,121588.287,8479633.49,5562836.12,735.503584229,124530618.44202705
