Displacement,FX,FY,FZ,MX,MY,MZ,L,EA
7.5,-5265.32692,-28206889.0,63.5638293,-1752449.16,225399372.0,4985298.71,709.316570531,2667681836.110479
