Displacement,FX,FY,FZ,MX,MY,MZ,L,EA
7.5,-24.6367205,-795478.338,-0.456459614,-10085.6887,41264513.6,17300.0163,756.0,80184216.4704
