Displacement,FX,FY,FZ,MX,MY,MZ,L,EA
7.5,-15.80968,-1091334.09,-33.579495,-5818.85872,21859091.5,30225.5022,735.503584229,107024017.97150588
