Displacement,FX,FY,FZ,MX,MY,MZ,L,EA
7.5,121515.196,0.00558577704,306.01799,2316.19397,452790.548,547055.71,723.800948282,11727041.879396413
