Displacement,FX,FY,FZ,MX,MY,MZ,L,EA
7.5,-425.252457,319196.284,-2422.67983,-1705089.93,-12628020.4,-4448601.26,750.911506462,31958421.663401652
