Displacement,FX,FY,FZ,MX,MY,MZ,L,EA
7.5,-6.41478814,-822942.625,-7.10441891,-2037.01241,28576194.5,18707.7742,750.911506462,82394278.1694057
