Displacement,FX,FY,FZ,MX,MY,MZ,L,EA
7.5,-3.72262026,-606297.598,-3.44745097,-1026.1013,21083059.5,10436.6499,750.911506462,60703445.69046295
