Displacement,FX,FY,FZ,MX,MY,MZ,L,EA
7.5,-6873.94864,-32479551.2,586.422536,-1343468.14,132524150.0,5824960.18,691.925010654,2996455174.6796184
