Displacement,FX,FY,FZ,MX,MY,MZ,L,EA
7.5,-138.6312,-8424593.07,-453.999408,-149960.204,354050956.0,973483.261,754.73004351,847772465.9033526
