Displacement,FX,FY,FZ,MX,MY,MZ,L,EA
7.5,-0.0356397305,-66864.7643,-0.00415005387,-1.31290337,2890806.6,134.482967,754.73004351,6728646.195923318
