Displacement,FX,FY,FZ,MX,MY,MZ,L,EA
7.5,5709.84268,37542035.7,2601.85096,-264.638007,-35480739.7,-3771738.56,671.459781177,3361062276.80815
