Displacement,FX,FY,FZ,MX,MY,MZ,L,EA
7.5,538584.857,14.7478414,-1806.53316,60278.2387,4510501.75,2369091.52,744.517922693,53464810.52367285
