Displacement,FX,FY,FZ,MX,MY,MZ,L,EA
7.5,-88.4801008,-1606760.14,-4.81859612,-38898.0349,83032827.0,63570.7358,756.0,161961422.112
