Displacement,FX,FY,FZ,MX,MY,MZ,L,EA
7.5,-769.424951,-6526246.43,-384.168895,-435187.092,54267167.2,685967.476,709.316570531,617223298.1557043
