Displacement,FX,FY,FZ,MX,MY,MZ,L,EA
7.5,-25148.1991,6530305.78,-46020.1544,-29975439.3,-70959595.7,38586090.9,723.800948282,630218868.8180568
