Displacement,FX,FY,FZ,MX,MY,MZ,L,EA
7.5,-16945.733,-37202212.4,-1621.15423,-1845769.05,-333812.79,4902304.8,647.699757876,3212781861.857537
