Displacement,FX,FY,FZ,MX,MY,MZ,L,EA
7.5,2065813.73,5.10670987,-51947.5469,277360.944,30961705.6,8920036.75,735.503584229,202588453.7019306
