Displacement,FX,FY,FZ,MX,MY,MZ,L,EA
7.5,-269488.214,-32986805.1,153357.044,136747546.0,46322446.8,241784661.0,671.459781177,2953241724.5565796
