Displacement,FX,FY,FZ,MX,MY,MZ,L,EA
7.5,223348.46,-48366168.7,458871.691,825640421.0,390951666.0,-294866232.0,709.316570531,4574256654.934373
