Displacement,FX,FY,FZ,MX,MY,MZ,L,EA
7.5,3278.38419,24565959.3,28.1086472,1160963.49,-175011462.0,-3003657.79,709.316570531,2323338933.6640167
