Displacement,FX,FY,FZ,MX,MY,MZ,L,EA
7.5,73183.4887,35.6041226,654.802953,1490.57919,-232627.015,322843.325,750.911506462,7327243.166381568
