Displacement,FX,FY,FZ,MX,MY,MZ,L,EA
7.5,2497.59966,36943051.7,2221.72169,355057.605,-903831419.0,-3209637.22,744.517922693,3667301881.2832136
