Displacement,FX,FY,FZ,MX,MY,MZ,L,EA
7.5,-0.0112576468,-16959.6475,0.00211397458,-1.20964839,589736.909,12.6397327,750.911506462,1698025.9271052657
