Displacement,FX,FY,FZ,MX,MY,MZ,L,EA
7.5,-2743800.0,0.0,-6.6505,0.0,0.0,0.0,647.699757876,236954479.42135584
