Displacement,FX,FY,FZ,MX,MY,MZ,L,EA
7.5,-31808.5373,1930836.01,-29934.9208,-304688317.0,37514669.4,8538163.22,754.73004351,194301326.11172998
