Displacement,FX,FY,FZ,MX,MY,MZ,L,EA
7.5,-2239.59022,-14104927.2,-733.107534,-1082200.29,114930696.0,2027812.23,709.316570531,1333981145.212456
