Displacement,FX,FY,FZ,MX,MY,MZ,L,EA
7.5,-1670700.0,0.0,52.805,0.0,0.0,0.0,647.699757876,144281598.06445777
