Displacement,FX,FY,FZ,MX,MY,MZ,L,EA
7.5,1145736.43,9.1017791,-9756.92774,163350.293,9235338.9,4982365.94,750.911506462,114712889.15462585
