Displacement,FX,FY,FZ,MX,MY,MZ,L,EA
7.5,-1593.37296,-8784685.84,-1986.53378,-390181.756,12227274.1,946211.717,671.459781177,786475097.578012
