Displacement,FX,FY,FZ,MX,MY,MZ,L,EA
7.5,8242.95501,28713701.3,1065.73338,1181520.67,194414.983,-2401484.66,647.699757876,2479714317.297838
