Displacement,FX,FY,FZ,MX,MY,MZ,L,EA
7.5,82.8015085,6065142.7,349.04411,124155.542,-255617214.0,-702357.502,754.73004351,610339388.5153812
