Displacement,FX,FY,FZ,MX,MY,MZ,L,EA
7.5,-1573000.0,0.0,4004.7,0.0,0.0,0.0,671.459781177,140827498.10552278
