Displacement,FX,FY,FZ,MX,MY,MZ,L,EA
7.5,-924.397874,-19818552.1,-1069.64958,-305100.214,816926089.0,2906174.64,754.73004351,1994354225.1650937
