Displacement,FX,FY,FZ,MX,MY,MZ,L,EA
7.5,1116.74318,8803457.98,579.615861,630628.464,-64032452.8,-975974.843,709.316570531,832591816.4249821
