Displacement,FX,FY,FZ,MX,MY,MZ,L,EA
7.5,-190.337844,-1714615.19,-62.9732897,-44700.713,-1878.3764,53593.1953,647.699757876,148074112.4551349
