Displacement,FX,FY,FZ,MX,MY,MZ,L,EA
7.5,1577.68728,27584252.1,575.059917,212600.451,-1114636130.0,-2952060.47,754.73004351,2775821838.349841
