Displacement,FX,FY,FZ,MX,MY,MZ,L,EA
7.5,338.91937,13754267.8,600.782714,217590.132,-566523790.0,-1530694.25,754.73004351,1384101218.018959
