Displacement,FX,FY,FZ,MX,MY,MZ,L,EA
7.5,-0.0104705784,-17414.0689,-0.00208625534,-4.8670775,151687.984,9.65727976,709.316570531,1646945.017485139
