Displacement,FX,FY,FZ,MX,MY,MZ,L,EA
7.5,-36.6804079,-1100738.67,-14.797953,-18126.8565,4856297.06,33346.5184,691.925010654,101550482.12893596
