Displacement,FX,FY,FZ,MX,MY,MZ,L,EA
7.5,1827680.45,-19.6891675,-18052.1355,200604.731,12162255.9,7886202.63,744.517922693,181432113.5974143
