Displacement,FX,FY,FZ,MX,MY,MZ,L,EA
7.5,-5.33461762,-617489.747,-10.5015823,-1707.20576,12409861.6,10135.6278,735.503584229,60555456.28575445
