Displacement,FX,FY,FZ,MX,MY,MZ,L,EA
7.5,-12.2637344,-612886.042,-3.34728128,-5690.51658,16604546.0,9719.08759,744.517922693,60840619.0449833
