Displacement,FX,FY,FZ,MX,MY,MZ,L,EA
7.5,-6.073868,-433027.51,-1.64347008,-3017.96744,3751058.4,5630.43528,709.316570531,40953811.778503776
