Displacement,FX,FY,FZ,MX,MY,MZ,L,EA
7.5,49185.5797,0.0835517826,43.772292,2630.90252,-842411.564,199570.301,750.911506462,4924535.699831169
