Displacement,FX,FY,FZ,MX,MY,MZ,L,EA
7.5,218.653726,8612538.18,706.422332,171955.652,-285771261.0,-962411.238,750.911506462,862300535.8940389
