Displacement,FX,FY,FZ,MX,MY,MZ,L,EA
7.5,-1864.9555,-20452505.6,-3101.87413,-506255.931,388911994.0,3099886.07,735.503584229,2005718823.3684926
