Displacement,FX,FY,FZ,MX,MY,MZ,L,EA
7.5,15986.0326,-1405206.71,5507.27524,20049429.9,38338021.4,-19116345.0,744.517922693,139493544.09112865
