Displacement,FX,FY,FZ,MX,MY,MZ,L,EA
7.5,725933.855,16.7663981,-3506.61865,67748.799,5387878.49,3207039.19,735.503584229,71190260.30209002
