Displacement,FX,FY,FZ,MX,MY,MZ,L,EA
7.5,-641490.0,0.0,1840.1,0.0,0.0,0.0,709.316570531,60669264.910657495
