Displacement,FX,FY,FZ,MX,MY,MZ,L,EA
7.5,-22.2284755,-831880.961,-6.25695031,-10503.1163,22502990.2,17546.9669,744.517922693,82580038.00154354
