Displacement,FX,FY,FZ,MX,MY,MZ,L,EA
15.0,-372380.0,0.0,-471.89,0.0,0.0,0.0,1505.71792915,37379949.497125134
