Displacement,FX,FY,FZ,MX,MY,MZ,L,EA
7.5,-14.7283449,-1351426.71,-22.5806216,-6050.0795,46781189.3,47280.373,750.911506462,135306915.55721125
