Displacement,FX,FY,FZ,MX,MY,MZ,L,EA
7.5,-1957800.0,0.0,9279.0,0.0,0.0,0.0,691.925010654,180620104.78112015
