Displacement,FX,FY,FZ,MX,MY,MZ,L,EA
7.5,-2597700.0,0.0,7777.6,0.0,0.0,0.0,671.459781177,232566809.8084657
