Displacement,FX,FY,FZ,MX,MY,MZ,L,EA
7.5,967716.226,11.6028404,-7261.56782,139513.46,8063170.42,4218127.29,750.911506462,96889233.21245083
