Displacement,FX,FY,FZ,MX,MY,MZ,L,EA
7.5,-0.173263898,-150273.793,-0.0395075084,-12.197256,6492594.71,670.719219,754.73004351,15122152.84390703
