Displacement,FX,FY,FZ,MX,MY,MZ,L,EA
7.5,-793.604715,-6431992.27,-278.162776,-420960.056,170042941.0,616159.935,744.517922693,638497803.151711
