Displacement,FX,FY,FZ,MX,MY,MZ,L,EA
7.5,135.327332,6146354.63,603.715706,139675.674,-207313192.0,-700682.082,750.911506462,615382455.2617319
