Displacement,FX,FY,FZ,MX,MY,MZ,L,EA
7.5,-4391.16859,-31571625.9,160.731476,-513261.039,1030906380.0,5790672.2,750.911506462,3160999622.1364927
