Displacement,FX,FY,FZ,MX,MY,MZ,L,EA
7.5,-0.844309568,-156664.257,-0.23607582,-368.876244,701547.671,761.303268,691.925010654,14453322.359176798
