Displacement,FX,FY,FZ,MX,MY,MZ,L,EA
7.5,20.5153357,-517306.725,15.7302834,-2324.72091,-297.34014,-13579.9493,647.699757876,44674592.07068353
