Displacement,FX,FY,FZ,MX,MY,MZ,L,EA
7.5,-2.55974498,-277697.199,-0.635145156,-1243.3826,2409198.1,2367.01657,709.316570531,26263363.31209929
