Displacement,FX,FY,FZ,MX,MY,MZ,L,EA
7.5,-8209.35304,-20747257.5,-1967.42494,-1479781.83,-98211.6396,2366684.67,647.699757876,1791732487.9121368
