Displacement,FX,FY,FZ,MX,MY,MZ,L,EA
7.5,923.915853,14163601.8,1922.95232,400740.881,-258652852.0,-1582119.88,735.503584229,1388983985.2656424
