Displacement,FX,FY,FZ,MX,MY,MZ,L,EA
7.5,871.67919,5970973.29,114.210308,429059.785,-305333604.0,-643221.456,756.0,601874107.632
