Displacement,FX,FY,FZ,MX,MY,MZ,L,EA
7.5,77337.6021,28.5321224,869.705294,191.431771,-260324.649,339776.41,744.517922693,7677230.781539973
