Displacement,FX,FY,FZ,MX,MY,MZ,L,EA
7.5,50905.8173,13.6113993,-221.773518,2055.3397,-748827.158,210538.217,744.517922693,5053372.44655805
