Displacement,FX,FY,FZ,MX,MY,MZ,L,EA
7.5,2785.37137,20833600.8,372.273915,1121539.82,-148817045.0,-2509896.49,709.316570531,1970349102.8357198
