Displacement,FX,FY,FZ,MX,MY,MZ,L,EA
15.0,-3.2544136e-05,0.00247573853,-0.0130692124,-4.81872971,-0.000317897181,0.0140355894,1014.654546183,0.8840490517794157
