Displacement,FX,FY,FZ,MX,MY,MZ,L,EA
0.0628,5.53098297,-10.6971231,0.605041504,356.114881,12737.4878,-3547.13593,861.102334465,146677.03301702993
