Displacement,FX,FY,FZ,MX,MY,MZ,L,EA
15.0,-3.19480896e-05,0.00332641602,-0.151095748,-50.4798678,-0.00130822321,0.0520547047,940.363900446,9.472332462005728
