Displacement,FX,FY,FZ,MX,MY,MZ,L,EA
15.0,0.00238960981,0.00475883484,0.0540782809,27.9682857,-0.212888839,-1.12078254,1298.830700339,4.682568763631744
