Displacement,FX,FY,FZ,MX,MY,MZ,L,EA
15.0,0.000923395157,-0.00604248047,-0.00873267651,-10.2029009,0.359460632,-0.556754301,1083.581558951,0.6308378151013719
