Displacement,FX,FY,FZ,MX,MY,MZ,L,EA
15.0,-2.50339508e-05,-0.00101089478,0.0216252506,9.71620697,-0.0011119156,0.0196986148,1336.1052008929998,1.926240653151631
