Displacement,FX,FY,FZ,MX,MY,MZ,L,EA
15.0,4.49876139e-17,0.000829339027,0.00546472683,2.40399972,-1.41793821e-05,-0.000653935792,1254.69036432,0.45710267314946523
