Displacement,FX,FY,FZ,MX,MY,MZ,L,EA
15.0,-5.6272,0.0,0.055661,0.0,0.0,0.0,1254.69036432,470.6929078734336
