Displacement,FX,FY,FZ,MX,MY,MZ,L,EA
15.0,-0.053438,0.0,0.00020692,0.0,0.0,0.0,940.363900446,3.350077740802223
