Displacement,FX,FY,FZ,MX,MY,MZ,L,EA
0.0628,0.00147609692,-0.0040485824,0.000179860741,0.137842426,5.70288281,-1.51369927,940.363900446,60.62326014237306
