Displacement,FX,FY,FZ,MX,MY,MZ,L,EA
15.0,-17.853,0.0,0.13581,0.0,0.0,0.0,1336.1052008929998,1590.2324101028487
