Displacement,FX,FY,FZ,MX,MY,MZ,L,EA
15.0,-6.852,0.0,0.055197,0.0,0.0,0.0,1366.316826766,624.1335264667089
