Displacement,FX,FY,FZ,MX,MY,MZ,L,EA
0.0628,-0.768189907,-3.39680541,-0.0429191589,88.2765824,1068.62304,-136.596962,1254.69036432,67865.27097766
