Displacement,FX,FY,FZ,MX,MY,MZ,L,EA
15.0,-5.00679016e-06,-0.0027961731,0.0527441502,22.3961287,-0.00012083553,0.0305525755,1298.830700339,4.5670481028700936
