Displacement,FX,FY,FZ,MX,MY,MZ,L,EA
15.0,-4.76837158e-07,-0.0282344818,0.163981497,76.6317046,-0.000227502232,0.000563444148,1366.316826766,14.936711908625224
