Displacement,FX,FY,FZ,MX,MY,MZ,L,EA
15.0,-69.286,0.0,0.60213,0.0,0.0,0.0,1146.780579073,5297.055946776792
