Displacement,FX,FY,FZ,MX,MY,MZ,L,EA
15.0,-1.39474869e-05,0.0705928802,0.161424428,54.9719143,-0.000172817867,0.0137870502,1014.654546183,10.919335315679357
