Displacement,FX,FY,FZ,MX,MY,MZ,L,EA
15.0,-127.46,0.0,0.88645,0.0,0.0,0.0,1254.69036432,10661.52225574848
