Displacement,FX,FY,FZ,MX,MY,MZ,L,EA
15.0,-0.00123539567,0.0436000824,0.294998795,98.875833,-11.4469042,4.59640331,861.102334465,16.934943402590797
