Displacement,FX,FY,FZ,MX,MY,MZ,L,EA
15.0,-6.19888306e-06,0.0593414307,1.35375434,620.930449,0.000153510961,0.0267791795,1336.1052008929998,120.5838809603647
