Displacement,FX,FY,FZ,MX,MY,MZ,L,EA
15.0,-0.0024060607,-0.000132322311,0.00893184356,2.87509216,-0.366037749,-0.717277035,1336.1052008929998,0.7955921756052431
