Displacement,FX,FY,FZ,MX,MY,MZ,L,EA
15.0,269.92112,-0.779934507,-2.02369541,-1973.67092,114294.261,-266506.175,1146.780579073,20636.019886508842
