Displacement,FX,FY,FZ,MX,MY,MZ,L,EA
0.0628,-0.0104950666,-0.0401006918,-0.00103646517,0.861711015,3.22534073,0.934515851,1298.830700339,829.3632104247197
