Displacement,FX,FY,FZ,MX,MY,MZ,L,EA
15.0,366.00953,-0.929409214,-2.90412307,-2365.13915,106779.251,-273592.284,861.102334465,21011.444047962497
