Displacement,FX,FY,FZ,MX,MY,MZ,L,EA
15.0,-38.248,0.0,0.35418,0.0,0.0,0.0,1146.780579073,2924.1375725589396
