Displacement,FX,FY,FZ,MX,MY,MZ,L,EA
0.0628,-2.53327727,-9.97568607,-0.242248535,220.112127,63.5307965,378.582553,1298.830700339,206317.3140869444
