Displacement,FX,FY,FZ,MX,MY,MZ,L,EA
15.0,-66.797,0.0,0.45953,0.0,0.0,0.0,1298.830700339,5783.866286036279
