Displacement,FX,FY,FZ,MX,MY,MZ,L,EA
15.0,-0.59692,0.0,0.0065483,0.0,0.0,0.0,1083.581558951,43.12076694460207
