Displacement,FX,FY,FZ,MX,MY,MZ,L,EA
0.0628,1.03715515,-4.6999054,0.162368774,160.844246,5302.05847,-1370.15275,1014.654546183,75935.99332388584
