Displacement,FX,FY,FZ,MX,MY,MZ,L,EA
15.0,-1.03241764e-05,0.452352524,0.0640922189,28.0727528,-0.00175167014,-0.00306196936,1254.69036432,37.837490209242105
