Displacement,FX,FY,FZ,MX,MY,MZ,L,EA
15.0,-1.88350677e-05,0.00491333008,-0.0587461591,-21.6757959,-0.000101004173,0.012527038,1014.654546183,3.973803826773654
