Displacement,FX,FY,FZ,MX,MY,MZ,L,EA
15.0,6.67572021e-06,0.127502441,0.968422174,275.883209,0.0013013343,0.00303487078,861.102334465,55.594039651938026
