Displacement,FX,FY,FZ,MX,MY,MZ,L,EA
15.0,-22.327,0.0,0.17937,0.0,0.0,0.0,1298.830700339,1933.2662030979236
