Displacement,FX,FY,FZ,MX,MY,MZ,L,EA
15.0,-0.0179088116,0.183148384,0.0205968022,119.235892,0.784434882,23.1036753,1254.69036432,15.31963417637195
