Displacement,FX,FY,FZ,MX,MY,MZ,L,EA
15.0,-0.84843,0.0,0.01112,0.0,0.0,0.0,940.363900446,53.188862937026656
