Displacement,FX,FY,FZ,MX,MY,MZ,L,EA
15.0,-115.55,0.0,0.94798,0.0,0.0,0.0,1146.780579073,8834.033060792342
