Displacement,FX,FY,FZ,MX,MY,MZ,L,EA
0.0628,0.165334702,-2.07591271,0.0472297668,69.2668644,2156.96011,-527.847857,1083.581558951,35818.801441847056
