Displacement,FX,FY,FZ,MX,MY,MZ,L,EA
15.0,-0.019422,0.0,0.00020505,0.0,0.0,0.0,1298.830700339,1.6817259907989373
