Displacement,FX,FY,FZ,MX,MY,MZ,L,EA
15.0,4.0978193e-08,0.000515937805,0.00108708814,0.444423302,-4.07737593e-06,-9.49646282e-06,1146.780579073,0.08311010444617269
