Displacement,FX,FY,FZ,MX,MY,MZ,L,EA
15.0,-1.2369,0.0,0.012665,0.0,0.0,0.0,1336.1052008929998,110.17523486563678
