Displacement,FX,FY,FZ,MX,MY,MZ,L,EA
15.0,3.75509262e-06,0.00190734863,0.00726751238,2.75831324,-0.000420252491,-5.49965541e-05,1146.780579073,0.5556161370371063
