Displacement,FX,FY,FZ,MX,MY,MZ,L,EA
15.0,-31.577,0.0,0.35856,0.0,0.0,0.0,940.363900446,1979.591392292223
