Displacement,FX,FY,FZ,MX,MY,MZ,L,EA
15.0,1.19954348e-06,0.000609874725,0.00229030778,0.971161588,2.09654827e-05,-0.000101604038,1203.9175260030001,0.18382277841886824
