Displacement,FX,FY,FZ,MX,MY,MZ,L,EA
15.0,9.20295715e-05,0.0231781006,0.486536771,215.388965,0.000249038097,-0.105579261,1298.830700339,42.128593001240375
