Displacement,FX,FY,FZ,MX,MY,MZ,L,EA
15.0,-9.2841,0.0,0.10383,0.0,0.0,0.0,1083.581558951,670.671970097132
