Displacement,FX,FY,FZ,MX,MY,MZ,L,EA
15.0,5.1613461,0.0124254041,-0.0628958344,-49.3960555,2639.59353,-3840.29917,861.102334465,296.2964783794549
