Displacement,FX,FY,FZ,MX,MY,MZ,L,EA
0.0628,-0.000159575604,-0.00308949593,3.17022204e-05,0.0974940303,3.00198329,-0.682707905,1146.780579073,56.41678235109995
