Displacement,FX,FY,FZ,MX,MY,MZ,L,EA
15.0,-0.000301659107,0.539489746,0.1093961,45.3241347,-0.00205845055,0.164374183,1254.69036432,45.12617239704296
