Displacement,FX,FY,FZ,MX,MY,MZ,L,EA
15.0,-140.58,0.0,1.3564,0.0,0.0,0.0,861.102334465,8070.251078605981
