Displacement,FX,FY,FZ,MX,MY,MZ,L,EA
15.0,1.04904175e-05,0.00531005859,-0.169893265,-62.4932824,0.00112272638,0.00844583567,1014.654546183,11.492198246541543
