Displacement,FX,FY,FZ,MX,MY,MZ,L,EA
15.0,-0.023113,0.0,0.00023953,0.0,0.0,0.0,1254.69036432,1.9333105593685442
