Displacement,FX,FY,FZ,MX,MY,MZ,L,EA
15.0,1.67489052e-05,0.00205230713,-0.0205219686,-6.86424058,0.00126841123,-0.0107799379,940.363900446,1.2865412291684224
