Displacement,FX,FY,FZ,MX,MY,MZ,L,EA
0.0628,-0.15538308,-0.67677388,-0.00893878937,17.4717221,247.343162,-34.6745943,1254.69036432,13521.364109227072
