Displacement,FX,FY,FZ,MX,MY,MZ,L,EA
15.0,0.000157356262,0.0139160156,0.237111926,94.1623661,-0.000629669243,-0.160925936,1203.9175260030001,19.030880222381764
