Displacement,FX,FY,FZ,MX,MY,MZ,L,EA
15.0,-32.336,0.0,0.28652,0.0,0.0,0.0,1203.9175260030001,2595.3251413888675
