Displacement,FX,FY,FZ,MX,MY,MZ,L,EA
15.0,3.33786011e-06,0.00625610352,0.0855379403,34.1834924,0.00060988903,-0.00410767992,1203.9175260030001,6.865375031024556
