Displacement,FX,FY,FZ,MX,MY,MZ,L,EA
0.0628,0.0126829594,-0.058752127,0.00195610523,1.99939008,76.0144908,-19.4425183,1014.654546183,949.2533878737419
