Displacement,FX,FY,FZ,MX,MY,MZ,L,EA
15.0,-3.6880374e-06,0.000462174416,0.00211999379,0.683935744,-7.66315351e-05,0.000483156308,1014.654546183,0.14340408912688188
