Displacement,FX,FY,FZ,MX,MY,MZ,L,EA
15.0,2.15491746e-05,0.2137537,0.0174815468,9.94893249,0.00170447668,-0.0142918155,1254.69036432,17.879647181849865
