Displacement,FX,FY,FZ,MX,MY,MZ,L,EA
0.0628,-0.0359622873,-0.230297968,-0.00031542778,6.70175136,156.627849,-31.5506746,1203.9175260030001,4414.964329268761
