Displacement,FX,FY,FZ,MX,MY,MZ,L,EA
0.0628,-0.343566537,-1.47312436,-0.0559520721,24.4426903,-366.161803,148.129065,1336.1052008929998,31341.54648022567
