Displacement,FX,FY,FZ,MX,MY,MZ,L,EA
0.0628,14.5670929,-39.0634384,1.84356689,1341.07737,40844.041,-11066.473,940.363900446,584933.8741824214
