Displacement,FX,FY,FZ,MX,MY,MZ,L,EA
15.0,-152.67,0.0,1.1312,0.0,0.0,0.0,1203.9175260030001,12253.472579658534
