Displacement,FX,FY,FZ,MX,MY,MZ,L,EA
15.0,-3.81469727e-06,0.00263023376,0.0205971524,8.37769543,-0.000240577554,-0.00420872845,1203.9175260030001,1.6531515173409836
