Displacement,FX,FY,FZ,MX,MY,MZ,L,EA
15.0,-97.509,0.0,0.76085,0.0,0.0,0.0,1203.9175260030001,7826.186269535103
