Displacement,FX,FY,FZ,MX,MY,MZ,L,EA
0.0628,-0.754787445,-19.5848484,0.245300293,627.387222,13802.6842,-3124.41147,1146.780579073,357635.7291275305
