Displacement,FX,FY,FZ,MX,MY,MZ,L,EA
15.0,-189.96,0.0,1.2639,0.0,0.0,0.0,1254.69036432,15889.398773748482
