Displacement,FX,FY,FZ,MX,MY,MZ,L,EA
0.0628,-0.112288564,-0.725577474,-0.000820159912,21.1568566,470.818675,-94.3227758,1203.9175260030001,13909.799958942456
