Displacement,FX,FY,FZ,MX,MY,MZ,L,EA
15.0,1.90734863e-05,0.0252075195,0.849923372,357.570903,-0.000724966624,-0.0438279713,1254.69036432,71.09271101725086
