Displacement,FX,FY,FZ,MX,MY,MZ,L,EA
15.0,-8.9082,0.0,0.074556,0.0,0.0,0.0,1336.1052008929998,793.4861567063348
