Displacement,FX,FY,FZ,MX,MY,MZ,L,EA
15.0,-8.58306885e-06,0.107494354,0.109646395,42.842374,-0.000455338807,-0.00452146919,1146.780579073,8.382690423424458
