Displacement,FX,FY,FZ,MX,MY,MZ,L,EA
15.0,3.05175781e-05,0.0044670105,0.0255719423,12.1936206,0.000250277776,-0.0246809035,1336.1052008929998,2.277787006931047
