Displacement,FX,FY,FZ,MX,MY,MZ,L,EA
0.0628,0.71223259,-8.00373316,0.193328857,274.316543,7640.55301,-1902.44512,1083.581558951,138100.2811296276
