Displacement,FX,FY,FZ,MX,MY,MZ,L,EA
15.0,-0.031962,0.0,0.00029811,0.0,0.0,0.0,1146.780579073,2.4435600578887477
