Displacement,FX,FY,FZ,MX,MY,MZ,L,EA
15.0,-0.0426421165,0.496894836,0.0286509991,51.2853318,-3.71899957,-9.98173912,1366.316826766,45.26105170399547
