Displacement,FX,FY,FZ,MX,MY,MZ,L,EA
15.0,5.2690506e-05,0.0611629486,0.184024855,57.7619103,0.00272741113,-0.0378824809,940.363900446,11.536688695120638
