Displacement,FX,FY,FZ,MX,MY,MZ,L,EA
15.0,-6.55651093e-06,0.00708770752,0.107472062,45.7355244,-4.03300507e-05,0.0131365738,1254.69036432,8.98961070833344
