Displacement,FX,FY,FZ,MX,MY,MZ,L,EA
0.0628,-1.40288961,-6.25907159,-0.0769882202,163.301379,1820.979,-219.930364,1254.69036432,125050.90467455513
