Displacement,FX,FY,FZ,MX,MY,MZ,L,EA
15.0,-0.01596,0.0,0.00017467,0.0,0.0,0.0,1336.1052008929998,1.4216159337501517
