Displacement,FX,FY,FZ,MX,MY,MZ,L,EA
15.0,-24.396,0.0,0.15933,0.0,0.0,0.0,1366.316826766,2222.1776870522226
