Displacement,FX,FY,FZ,MX,MY,MZ,L,EA
15.0,-15.957,0.0,0.15178,0.0,0.0,0.0,1203.9175260030001,1280.7274641619915
