Displacement,FX,FY,FZ,MX,MY,MZ,L,EA
0.0628,0.00406385958,-0.0535958782,0.00117570162,1.78031243,61.7380419,-15.0359601,1083.581558951,924.7691919315912
