Displacement,FX,FY,FZ,MX,MY,MZ,L,EA
0.0628,-2.35541427,-10.6122169,-0.126693726,278.069518,2858.73192,-324.438474,1254.69036432,212023.03007171757
