Displacement,FX,FY,FZ,MX,MY,MZ,L,EA
15.0,1.78813934e-07,0.0013999939,0.00789771602,3.26434995,4.9039478e-05,-0.000926440689,1203.9175260030001,0.6338799154581775
