Displacement,FX,FY,FZ,MX,MY,MZ,L,EA
15.0,-3.27825546e-05,0.0384063721,0.789675161,363.6636,0.000207089664,0.0220123062,1336.1052008929998,70.33927264187447
