Displacement,FX,FY,FZ,MX,MY,MZ,L,EA
15.0,-27.107,0.0,0.22916,0.0,0.0,0.0,1254.69036432,2267.392780374816
