Displacement,FX,FY,FZ,MX,MY,MZ,L,EA
15.0,-180.99,0.0,1.4128,0.0,0.0,0.0,1146.780579073,13837.054467094818
