Displacement,FX,FY,FZ,MX,MY,MZ,L,EA
0.0628,0.0236142576,-0.0649712682,0.0028770566,2.20908697,89.7107886,-23.8370117,940.363900446,972.8763563929167
