Displacement,FX,FY,FZ,MX,MY,MZ,L,EA
15.0,-0.000118255615,0.0349731445,0.819051921,361.463193,0.000696274386,0.124332158,1298.830700339,70.92065201109556
