Displacement,FX,FY,FZ,MX,MY,MZ,L,EA
0.0628,-5.9908247,-23.9785271,-0.562469482,536.578848,-313.064837,987.422587,1298.830700339,495924.31761768623
