Displacement,FX,FY,FZ,MX,MY,MZ,L,EA
15.0,6.68689608e-07,0.000430941582,0.000270634424,0.0997245298,6.3040192e-05,-5.58103132e-05,1014.654546183,0.02915045568770627
