Displacement,FX,FY,FZ,MX,MY,MZ,L,EA
15.0,-451.02,0.0,3.4578,0.0,0.0,0.0,940.363900446,28274.86175861033
