Displacement,FX,FY,FZ,MX,MY,MZ,L,EA
15.0,-0.065164,0.0,5.2251e-05,0.0,0.0,0.0,861.102334465,3.7408581682051505
