Displacement,FX,FY,FZ,MX,MY,MZ,L,EA
0.0628,-0.375213981,-1.64577261,-0.0212974548,42.61786,559.275292,-75.1478978,1254.69036432,32881.13114058563
