Displacement,FX,FY,FZ,MX,MY,MZ,L,EA
15.0,-1.08778477e-06,0.0328097343,-0.00981289148,0.442189965,-0.000145977408,0.000294450756,1366.316826766,2.988566137054106
