Displacement,FX,FY,FZ,MX,MY,MZ,L,EA
0.0628,6.00502777,-16.2376766,0.753952026,556.335172,18175.6012,-4914.1875,940.363900446,243142.11627001187
