Displacement,FX,FY,FZ,MX,MY,MZ,L,EA
15.0,6.67572021e-06,-0.0486755371,-0.0712946057,-26.1620965,0.000224525022,-0.00341757195,1366.316826766,6.494067961703812
