Displacement,FX,FY,FZ,MX,MY,MZ,L,EA
0.0628,-0.000619113795,-0.00267982129,-3.63439322e-05,0.0689489545,1.12695263,-0.170366781,1254.69036432,53.540540615646385
