Displacement,FX,FY,FZ,MX,MY,MZ,L,EA
15.0,-97.061,0.0,0.91188,0.0,0.0,0.0,1014.654546183,6565.558993804545
