Displacement,FX,FY,FZ,MX,MY,MZ,L,EA
15.0,1.15856528e-06,0.00134697556,0.00105096039,0.367143547,4.16879131e-05,-0.00108913551,1146.780579073,0.10297902751293188
