Displacement,FX,FY,FZ,MX,MY,MZ,L,EA
0.0628,-3.88763618,-27.4107151,0.026550293,814.087158,12832.3248,-2454.87553,1203.9175260030001,525481.5335854312
