Displacement,FX,FY,FZ,MX,MY,MZ,L,EA
0.0628,-2.61517143,-18.1169777,0.0103149414,536.125633,8915.73781,-1719.68355,1203.9175260030001,347314.4422171262
