Displacement,FX,FY,FZ,MX,MY,MZ,L,EA
15.0,-227.64,0.0,1.6198,0.0,0.0,0.0,1203.9175260030001,18270.652374621528
