Displacement,FX,FY,FZ,MX,MY,MZ,L,EA
15.0,1.00135803e-05,0.00312805176,-0.108987689,-33.1702232,0.000843268072,-0.00901143058,861.102334465,6.25663689505636
