Displacement,FX,FY,FZ,MX,MY,MZ,L,EA
0.0628,-0.000450497195,-0.00286661158,-4.48897481e-06,0.0833255516,2.0616089,-0.418375539,1203.9175260030001,54.95483951282089
