Displacement,FX,FY,FZ,MX,MY,MZ,L,EA
0.0628,-3.17108917,-21.6402035,-1.06726074,257.550394,-9662.4233,3020.86729,1366.316826766,470818.0601383836
