Displacement,FX,FY,FZ,MX,MY,MZ,L,EA
15.0,38.3472174,-0.541189616,-0.448608477,-321.019966,17263.0356,-28669.5038,861.102334465,2201.3918948917913
