Displacement,FX,FY,FZ,MX,MY,MZ,L,EA
15.0,0.0114852041,0.0273609161,0.197997749,77.0451273,0.783000665,-9.87757541,940.363900446,12.412662368611207
