Displacement,FX,FY,FZ,MX,MY,MZ,L,EA
15.0,0.000138759613,0.382949829,0.496767342,197.835076,0.00330901197,-0.107613896,1203.9175260030001,39.87112729198175
