Displacement,FX,FY,FZ,MX,MY,MZ,L,EA
15.0,5.17070293e-06,0.00134849548,-0.00982952118,-3.01215859,-0.000326706555,-0.00227951641,861.102334465,0.5642815756514108
