Displacement,FX,FY,FZ,MX,MY,MZ,L,EA
0.0628,2.89625549,-32.2551613,0.795593262,1087.00505,27236.8916,-6706.49788,1083.581558951,556546.1459501587
