Displacement,FX,FY,FZ,MX,MY,MZ,L,EA
0.0628,0.000791729894,-0.00366786821,0.000122323632,0.124921972,4.83381963,-1.23537271,1014.654546183,59.26145149803508
