Displacement,FX,FY,FZ,MX,MY,MZ,L,EA
0.0628,0.203804731,-0.935911894,0.0316400528,31.9235528,1141.21952,-293.224121,1014.654546183,15121.45315404207
