Displacement,FX,FY,FZ,MX,MY,MZ,L,EA
0.0628,1.86610413,-21.3175926,0.51739502,716.96115,18695.1436,-4601.71171,1083.581558951,367824.0481304189
