Displacement,FX,FY,FZ,MX,MY,MZ,L,EA
15.0,1.32918358e-05,0.0191435814,0.0329567511,10.6093268,-0.000199783304,-0.00709369459,940.363900446,2.0660892673616003
