Displacement,FX,FY,FZ,MX,MY,MZ,L,EA
0.0628,0.066642642,-0.853384793,0.0191354752,28.425251,923.165678,-225.49384,1083.581558951,14724.713764076696
