Displacement,FX,FY,FZ,MX,MY,MZ,L,EA
15.0,-9.11847908e-17,0.0485839844,1.2128253,508.759363,-0.0009157135,0.000283456058,1254.69036432,101.4480145009009
