Displacement,FX,FY,FZ,MX,MY,MZ,L,EA
0.0628,0.595796585,-1.15717429,0.0640106201,38.3841161,1542.66603,-425.464344,861.102334465,15866.966281877052
