Displacement,FX,FY,FZ,MX,MY,MZ,L,EA
0.0628,-0.000325812493,-0.00232218012,-0.00011844188,0.0247937911,-1.39123097,0.416979847,1366.316826766,50.52283077607468
