Displacement,FX,FY,FZ,MX,MY,MZ,L,EA
15.0,-3.81469727e-06,0.000968933105,0.0563778877,26.2641952,0.000700631474,0.00131611511,1336.1052008929998,5.021785931422099
