Displacement,FX,FY,FZ,MX,MY,MZ,L,EA
15.0,-7.62939453e-05,0.102661133,2.63965774,1159.53846,-0.0048729821,0.0384625458,1298.830700339,228.56456740663083
