Displacement,FX,FY,FZ,MX,MY,MZ,L,EA
0.0628,1.92611885,-8.66171551,0.302688599,296.933371,9383.12579,-2431.19341,1014.654546183,139946.6404453074
