Displacement,FX,FY,FZ,MX,MY,MZ,L,EA
15.0,-3.20672989e-05,0.281152725,-0.101863548,-38.789968,-0.000254997664,0.0100241116,1298.830700339,24.34465271426455
