Displacement,FX,FY,FZ,MX,MY,MZ,L,EA
15.0,-13.646,0.0,0.098677,0.0,0.0,0.0,1366.316826766,1242.9839612032558
