Displacement,FX,FY,FZ,MX,MY,MZ,L,EA
15.0,-40.341,0.0,0.24053,0.0,0.0,0.0,1366.316826766,3674.572473904481
