Displacement,FX,FY,FZ,MX,MY,MZ,L,EA
0.0628,-0.00251844153,-0.0492675416,0.000507712364,1.55492907,47.0491799,-10.6931722,1146.780579073,899.6665586871197
