Displacement,FX,FY,FZ,MX,MY,MZ,L,EA
15.0,5.0663948e-07,0.000385761261,7.06491992e-05,0.0242836599,7.22743289e-05,-0.000482796745,940.363900446,0.02418373093566183
