Displacement,FX,FY,FZ,MX,MY,MZ,L,EA
15.0,-4.2405,0.0,0.055234,0.0,0.0,0.0,940.363900446,265.8408746560842
