Displacement,FX,FY,FZ,MX,MY,MZ,L,EA
15.0,-7.8733,0.0,0.084439,0.0,0.0,0.0,1146.780579073,601.9298355476967
