Displacement,FX,FY,FZ,MX,MY,MZ,L,EA
15.0,-1.5178,0.0,0.016021,0.0,0.0,0.0,1298.830700339,131.42434913163564
