Displacement,FX,FY,FZ,MX,MY,MZ,L,EA
15.0,-1.83582306e-05,0.00322723389,-0.0351042151,-9.01249455,-0.000373961137,0.0112700183,1366.316826766,3.1975653187695405
