Displacement,FX,FY,FZ,MX,MY,MZ,L,EA
15.0,0.000228881836,0.283508301,8.5212481,3993.48216,0.000194975595,-0.266969251,1366.316826766,776.1816442718538
