Displacement,FX,FY,FZ,MX,MY,MZ,L,EA
15.0,16.0382598,-0.0105983429,-0.173934206,-132.671615,7738.75291,-11945.9958,861.102334465,920.7055303024109
