Displacement,FX,FY,FZ,MX,MY,MZ,L,EA
15.0,-2.86102295e-06,0.0090637207,0.0629971027,21.5060529,0.00173390305,-0.0147517982,1146.780579073,4.816256927615149
