Displacement,FX,FY,FZ,MX,MY,MZ,L,EA
15.0,4.270114e-07,0.00211268663,0.00113498565,0.41124714,-1.07243308e-05,-0.000167949612,1203.9175260030001,0.16956669738728103
