Displacement,FX,FY,FZ,MX,MY,MZ,L,EA
15.0,4.76837158e-06,0.00301361084,-0.0299164653,-11.0314291,-0.000770448141,-0.000678533418,1014.654546183,2.023658501491398
