Displacement,FX,FY,FZ,MX,MY,MZ,L,EA
15.0,-40.214,0.0,0.29795,0.0,0.0,0.0,1298.830700339,3482.0785188955033
