Displacement,FX,FY,FZ,MX,MY,MZ,L,EA
15.0,-48.957,0.0,0.38497,0.0,0.0,0.0,1254.69036432,4095.058411067616
