Displacement,FX,FY,FZ,MX,MY,MZ,L,EA
0.0628,-0.0266337395,-0.185590414,-0.00954270363,1.94493341,-102.071594,31.3294527,1366.316826766,4037.8233365393035
