Displacement,FX,FY,FZ,MX,MY,MZ,L,EA
15.0,-6.6776,0.0,0.068718,0.0,0.0,0.0,1203.9175260030001,535.9519781091756
