Displacement,FX,FY,FZ,MX,MY,MZ,L,EA
15.0,-32.041,0.0,0.2224,0.0,0.0,0.0,1336.1052008929998,2854.009782787507
