Displacement,FX,FY,FZ,MX,MY,MZ,L,EA
0.0628,-0.785398483,-5.36058462,-0.27154541,59.3218281,-2486.39395,789.180784,1366.316826766,116628.2956625641
