Displacement,FX,FY,FZ,MX,MY,MZ,L,EA
15.0,-0.0120472908,0.00836181641,-0.14994967,-49.7010624,1.30271752,1.24906382,861.102334465,8.60813405928376
