Displacement,FX,FY,FZ,MX,MY,MZ,L,EA
15.0,3.52859497e-05,0.173934937,1.27829689,398.448908,0.000478007045,-0.022404595,940.363900446,80.1376166272261
