Displacement,FX,FY,FZ,MX,MY,MZ,L,EA
15.0,-81.477,0.0,0.59967,0.0,0.0,0.0,1254.69036432,6815.227120913377
