Displacement,FX,FY,FZ,MX,MY,MZ,L,EA
15.0,-5.10215759e-05,0.189331055,0.632537842,227.80147,-0.00117995407,0.0103987864,1083.581558951,45.693756061990754
