Displacement,FX,FY,FZ,MX,MY,MZ,L,EA
0.0628,0.498867989,-2.27665186,0.0777854919,77.7902361,2673.36885,-688.861357,1014.654546183,36783.680888932846
