Displacement,FX,FY,FZ,MX,MY,MZ,L,EA
15.0,0.000139713287,0.00381469727,-0.104065061,-38.1130542,-0.00388540581,-0.126908105,1014.654546183,7.039339149497414
