Displacement,FX,FY,FZ,MX,MY,MZ,L,EA
15.0,-1.59740448e-05,0.0837745667,0.326893538,102.359727,0.00109930773,-0.000736508111,940.363900446,20.493258828284848
