Displacement,FX,FY,FZ,MX,MY,MZ,L,EA
15.0,-13.191,0.0,0.13743,0.0,0.0,0.0,940.363900446,826.9560140522124
