Displacement,FX,FY,FZ,MX,MY,MZ,L,EA
15.0,-136.55,0.0,1.1682,0.0,0.0,0.0,1083.581558951,9864.204124983937
