Displacement,FX,FY,FZ,MX,MY,MZ,L,EA
15.0,-4.672,0.0,0.044531,0.0,0.0,0.0,1298.830700339,404.54246879892054
