Displacement,FX,FY,FZ,MX,MY,MZ,L,EA
15.0,-1.95503235e-05,0.240432739,0.50204277,191.362189,-0.000959728554,0.0188386666,1146.780579073,38.38219323333419
