Displacement,FX,FY,FZ,MX,MY,MZ,L,EA
15.0,-0.25157,0.0,0.0031729,0.0,0.0,0.0,1336.1052008929998,22.408265692576798
