Displacement,FX,FY,FZ,MX,MY,MZ,L,EA
0.0628,-1.00050974,-6.71394682,-0.00112915039,197.453872,3684.92346,-722.439481,1203.9175260030001,128710.8000836005
