Displacement,FX,FY,FZ,MX,MY,MZ,L,EA
0.0628,-1.06985855,-29.6343651,0.382873535,951.841801,20022.0551,-4525.21335,1146.780579073,541148.3179910622
