Displacement,FX,FY,FZ,MX,MY,MZ,L,EA
15.0,-18.847,0.0,0.18693,0.0,0.0,0.0,1146.780579073,1440.891571585922
