Displacement,FX,FY,FZ,MX,MY,MZ,L,EA
0.0628,-0.0450701118,-0.192586448,-0.007386446,3.16117171,-49.3331475,19.8251263,1336.1052008929998,4097.384630482632
