Displacement,FX,FY,FZ,MX,MY,MZ,L,EA
0.0628,-0.000658116769,-0.00252689392,-6.5036118e-05,0.0544763705,0.220646391,0.0543844298,1298.830700339,52.261264327961165
