Displacement,FX,FY,FZ,MX,MY,MZ,L,EA
15.0,-155.43,0.0,0.95397,0.0,0.0,0.0,1298.830700339,13458.483716912719
