Displacement,FX,FY,FZ,MX,MY,MZ,L,EA
15.0,2.32458115e-06,0.000412344933,0.00219291938,0.66016123,0.000129508627,-0.00172720774,940.363900446,0.13747614810269493
