Displacement,FX,FY,FZ,MX,MY,MZ,L,EA
15.0,2.02655792e-06,0.00286865234,0.0144593567,5.35100342,-0.000152176269,-0.00620842321,1146.780579073,1.1054472966299373
