Displacement,FX,FY,FZ,MX,MY,MZ,L,EA
15.0,-1.41561031e-07,0.00102567673,0.000754751265,0.274706324,-4.77836289e-05,-0.000560277193,1083.581558951,0.07409362600487761
