Displacement,FX,FY,FZ,MX,MY,MZ,L,EA
15.0,-81.864,0.0,0.74208,0.0,0.0,0.0,1083.581558951,5913.754716130978
