Displacement,FX,FY,FZ,MX,MY,MZ,L,EA
15.0,0.00022983551,0.00915527344,-0.462119102,-140.910741,-0.00128331996,-0.23182431,861.102334465,26.5287891688713
