Displacement,FX,FY,FZ,MX,MY,MZ,L,EA
15.0,3.05175781e-05,0.00927734375,0.119624376,39.743694,0.00124486263,-0.00577238784,1146.780579073,9.145527412035085
