Displacement,FX,FY,FZ,MX,MY,MZ,L,EA
15.0,-104.36,0.0,0.67362,0.0,0.0,0.0,1298.830700339,9036.398125825204
