Displacement,FX,FY,FZ,MX,MY,MZ,L,EA
15.0,-82.842,0.0,0.49224,0.0,0.0,0.0,1336.1052008929998,7379.041803491859
