Displacement,FX,FY,FZ,MX,MY,MZ,L,EA
0.0628,5.28373718,-23.3699722,0.835449219,803.826823,23437.8024,-6095.84726,1014.654546183,377586.7601417249
