Displacement,FX,FY,FZ,MX,MY,MZ,L,EA
15.0,4.28594649e-06,0.0376400948,0.0332832113,12.5231385,-1.87559139e-05,-0.00262046634,1083.581558951,2.7190741734964954
