Displacement,FX,FY,FZ,MX,MY,MZ,L,EA
15.0,3.55243683e-05,0.256046295,0.205929175,83.3299288,-0.00161315342,-0.0451268318,1203.9175260030001,20.550574801242288
