Displacement,FX,FY,FZ,MX,MY,MZ,L,EA
15.0,-1.04546189e-06,0.0038263537,0.00129077752,0.483735951,-5.67468304e-06,0.00101759887,1254.69036432,0.3200592745246787
