Displacement,FX,FY,FZ,MX,MY,MZ,L,EA
15.0,1.0333221,0.0163481721,-0.011019282,-10.338283,549.921454,-766.041544,861.102334465,59.31973817095174
