Displacement,FX,FY,FZ,MX,MY,MZ,L,EA
15.0,-4.69386578e-06,0.000791072845,-0.00240527466,-0.740715871,4.68645242e-05,0.00280622535,861.102334465,0.13807917498370062
