Displacement,FX,FY,FZ,MX,MY,MZ,L,EA
15.0,-53.097,0.0,0.33897,0.0,0.0,0.0,1336.1052008929998,4729.545190121042
