Displacement,FX,FY,FZ,MX,MY,MZ,L,EA
15.0,1.69053674e-05,0.100101829,-0.0206796862,-6.59029195,0.000199474682,-0.011291412,1298.830700339,8.667688577685656
