Displacement,FX,FY,FZ,MX,MY,MZ,L,EA
0.0628,-0.0496064276,-0.214850944,-0.00288701057,5.53082423,83.7129303,-12.1442085,1254.69036432,4292.538363086878
