Displacement,FX,FY,FZ,MX,MY,MZ,L,EA
0.0628,-0.0528398305,-0.202295654,-0.00520563126,4.35339701,14.0244251,5.19168155,1298.830700339,4183.882260515224
