Displacement,FX,FY,FZ,MX,MY,MZ,L,EA
15.0,-2.9855,0.0,0.034954,0.0,0.0,0.0,1083.581558951,215.6688496165474
