Displacement,FX,FY,FZ,MX,MY,MZ,L,EA
15.0,-123.28,0.0,0.69194,0.0,0.0,0.0,1336.1052008929998,10981.003277739268
