Displacement,FX,FY,FZ,MX,MY,MZ,L,EA
15.0,2.1904707e-06,0.000361442566,0.00235559419,0.651955057,-2.59117357e-05,-0.000997752002,861.102334465,0.13522717707074605
