Displacement,FX,FY,FZ,MX,MY,MZ,L,EA
15.0,-1.88350677e-05,0.0760192871,0.371107101,105.855743,-0.0011742591,0.00137889262,861.102334465,21.304079400509234
