Displacement,FX,FY,FZ,MX,MY,MZ,L,EA
15.0,7.39097595e-06,0.00527954102,0.0257542133,9.23545058,-1.23840649e-05,-0.00636523606,1146.780579073,1.9689621094495704
