Displacement,FX,FY,FZ,MX,MY,MZ,L,EA
0.0628,-0.706275225,-3.03757381,-0.114524841,50.8133341,-747.49999,302.233967,1336.1052008929998,64626.08544008544
