Displacement,FX,FY,FZ,MX,MY,MZ,L,EA
15.0,-13.409,0.0,0.12231,0.0,0.0,0.0,1254.69036432,1121.609539677792
