Displacement,FX,FY,FZ,MX,MY,MZ,L,EA
0.0628,-0.00716874585,-0.0456198826,-7.07507133e-05,1.32531648,32.1793217,-6.50916579,1203.9175260030001,874.5633152283331
