Displacement,FX,FY,FZ,MX,MY,MZ,L,EA
15.0,2.73343176e-07,0.00830117613,0.00158964004,0.640795483,-1.80804694e-05,-0.000767933371,1298.830700339,0.7187881604376861
