Displacement,FX,FY,FZ,MX,MY,MZ,L,EA
15.0,7.5340271e-05,0.000183105469,-0.112377882,-47.5675651,0.00244769797,-0.0609062067,1083.581558951,8.118040037944768
