Displacement,FX,FY,FZ,MX,MY,MZ,L,EA
0.0628,14.9555664,-28.8251848,1.65252686,961.219873,31990.9524,-8933.47463,861.102334465,395245.76309976174
