Displacement,FX,FY,FZ,MX,MY,MZ,L,EA
15.0,-11.004,0.0,0.13404,0.0,0.0,0.0,1014.654546183,744.3505750798488
