Displacement,FX,FY,FZ,MX,MY,MZ,L,EA
15.0,-1.8195,0.0,0.019901,0.0,0.0,0.0,1254.69036432,152.193941192016
