Displacement,FX,FY,FZ,MX,MY,MZ,L,EA
15.0,-0.50722,0.0,0.0029938,0.0,0.0,0.0,1146.780579073,38.778003021160465
