Displacement,FX,FY,FZ,MX,MY,MZ,L,EA
15.0,3.21865082e-06,0.00407409668,0.0448843539,18.0319054,0.000193078869,-0.00912091829,1203.9175260030001,3.602470686902074
