Displacement,FX,FY,FZ,MX,MY,MZ,L,EA
0.0628,-1.67091179,-11.3858576,0.0022277832,335.903746,5909.63149,-1149.23169,1203.9175260030001,218274.4190002302
