Displacement,FX,FY,FZ,MX,MY,MZ,L,EA
15.0,5.10532991e-05,0.19553566,0.125168853,51.7397785,0.00191265286,-0.045371664,1203.9175260030001,15.693920535504253
