Displacement,FX,FY,FZ,MX,MY,MZ,L,EA
15.0,5.8889389e-05,0.188240051,0.319154441,122.50615,0.000811914592,-0.0394583251,1146.780579073,24.40000764424664
