Displacement,FX,FY,FZ,MX,MY,MZ,L,EA
15.0,77.7396574,-0.583376955,-0.821461671,-606.80791,32026.3786,-58055.2841,861.102334465,4462.786697843288
