Displacement,FX,FY,FZ,MX,MY,MZ,L,EA
15.0,-2.71201134e-06,0.0037984848,0.0512807965,23.0913979,-9.0562746e-05,0.002056619,1298.830700339,4.440338188802449
