Displacement,FX,FY,FZ,MX,MY,MZ,L,EA
15.0,3.5315752e-06,-9.77516174e-05,0.00102446647,0.440665524,6.58303253e-05,-0.00288828215,1298.830700339,0.08870723351359487
