Displacement,FX,FY,FZ,MX,MY,MZ,L,EA
15.0,-0.044543,0.0,0.00028194,0.0,0.0,0.0,1014.654546183,3.0130504967086242
