Displacement,FX,FY,FZ,MX,MY,MZ,L,EA
15.0,5.63583536e-16,0.00249481201,0.0786032677,36.5589231,0.00113733375,-0.00532877981,1336.1052008929998,7.00148231874365
