Displacement,FX,FY,FZ,MX,MY,MZ,L,EA
15.0,-3.5378,0.0,0.047228,0.0,0.0,0.0,1014.654546183,239.30965689908115
