Displacement,FX,FY,FZ,MX,MY,MZ,L,EA
15.0,193.372415,-0.981028814,-1.73055162,-1414.12158,74187.6452,-157368.377,940.363900446,12122.69589387084
