Displacement,FX,FY,FZ,MX,MY,MZ,L,EA
15.0,-45.172,0.0,0.43617,0.0,0.0,0.0,1083.581558951,3263.169745395638
