Displacement,FX,FY,FZ,MX,MY,MZ,L,EA
15.0,-1.56462193e-07,0.000469326973,0.000544692855,0.21359383,2.52585146e-05,0.000504922315,1083.581558951,0.03934794219802473
