Displacement,FX,FY,FZ,MX,MY,MZ,L,EA
15.0,-5.7220459e-06,0.0181884766,-0.0930791497,-29.2610485,-0.00119563226,0.0142976842,1366.316826766,8.478373897078766
