Displacement,FX,FY,FZ,MX,MY,MZ,L,EA
15.0,0.0217294544,0.0174369812,0.0888958275,32.949888,-5.93003158,-24.2025499,1083.581558951,6.421725289779278
