Displacement,FX,FY,FZ,MX,MY,MZ,L,EA
15.0,1.76429749e-05,0.00148773193,-0.00740002096,-2.47805292,0.000476413707,-0.00932103668,940.363900446,0.46391417155518355
