Displacement,FX,FY,FZ,MX,MY,MZ,L,EA
15.0,-7.05718994e-05,0.00433349609,-0.244476318,-81.6464559,-0.00142575523,0.0346061865,940.363900446,15.326446930743776
