Displacement,FX,FY,FZ,MX,MY,MZ,L,EA
15.0,-1.87754631e-05,0.00402641296,0.0493477061,21.1066435,-0.000179014406,0.0115648536,1254.69036432,4.127739422997686
