Displacement,FX,FY,FZ,MX,MY,MZ,L,EA
15.0,-1.890352e-06,0.000640749931,0.00214408245,0.730279636,7.93252976e-05,-0.000929106679,1083.581558951,0.15488588024603198
