Displacement,FX,FY,FZ,MX,MY,MZ,L,EA
0.0628,0.421494722,-1.0681532,0.0670814514,48.3595163,1404.35399,-391.205882,940.363900446,15994.469895316504
