Displacement,FX,FY,FZ,MX,MY,MZ,L,EA
15.0,-7.74860382e-06,0.0136995316,0.0152114965,7.94659396,0.000297477604,0.00812694546,1336.1052008929998,1.354943972467711
