Displacement,FX,FY,FZ,MX,MY,MZ,L,EA
0.0628,-0.00523613393,-0.0368228739,-0.00189179182,0.385436152,-21.334096,6.46083194,1366.316826766,801.141914322493
