Displacement,FX,FY,FZ,MX,MY,MZ,L,EA
15.0,-2.9338,0.0,0.026365,0.0,0.0,0.0,1366.316826766,267.2333537577394
