Displacement,FX,FY,FZ,MX,MY,MZ,L,EA
15.0,-0.000160694122,0.161209106,0.743247151,250.464061,-0.00842757952,0.0985183717,1014.654546183,50.27594004664751
