Displacement,FX,FY,FZ,MX,MY,MZ,L,EA
15.0,0.000239372253,-0.000183105469,0.0712970495,30.1719916,0.00189669472,-0.125326608,1298.830700339,6.17351978227929
