Displacement,FX,FY,FZ,MX,MY,MZ,L,EA
15.0,-0.30629,0.0,0.0044542,0.0,0.0,0.0,1298.830700339,26.521257013788823
