Displacement,FX,FY,FZ,MX,MY,MZ,L,EA
15.0,-0.43156,0.0,0.0046097,0.0,0.0,0.0,1203.9175260030001,34.637509834790315
