Displacement,FX,FY,FZ,MX,MY,MZ,L,EA
15.0,4.47034836e-06,0.00163078308,-0.00431563705,-1.59151269,5.68943693e-05,-0.00741339621,1014.654546183,0.29192538349721936
