Displacement,FX,FY,FZ,MX,MY,MZ,L,EA
15.0,-58.512,0.0,0.48504,0.0,0.0,0.0,1203.9175260030001,4696.241485432503
