Displacement,FX,FY,FZ,MX,MY,MZ,L,EA
15.0,-2.1528,0.0,0.024611,0.0,0.0,0.0,1203.9175260030001,172.78624333195057
