Displacement,FX,FY,FZ,MX,MY,MZ,L,EA
0.0628,3.29292679,-14.688261,0.519256592,504.426988,15294.4554,-3971.60209,1014.654546183,237317.05094223662
