Displacement,FX,FY,FZ,MX,MY,MZ,L,EA
15.0,-0.012847,0.0,0.00014467,0.0,0.0,0.0,1366.316826766,1.1702048182308535
