Displacement,FX,FY,FZ,MX,MY,MZ,L,EA
15.0,-116.05,0.0,1.1177,0.0,0.0,0.0,940.363900446,7275.2820431172195
