Displacement,FX,FY,FZ,MX,MY,MZ,L,EA
15.0,6.77108765e-05,0.0190429688,0.354496837,139.912395,0.00520827997,-0.0257644682,1203.9175260030001,28.452330331795256
