Displacement,FX,FY,FZ,MX,MY,MZ,L,EA
15.0,-1.90734863e-06,0.332336426,10.061882,4704.99808,-0.00110665715,0.0111579737,1366.316826766,916.5145790355957
