Displacement,FX,FY,FZ,MX,MY,MZ,L,EA
15.0,-0.70772,0.0,0.011993,0.0,0.0,0.0,1014.654546183,47.87275436164218
