Displacement,FX,FY,FZ,MX,MY,MZ,L,EA
0.0628,-0.50296402,-12.3072891,0.149459839,393.305389,9074.23322,-2056.61056,1146.780579073,224741.40319931245
