Displacement,FX,FY,FZ,MX,MY,MZ,L,EA
0.0628,0.0373665094,-0.0726184659,0.00397467613,2.40433608,102.717747,-28.1598427,861.102334465,995.7313775757484
