Displacement,FX,FY,FZ,MX,MY,MZ,L,EA
15.0,1.36494637e-05,0.181732178,-0.0501489416,-17.9143177,-0.000329836124,-0.0149171218,1298.830700339,15.735955468391454
