Displacement,FX,FY,FZ,MX,MY,MZ,L,EA
15.0,9.53674316e-07,0.0048828125,-0.374074459,-124.888147,-0.000752529178,-0.00489970791,940.363900446,23.451074488164487
