Displacement,FX,FY,FZ,MX,MY,MZ,L,EA
15.0,0.000150680542,0.141616821,0.851166368,265.624853,0.00189651556,-0.0188900184,940.363900446,53.36040838272903
