Displacement,FX,FY,FZ,MX,MY,MZ,L,EA
15.0,-318.95,0.0,2.476,0.0,0.0,0.0,1083.581558951,23040.555881828095
