Displacement,FX,FY,FZ,MX,MY,MZ,L,EA
0.0628,1.45064831,-2.81413949,0.156806946,93.4639685,3616.76479,-1001.03796,861.102334465,38586.97586543224
