Displacement,FX,FY,FZ,MX,MY,MZ,L,EA
15.0,-0.97166,0.0,0.0097669,0.0,0.0,0.0,1366.316826766,88.50636052636345
