Displacement,FX,FY,FZ,MX,MY,MZ,L,EA
0.0628,3.52808762,-9.57753181,0.440795898,327.708712,11131.8592,-3002.7169,940.363900446,143413.45811301336
