Displacement,FX,FY,FZ,MX,MY,MZ,L,EA
15.0,-377.81,0.0,2.9667,0.0,0.0,0.0,1014.654546183,25556.44227289328
