Displacement,FX,FY,FZ,MX,MY,MZ,L,EA
0.0628,-0.0844241381,-0.583722366,-0.0299739838,6.16612853,-304.128499,94.5927509,1366.316826766,12699.835841169774
