Displacement,FX,FY,FZ,MX,MY,MZ,L,EA
15.0,-0.000232696533,0.0220947266,0.507102728,200.12122,0.00015924419,0.13715653,1203.9175260030001,40.70065744820882
