Displacement,FX,FY,FZ,MX,MY,MZ,L,EA
15.0,-5.62518835e-07,0.0019671917,-0.00182435662,0.117941308,-4.70437939e-08,0.00105917599,1366.316826766,0.1791871414122942
