Displacement,FX,FY,FZ,MX,MY,MZ,L,EA
15.0,-6.19888306e-05,0.232345581,0.951699257,342.047973,-0.000502404378,-0.0135900662,1083.581558951,68.74958430350458
