Displacement,FX,FY,FZ,MX,MY,MZ,L,EA
15.0,0.000246047974,0.000854492187,-0.0901833773,-29.8971513,0.00305835367,-0.127529121,1366.316826766,8.214604393305128
