Displacement,FX,FY,FZ,MX,MY,MZ,L,EA
15.0,-0.000122070313,0.286697388,0.756762028,288.174215,-0.000663063598,0.103763999,1146.780579073,57.85599977935318
