Displacement,FX,FY,FZ,MX,MY,MZ,L,EA
0.0628,-0.000559513457,-0.00240751758,-9.20034945e-05,0.0397462817,-0.629546099,0.250447839,1336.1052008929998,51.221285985339634
