Displacement,FX,FY,FZ,MX,MY,MZ,L,EA
15.0,-0.027227,0.0,0.00027252,0.0,0.0,0.0,1203.9175260030001,2.185270832032246
