Displacement,FX,FY,FZ,MX,MY,MZ,L,EA
15.0,-5.60283661e-06,0.00622844696,0.0141597539,6.79435406,-0.000377154781,0.00463752929,1336.1052008929998,1.2612613886103292
