Displacement,FX,FY,FZ,MX,MY,MZ,L,EA
0.0628,-0.42632246,-2.91725162,-0.148666382,31.6929604,-1393.16118,441.013299,1366.316826766,63469.585610133334
