Displacement,FX,FY,FZ,MX,MY,MZ,L,EA
15.0,-3.81469727e-06,0.00360107422,-0.264427662,-96.9671528,-1.92367188e-05,0.00600858906,1014.654546183,17.886848625656114
