Displacement,FX,FY,FZ,MX,MY,MZ,L,EA
15.0,-64.096,0.0,0.66424,0.0,0.0,0.0,940.363900446,4018.2376375324548
