Displacement,FX,FY,FZ,MX,MY,MZ,L,EA
15.0,-93.547,0.0,0.48605,0.0,0.0,0.0,1366.316826766,8520.989346231934
