Displacement,FX,FY,FZ,MX,MY,MZ,L,EA
15.0,3.06963921e-06,0.00184059143,7.1272254e-05,-0.0601282521,0.000140715029,-0.00944225865,1083.581558951,0.13296206207408337
