Displacement,FX,FY,FZ,MX,MY,MZ,L,EA
0.0628,9.38964081,-18.1291542,1.03251648,604.027661,20814.3871,-5807.54608,861.102334465,248583.71024675094
