Displacement,FX,FY,FZ,MX,MY,MZ,L,EA
15.0,0.00245052576,-0.0284581184,0.29469309,122.256999,-1.79527819,-0.815038386,1366.316826766,26.84294183991115
