Displacement,FX,FY,FZ,MX,MY,MZ,L,EA
15.0,-62.878,0.0,0.34714,0.0,0.0,0.0,1366.316826766,5727.41796222617
