Displacement,FX,FY,FZ,MX,MY,MZ,L,EA
0.0628,-1.3290329,-9.06016469,-0.455459595,102.517819,-4118.54342,1305.43413,1366.316826766,197118.7176627096
