Displacement,FX,FY,FZ,MX,MY,MZ,L,EA
15.0,1.23679638e-06,0.00116443634,0.00315482169,1.23345519,6.80632007e-05,6.34294189e-05,1146.780579073,0.2411925496353507
