Displacement,FX,FY,FZ,MX,MY,MZ,L,EA
15.0,-3.7792,0.0,0.034831,0.0,0.0,0.0,1336.1052008929998,336.62725168098837
