Displacement,FX,FY,FZ,MX,MY,MZ,L,EA
0.0628,22.6484528,-43.5750713,2.51275635,1453.68741,46890.896,-13089.2498,861.102334465,597493.5608424972
