Displacement,FX,FY,FZ,MX,MY,MZ,L,EA
15.0,-0.000121593475,0.317810059,0.326104969,130.536037,-0.000771765247,0.0874736334,1203.9175260030001,26.173565833051004
