Displacement,FX,FY,FZ,MX,MY,MZ,L,EA
15.0,-0.2002,0.0,0.002356,0.0,0.0,0.0,1366.316826766,18.235775247903543
