Displacement,FX,FY,FZ,MX,MY,MZ,L,EA
0.0628,-0.0896654129,-1.90710831,0.0210952759,60.4948534,1623.44422,-368.718528,1146.780579073,34825.39446013902
