Displacement,FX,FY,FZ,MX,MY,MZ,L,EA
0.0628,0.119520664,-0.328466013,0.0146136284,11.1745244,441.935631,-117.707868,940.363900446,4918.432820838002
