Displacement,FX,FY,FZ,MX,MY,MZ,L,EA
15.0,-2.21654772e-07,0.00063547492,0.00105823274,0.31008448,-7.07700617e-06,-0.00033463294,940.363900446,0.06634159113107052
