Displacement,FX,FY,FZ,MX,MY,MZ,L,EA
0.0628,-2.10677338,-14.3621957,-0.715560913,166.526062,-6448.96087,2033.57613,1366.316826766,312473.0836658645
