Displacement,FX,FY,FZ,MX,MY,MZ,L,EA
15.0,-2.50339508e-06,0.15196228,0.403114974,145.621575,-0.00175313738,0.0393265476,1083.581558951,29.120530130894124
