Displacement,FX,FY,FZ,MX,MY,MZ,L,EA
15.0,2.45228876e-07,0.000966131687,0.00101400749,0.338055788,-6.07551685e-07,0.000231592615,1083.581558951,0.07325065445347938
