Displacement,FX,FY,FZ,MX,MY,MZ,L,EA
15.0,-53.568,0.0,0.53767,0.0,0.0,0.0,1014.654546183,3623.5343153287295
