Displacement,FX,FY,FZ,MX,MY,MZ,L,EA
15.0,2.14576721e-06,0.00486755371,-0.0196356177,-8.68675694,-0.000936210161,-0.00036699971,1083.581558951,1.4184528825554565
