Displacement,FX,FY,FZ,MX,MY,MZ,L,EA
15.0,-5.5283308e-06,0.00198364258,0.0188972708,8.16919039,-0.000181297075,0.00587776572,1254.69036432,1.5806815723137135
