Displacement,FX,FY,FZ,MX,MY,MZ,L,EA
15.0,-8.46385956e-06,0.0913734436,-0.021232307,0.265073705,3.500225e-05,0.00282673607,1366.316826766,8.323004900682273
