Displacement,FX,FY,FZ,MX,MY,MZ,L,EA
15.0,-6.67572021e-05,0.125808716,0.47345531,160.076693,0.000132613415,0.0290051985,1014.654546183,32.02623884706544
