Displacement,FX,FY,FZ,MX,MY,MZ,L,EA
15.0,8.53538513e-05,0.110603333,0.541971534,169.321309,0.00487725645,0.00625196015,940.363900446,33.97669770952946
