Displacement,FX,FY,FZ,MX,MY,MZ,L,EA
15.0,-11.084,0.0,0.096873,0.0,0.0,0.0,1298.830700339,959.749298837165
