Displacement,FX,FY,FZ,MX,MY,MZ,L,EA
15.0,3.24249268e-05,0.453857422,11.3202109,5284.57108,0.00302878905,-0.0290442288,1366.316826766,1031.132975680659
