Displacement,FX,FY,FZ,MX,MY,MZ,L,EA
15.0,-0.01411964,0.0994224548,0.0150797032,6.74309595,-1.21233845,0.360149817,1254.69036432,8.316293068973383
