Displacement,FX,FY,FZ,MX,MY,MZ,L,EA
15.0,-253.43,0.0,2.1074,0.0,0.0,0.0,1014.654546183,17142.926775943848
