Displacement,FX,FY,FZ,MX,MY,MZ,L,EA
15.0,-7.39097595e-06,0.0132064819,0.263183087,116.899111,0.00015664827,-0.00295805433,1298.830700339,22.788684880372664
