Displacement,FX,FY,FZ,MX,MY,MZ,L,EA
15.0,4.86150384e-06,0.0405303836,-0.00493989699,-0.911713799,0.000123915228,-0.0033200707,1298.830700339,3.5094737677464214
