Displacement,FX,FY,FZ,MX,MY,MZ,L,EA
15.0,8.34465027e-07,0.00741195679,0.12611182,56.3042411,0.000418770386,0.00824232183,1298.830700339,10.919860232775061
