Displacement,FX,FY,FZ,MX,MY,MZ,L,EA
15.0,7.39097595e-06,0.00344848633,-0.0866491795,-29.0309864,-0.000231403726,0.00331103819,940.363900446,5.432117360337705
