Displacement,FX,FY,FZ,MX,MY,MZ,L,EA
0.0628,0.000252273399,-0.00335333683,7.35074282e-05,0.111406616,3.93044542,-0.956887451,1083.581558951,57.86009474425486
