Displacement,FX,FY,FZ,MX,MY,MZ,L,EA
15.0,545.43925,-0.391126872,-3.87868309,-3345.88445,138993.302,-407758.072,861.102334465,31311.934098922586
