Displacement,FX,FY,FZ,MX,MY,MZ,L,EA
15.0,-213.89,0.0,1.7374,0.0,0.0,0.0,1083.581558951,15451.150642935292
