Displacement,FX,FY,FZ,MX,MY,MZ,L,EA
15.0,-0.36532,0.0,0.006302,0.0,0.0,0.0,1254.69036432,30.55756559289216
