Displacement,FX,FY,FZ,MX,MY,MZ,L,EA
0.0628,0.348888397,-4.28573179,0.0990524292,143.277708,4265.92025,-1045.92215,1083.581558951,73948.08812506466
