Displacement,FX,FY,FZ,MX,MY,MZ,L,EA
15.0,3.05175781e-05,0.00796508789,0.0415926576,14.5784859,-0.000244010385,-0.048984492,1146.780579073,3.1798434645142004
