Displacement,FX,FY,FZ,MX,MY,MZ,L,EA
15.0,-3.92049551e-05,0.00190162659,0.0262118876,10.7610574,-0.00232132835,0.0364902164,1298.830700339,2.2696536219143435
