Displacement,FX,FY,FZ,MX,MY,MZ,L,EA
15.0,-26.378,0.0,0.28424,0.0,0.0,0.0,1014.654546183,1784.3038412810117
