Displacement,FX,FY,FZ,MX,MY,MZ,L,EA
15.0,-2.5334,0.0,0.030952,0.0,0.0,0.0,1146.780579073,193.68359460156918
