Displacement,FX,FY,FZ,MX,MY,MZ,L,EA
15.0,-2.31713057e-06,0.000831604004,-0.00163216889,-0.545342671,5.48531374e-05,0.00118267035,940.363900446,0.10232218023913454
