Displacement,FX,FY,FZ,MX,MY,MZ,L,EA
15.0,-0.0320005417,0.0119476318,0.19540447,76.6924024,-18.8090469,13.0434502,1203.9175260030001,15.68339107282183
