Displacement,FX,FY,FZ,MX,MY,MZ,L,EA
0.0628,8.06341553,-35.3551884,1.27734375,1217.5528,34241.8562,-8913.25671,1014.654546183,571230.9337773323
