Displacement,FX,FY,FZ,MX,MY,MZ,L,EA
15.0,302.615702,-1.27441837,-2.51135516,-2106.82765,103664.085,-246398.707,940.363900446,18971.25879126163
