Displacement,FX,FY,FZ,MX,MY,MZ,L,EA
0.0628,-2.18266106,-9.46687829,-0.350128174,161.644013,-2315.06126,926.362457,1336.1052008929998,201413.14203009603
