Displacement,FX,FY,FZ,MX,MY,MZ,L,EA
0.0628,-3.70779032,-16.8819256,-0.194976807,444.460368,4221.70032,-447.858215,1254.69036432,337286.45511922194
