Displacement,FX,FY,FZ,MX,MY,MZ,L,EA
15.0,-22.243,0.0,0.2301,0.0,0.0,0.0,1083.581558951,1606.8069743831395
