Displacement,FX,FY,FZ,MX,MY,MZ,L,EA
0.0628,-0.165769503,-0.637069881,-0.0162696838,13.7527715,35.8523277,18.0627719,1298.830700339,13175.890441148302
