Displacement,FX,FY,FZ,MX,MY,MZ,L,EA
15.0,-3.48091125e-05,0.115005493,0.243580967,88.6346882,-0.000461901091,0.0377632404,1083.581558951,17.595989596843474
