Displacement,FX,FY,FZ,MX,MY,MZ,L,EA
0.0628,2.99785423,-5.80721092,0.326042175,193.113785,7183.16464,-1994.81243,861.102334465,79627.43439399109
