Displacement,FX,FY,FZ,MX,MY,MZ,L,EA
15.0,-3.81469727e-05,0.194839478,1.11697006,376.165059,-0.00390650344,0.0449398867,1014.654546183,75.55591662195322
