Displacement,FX,FY,FZ,MX,MY,MZ,L,EA
15.0,-1.94908353e-05,0.286647797,0.0250076279,12.9934211,9.58476928e-05,0.0893068912,1254.69036432,23.976948589963694
