Displacement,FX,FY,FZ,MX,MY,MZ,L,EA
15.0,234.015329,-1.07342414,-2.05756553,-1598.67315,77500.7614,-174892.717,861.102334465,13434.076406833
