Displacement,FX,FY,FZ,MX,MY,MZ,L,EA
15.0,9.7900629e-06,0.084690094,0.137611181,50.3676013,0.000405718178,-0.00559719547,1083.581558951,9.940862535804548
