Displacement,FX,FY,FZ,MX,MY,MZ,L,EA
0.0628,0.0207957625,-0.270783707,0.0059928894,9.00277348,303.432331,-73.9926581,1083.581558951,4672.23298359221
