Displacement,FX,FY,FZ,MX,MY,MZ,L,EA
15.0,-9.53674316e-06,0.0963516235,0.285820603,96.8826542,0.000916002699,0.0113244371,1014.654546183,19.333944948447762
