Displacement,FX,FY,FZ,MX,MY,MZ,L,EA
15.0,-5.7220459e-06,0.0100708008,0.089204073,30.3800678,0.00580773383,-0.127187048,1146.780579073,6.819833232707343
