Displacement,FX,FY,FZ,MX,MY,MZ,L,EA
15.0,-161.85,0.0,1.4284,0.0,0.0,0.0,1014.654546183,10948.12255331457
