Displacement,FX,FY,FZ,MX,MY,MZ,L,EA
0.0628,-1.50554669,-5.88620567,-0.145111084,129.04934,103.026002,211.538992,1298.830700339,121738.6088010429
