Displacement,FX,FY,FZ,MX,MY,MZ,L,EA
15.0,-0.0756320953,0.361114502,6.43070555,2680.10751,-137.470566,10.0129926,1336.1052008929998,572.8066087177652
