Displacement,FX,FY,FZ,MX,MY,MZ,L,EA
15.0,-0.037587,0.0,0.00030609,0.0,0.0,0.0,1083.581558951,2.7152386704194162
