Displacement,FX,FY,FZ,MX,MY,MZ,L,EA
15.0,7.62939453e-06,0.0904388428,-0.0291031003,-2.50126763,-0.000232855238,-0.017882599,1366.316826766,8.237874180725674
