Displacement,FX,FY,FZ,MX,MY,MZ,L,EA
15.0,-1.78813934e-06,0.00296020508,-0.0452122092,-15.1552926,-1.18567565e-05,0.00639691622,940.363900446,2.8343952927395017
