Displacement,FX,FY,FZ,MX,MY,MZ,L,EA
0.0628,-3.4486618,-15.0376625,-0.549713135,259.827418,-3690.21581,1462.33783,1336.1052008929998,319934.6986548349
