Displacement,FX,FY,FZ,MX,MY,MZ,L
4.449114468162,0.00738023533,-2.14912355e-06,-5.41568879e-05,-0.0207353065,1.94782673,-2.83200624,444.9114468162
