Displacement,FX,FY,FZ,MX,MY,MZ,L
12.82199766679,0.000939855785,-2.7442102e-07,-7.83578798e-06,-0.00867890593,0.808138987,-1.03411226,1282.199766679
