Displacement,FX,FY,FZ,MX,MY,MZ,L
3.9000242903039997,0.00946027006,-1.61262683e-06,-6.67324057e-05,-0.0224363568,2.10462916,-3.18556329,390.0024290304
