Displacement,FX,FY,FZ,MX,MY,MZ,L
2.472389827871,0.0218676403,-3.05786321e-07,-0.000125020742,-0.026809409,2.48377438,-4.6916994,247.23898278709999
