Displacement,FX,FY,FZ,MX,MY,MZ,L
4.394205450377,0.00755584287,-2.09330062e-06,-5.52457059e-05,-0.0208949113,1.96300758,-2.86387978,439.42054503770004
