Displacement,FX,FY,FZ,MX,MY,MZ,L
8.191831842660001,0.00227043676,-2.46432975e-05,-2.16450862e-05,-0.0144077191,1.21846145,-1.60096565,819.183184266
