Displacement,FX,FY,FZ,MX,MY,MZ,L
0.8800283120819999,0.129121818,2.12831742e-07,-0.000363345258,-0.0284390165,1.92851196,-10.1090321,88.00283120819999
