Displacement,FX,FY,FZ,MX,MY,MZ,L
0.9349373298679999,0.117119741,2.37187855e-07,-0.000336455181,-0.0279152491,1.99140721,-9.71964,93.4937329868
