Displacement,FX,FY,FZ,MX,MY,MZ,L
3.7902062547350006,0.00998020096,-1.57463228e-06,-6.97990181e-05,-0.0228146101,2.13708527,-3.26683694,379.02062547350005
