Displacement,FX,FY,FZ,MX,MY,MZ,L
10.684998055629999,0.00134756994,-2.5688939e-08,-1.12041907e-05,-0.0103214405,0.958333994,-1.23621442,1068.4998055629999
