Displacement,FX,FY,FZ,MX,MY,MZ,L
9.88362320147,0.00157062567,-2.38226611e-05,-1.80389854e-05,-0.0143421799,1.03120404,-1.3361081,988.362320147
