Displacement,FX,FY,FZ,MX,MY,MZ,L
7.12333203709,0.00298430345,-9.61752275e-06,-2.53287253e-05,-0.0152399901,1.3724709,-1.82893919,712.333203709
