Displacement,FX,FY,FZ,MX,MY,MZ,L
9.08224834729,0.00185427841,-2.48600485e-05,-1.12407924e-05,-0.00787003632,1.10936553,-1.44974756,908.224834729
