Displacement,FX,FY,FZ,MX,MY,MZ,L
0.49566518758059996,0.297687004,6.57506192e-08,-0.000944851665,-0.0428840179,1.37046388,-13.5159231,49.56651875806
