Displacement,FX,FY,FZ,MX,MY,MZ,L
1.6487545610889998,0.0448267478,1.47234868e-07,-0.000192148553,-0.0276755646,2.46122236,-6.45812365,164.87545610889998
