Displacement,FX,FY,FZ,MX,MY,MZ,L
1.1545734010120001,0.0825905185,2.33516815e-07,-0.000270119053,-0.0274869674,2.19395309,-8.4062558,115.4573401012
