Displacement,FX,FY,FZ,MX,MY,MZ,L
5.053113663814,0.00579222552,-2.57512016e-06,-4.40056264e-05,-0.0191047542,1.78965047,-2.52210245,505.3113663814
