Displacement,FX,FY,FZ,MX,MY,MZ,L
1.7585725966589998,0.0400518012,1.18294953e-07,-0.000180395844,-0.0276769914,2.49007103,-6.1465738,175.8572596659
