Displacement,FX,FY,FZ,MX,MY,MZ,L
8.8151233959,0.00196724177,-1.31202308e-05,-1.9146094e-05,-0.0140323342,1.14220533,-1.49133129,881.51233959
