Displacement,FX,FY,FZ,MX,MY,MZ,L
1.5938455432949998,0.0475481572,1.57814117e-07,-0.00019870972,-0.0276849996,2.44308926,-6.62678541,159.3845543295
