Displacement,FX,FY,FZ,MX,MY,MZ,L
0.4407561697949,0.343741955,4.95017538e-08,-0.00117735146,-0.0479082978,1.26896884,-13.9920279,44.07561697949
