Displacement,FX,FY,FZ,MX,MY,MZ,L
12.1987061135,0.00103726081,-1.5470482e-07,-8.64793401e-06,-0.00910925299,0.847018445,-1.08593353,1219.87061135
