Displacement,FX,FY,FZ,MX,MY,MZ,L
3.4058431302309997,0.0121790419,-1.15062878e-06,-8.18338594e-05,-0.024069048,2.25073769,-3.58594092,340.5843130231
