Displacement,FX,FY,FZ,MX,MY,MZ,L
7.21237368755,0.00291288083,-1.0527125e-05,-2.49019868e-05,-0.0151376458,1.35830297,-1.80747876,721.237368755
