Displacement,FX,FY,FZ,MX,MY,MZ,L
11.397331259349999,0.00118637405,-6.51345099e-08,-9.8818582e-06,-0.00971754239,0.902648268,-1.16066543,1139.7331259349999
