Displacement,FX,FY,FZ,MX,MY,MZ,L
8.10279019219,0.00231965051,-2.31071545e-05,-2.1845477e-05,-0.0144434514,1.23006007,-1.61774859,810.279019219
