Displacement,FX,FY,FZ,MX,MY,MZ,L
5.272749734952999,0.00533916141,-2.67355018e-06,-4.1015719e-05,-0.018570066,1.736401,-2.42520514,527.2749734953
