Displacement,FX,FY,FZ,MX,MY,MZ,L
2.142935721162,0.028248617,-8.27833109e-08,-0.000147183659,-0.0274192252,2.51810639,-5.26431927,214.2935721162
