Displacement,FX,FY,FZ,MX,MY,MZ,L
11.30828960887,0.00120489672,-5.83310218e-08,-1.00343577e-05,-0.00978949346,0.909266387,-1.16960435,1130.828960887
