Displacement,FX,FY,FZ,MX,MY,MZ,L
12.554872715350003,0.000979849933,-2.17155344e-07,-8.16992178e-06,-0.00885927762,0.824369515,-1.05570619,1255.4872715350002
