Displacement,FX,FY,FZ,MX,MY,MZ,L
14.15762242368,0.000773158819,1.68819195e-07,-1.2725206e-05,-0.0155031983,0.737895179,-0.938918335,1415.762242368
