Displacement,FX,FY,FZ,MX,MY,MZ,L
3.3509341124470002,0.0125512029,-1.07985612e-06,-8.37607658e-05,-0.0242441025,2.26673693,-3.6365355,335.0934112447
