Displacement,FX,FY,FZ,MX,MY,MZ,L
8.45895679405,0.00213176532,-2.94402244e-05,-2.11387851e-05,-0.0143374804,1.18486393,-1.55267868,845.895679405
