Displacement,FX,FY,FZ,MX,MY,MZ,L
0.5505742053664,0.259407211,8.07495129e-08,-0.000776311848,-0.0388800436,1.46491045,-12.9966363,55.05742053664
