Displacement,FX,FY,FZ,MX,MY,MZ,L
10.7740397061,0.00132568688,-2.91021469e-08,-1.10253804e-05,-0.0102423085,0.951016348,-1.22624178,1077.40397061
