Displacement,FX,FY,FZ,MX,MY,MZ,L
4.998204646029,0.00591443031,-2.54874413e-06,-4.4804558e-05,-0.0192430417,1.80332271,-2.5475155,499.8204646029
