Displacement,FX,FY,FZ,MX,MY,MZ,L
13.35624756957,0.000867537619,-2.84656983e-06,-1.33263857e-05,-0.015146011,0.779748342,-0.994577451,1335.624756957
