Displacement,FX,FY,FZ,MX,MY,MZ,L
9.43841494914,0.00171968953,-2.35660583e-05,-1.86729285e-05,-0.0142223531,1.07495587,-1.39694718,943.841494914
