Displacement,FX,FY,FZ,MX,MY,MZ,L
4.723659557095001,0.00658707375,-2.38558869e-06,-4.91520659e-05,-0.0199647618,1.87384468,-2.68244402,472.36595570950004
