Displacement,FX,FY,FZ,MX,MY,MZ,L
8.63704009497,0.00204809536,-6.13907115e-09,-1.68311781e-05,-0.0125136264,1.16191839,-1.51990365,863.704009497
