Displacement,FX,FY,FZ,MX,MY,MZ,L
1.8683906322280002,0.0360072598,5.87295363e-08,-0.000169980223,-0.0276744055,2.50694811,-5.86425122,186.8390632228
