Displacement,FX,FY,FZ,MX,MY,MZ,L
1.2643914365859998,0.0708311368,2.55224048e-07,-0.000246268464,-0.0273736998,2.27900667,-7.87493386,126.43914365859999
