Displacement,FX,FY,FZ,MX,MY,MZ,L
6.8562070857,0.00321491598,-7.30200344e-06,-2.67634865e-05,-0.01558244,1.41660442,-1.89647723,685.62070857
