Displacement,FX,FY,FZ,MX,MY,MZ,L
13.71241417142,0.000823544387,-1.53328011e-06,-1.30609133e-05,-0.0153128366,0.760584184,-0.969042321,1371.241417142
