Displacement,FX,FY,FZ,MX,MY,MZ,L
1.703663578874,0.0423367291,1.34553401e-07,-0.000186107645,-0.027679433,2.47694159,-6.29831043,170.3663578874
