Displacement,FX,FY,FZ,MX,MY,MZ,L
8.28087349312,0.00222275872,-2.62201559e-05,-2.14611973e-05,-0.0143780968,1.20706573,-1.58453348,828.087349312
