Displacement,FX,FY,FZ,MX,MY,MZ,L
5.876748930594999,0.00433397587,-3.20507919e-06,-3.42478743e-05,-0.0172499852,1.60165003,-2.19272801,587.6748930594999
