Displacement,FX,FY,FZ,MX,MY,MZ,L
1.319300454371,0.0658662869,2.07623899e-07,-0.000237858505,-0.0275553433,2.30979305,-7.63242757,131.9300454371
