Displacement,FX,FY,FZ,MX,MY,MZ,L
5.821839912811,0.00441316748,-3.12175713e-06,-3.47854948e-05,-0.0173610441,1.61320928,-2.21204443,582.1839912811
