Displacement,FX,FY,FZ,MX,MY,MZ,L
5.1080226815989995,0.0056737408,-2.60001256e-06,-4.32274473e-05,-0.0189681122,1.7761221,-2.49717806,510.8022681599
