Displacement,FX,FY,FZ,MX,MY,MZ,L
3.460752148016,0.0118231081,-1.22332488e-06,-7.99682457e-05,-0.0238941663,2.23464508,-3.53670309,346.0752148016
