Displacement,FX,FY,FZ,MX,MY,MZ,L
1.813481614444,0.0379497689,9.74953343e-08,-0.000174976012,-0.027666983,2.50075683,-6.00229401,181.3481614444
