Displacement,FX,FY,FZ,MX,MY,MZ,L
6.054832231521,0.00409119317,-3.55249507e-06,-3.25959763e-05,-0.0169016132,1.56506621,-2.13229024,605.4832231521
