Displacement,FX,FY,FZ,MX,MY,MZ,L
5.547294823887,0.00484338692,-2.83179683e-06,-3.76955013e-05,-0.0179430729,1.6730497,-2.31383996,554.7294823887
