Displacement,FX,FY,FZ,MX,MY,MZ,L
6.767165435236,0.00329769839,-6.66304842e-06,-2.72938803e-05,-0.0157076697,1.43187681,-1.92010305,676.7165435236
