Displacement,FX,FY,FZ,MX,MY,MZ,L
1.9782086677980002,0.0325569691,9.93235894e-09,-0.00016028143,-0.0276000394,2.51763942,-5.6082737,197.8208667798
