Displacement,FX,FY,FZ,MX,MY,MZ,L
3.241116076877,0.0133486195,-1.02377944e-06,-8.78872816e-05,-0.0246155074,2.29864457,-3.74211802,324.11160768770003
