Displacement,FX,FY,FZ,MX,MY,MZ,L
5.492385806102,0.00493689714,-2.79292814e-06,-3.83243444e-05,-0.0180647149,1.68543409,-2.33530624,549.2385806102
