Displacement,FX,FY,FZ,MX,MY,MZ,L
7.301415338019999,0.00284397029,-1.15019573e-05,-2.44991024e-05,-0.0150410895,1.34439608,-1.78651519,730.1415338019999
