Displacement,FX,FY,FZ,MX,MY,MZ,L
7.5685402894000005,0.00265118066,-1.48379277e-05,-2.34288636e-05,-0.0147871653,1.30418491,-1.72644865,756.85402894
