Displacement,FX,FY,FZ,MX,MY,MZ,L
2.417480810086,0.0227693543,-2.6139701e-07,-0.00012839085,-0.0269299404,2.49215988,-4.77817123,241.7480810086
