Displacement,FX,FY,FZ,MX,MY,MZ,L
0.77021027651,0.159262599,1.65939017e-07,-0.000438236631,-0.0301826037,1.79091167,-10.9722638,77.021027651
