Displacement,FX,FY,FZ,MX,MY,MZ,L
11.93158116216,0.0010836873,-1.182939e-07,-9.03320688e-06,-0.00930446476,0.864810669,-1.10975866,1193.158116216
