Displacement,FX,FY,FZ,MX,MY,MZ,L
11.219247958410001,0.00122385506,-5.25618893e-08,-1.01903829e-05,-0.00986246962,0.915978419,-1.17868073,1121.924795841
