Displacement,FX,FY,FZ,MX,MY,MZ,L
10.41787310424,0.0014165599,-1.72064068e-08,-1.176675e-05,-0.0105658378,0.980946716,-1.26712001,1041.787310424
