Displacement,FX,FY,FZ,MX,MY,MZ,L
9.70553990054,0.00162783531,-2.38209556e-05,-1.82803628e-05,-0.0142858741,1.04829161,-1.3598053,970.553990054
