Displacement,FX,FY,FZ,MX,MY,MZ,L
2.3076627745160003,0.0247511682,-1.9733836e-07,-0.000135511858,-0.0271525018,2.50679592,-4.96144803,230.76627745160002
