Displacement,FX,FY,FZ,MX,MY,MZ,L
4.064751343668,0.0087530257,-1.83029277e-06,-6.25941175e-05,-0.0219224143,2.05658838,-3.07082358,406.4751343668
