Displacement,FX,FY,FZ,MX,MY,MZ,L
2.8567529523740003,0.016828032,-6.3650047e-07,-0.000104333085,-0.0257990776,2.40258803,-4.16397925,285.6752952374
