Displacement,FX,FY,FZ,MX,MY,MZ,L
7.39045698848,0.00277745533,-1.25484395e-05,-2.41198031e-05,-0.0149504238,1.33074463,-1.76603274,739.045698848
