Displacement,FX,FY,FZ,MX,MY,MZ,L
3.7352972369499997,0.0102561939,-1.49807277e-06,-7.1349903e-05,-0.0229885072,2.15329962,-3.30897791,373.529723695
