Displacement,FX,FY,FZ,MX,MY,MZ,L
3.62547920138,0.0108434162,-1.34858325e-06,-7.45997531e-05,-0.0233388115,2.18577349,-3.39651605,362.547920138
