Displacement,FX,FY,FZ,MX,MY,MZ,L
1.923299650013,0.034216046,3.61154262e-08,-0.000165021745,-0.0276417581,2.51330806,-5.73329731,192.3299650013
