Displacement,FX,FY,FZ,MX,MY,MZ,L
8.54799844451,0.00209014248,-4.64947186e-09,-1.71631095e-05,-0.0126284738,1.1726117,-1.53518018,854.799844451
