Displacement,FX,FY,FZ,MX,MY,MZ,L
5.766930895026,0.00449453317,-3.04804059e-06,-3.53375581e-05,-0.0174739518,1.62490329,-2.23169684,576.6930895026001
