Displacement,FX,FY,FZ,MX,MY,MZ,L
8.726081745430001,0.00200682947,-1.29538231e-05,-1.93605438e-05,-0.0140579249,1.15251298,-1.50598788,872.608174543
