Displacement,FX,FY,FZ,MX,MY,MZ,L
12.28774776401,0.00102244513,-1.69361963e-07,-8.52476296e-06,-0.00904567123,0.841244059,-1.07821639,1228.774776401
