Displacement,FX,FY,FZ,MX,MY,MZ,L
5.2178407171679995,0.00544734747,-2.64869377e-06,-4.17332958e-05,-0.0187008519,1.7494975,-2.44874268,521.7840717168
