Displacement,FX,FY,FZ,MX,MY,MZ,L
6.500040483847,0.00356599646,-5.10973015e-06,-2.905415e-05,-0.0161166497,1.47946634,-1.99460709,650.0040483847
