Displacement,FX,FY,FZ,MX,MY,MZ,L
10.59595640517,0.00136999748,-2.25066872e-08,-1.13872512e-05,-0.010401714,0.965760053,-1.24634895,1059.595640517
