Displacement,FX,FY,FZ,MX,MY,MZ,L
8.013748541730001,0.00237046766,-2.16104707e-05,-2.20630391e-05,-0.0144854682,1.24186634,-1.63489353,801.374854173
