Displacement,FX,FY,FZ,MX,MY,MZ,L
2.746934916804,0.0180731906,-5.22226737e-07,-0.000109735673,-0.0261065226,2.42871046,-4.30223081,274.6934916804
