Displacement,FX,FY,FZ,MX,MY,MZ,L
3.131298041308,0.0142237826,-8.86089548e-07,-9.21882456e-05,-0.0249572296,2.32958401,-3.85377612,313.1298041308
