Displacement,FX,FY,FZ,MX,MY,MZ,L
1.42911848994,0.0574296769,2.10480096e-07,-0.000220015179,-0.0275548018,2.37426429,-7.19446734,142.911848994
