Displacement,FX,FY,FZ,MX,MY,MZ,L
13.80145582183,0.000813085422,-1.12041485e-06,-1.29748623e-05,-0.0153343131,0.755931966,-0.962861283,1380.145582183
