Displacement,FX,FY,FZ,MX,MY,MZ,L
5.602203841672,0.00475248822,-2.87585982e-06,-3.70826856e-05,-0.0178231157,1.66080536,-2.29275507,560.2203841672
