Displacement,FX,FY,FZ,MX,MY,MZ,L
8.99320669682,0.00189061263,-2.33629397e-05,-1.1743929e-05,-0.00823637503,1.11927631,-1.4634817,899.320669682
