Displacement,FX,FY,FZ,MX,MY,MZ,L
4.558932503741,0.00704673887,-2.25295473e-06,-5.2065303e-05,-0.0204208429,1.91781866,-2.77027333,455.8932503741
