Displacement,FX,FY,FZ,MX,MY,MZ,L
14.33570572461,0.000754262721,8.13336655e-07,-1.26038904e-05,-0.0155877183,0.729182701,-0.927342154,1433.570572461
