Displacement,FX,FY,FZ,MX,MY,MZ,L
13.08912261813,0.000902855338,-3.88495759e-06,-1.35463197e-05,-0.0150333038,0.794749149,-1.01457866,1308.912261813
