Displacement,FX,FY,FZ,MX,MY,MZ,L
9.26033164821,0.00178467096,-2.77234985e-05,-1.02579834e-05,-0.00713503308,1.09002295,-1.42304737,926.033164821
