Displacement,FX,FY,FZ,MX,MY,MZ,L
7.47949863894,0.00271322678,-1.36592948e-05,-2.37633194e-05,-0.0148658398,1.31734277,-1.7460155,747.949863894
