Displacement,FX,FY,FZ,MX,MY,MZ,L
14.69187232646,0.000718581531,2.21325258e-06,-1.23310765e-05,-0.0157175681,0.71235827,-0.905092631,1469.187232646
