Displacement,FX,FY,FZ,MX,MY,MZ,L
13.979539122760002,0.000792746703,-5.50376225e-07,-1.28680622e-05,-0.0154373354,0.746815007,-0.950758646,1397.9539122760002
