Displacement,FX,FY,FZ,MX,MY,MZ,L
0.8251192942960001,0.143035365,1.90282458e-07,-0.000396537594,-0.0291737932,1.86169355,-10.5263171,82.5119294296
