Displacement,FX,FY,FZ,MX,MY,MZ,L
4.284387414807,0.0079262451,-1.97379986e-06,-5.75211598e-05,-0.0212196512,1.99372992,-2.92976746,428.4387414807
