Displacement,FX,FY,FZ,MX,MY,MZ,L
3.515661165801,0.0114824695,-1.29816637e-06,-7.81606068e-05,-0.0237193068,2.21848266,-3.48876759,351.5661165801
