Displacement,FX,FY,FZ,MX,MY,MZ,L
4.77856857488,0.00644373801,-2.42356717e-06,-4.82343239e-05,-0.019816542,1.85946115,-2.65435946,477.856857488
