Displacement,FX,FY,FZ,MX,MY,MZ,L
13.00008096771,0.00091509704,-4.16439556e-06,-1.36077833e-05,-0.0149844975,0.799866843,-1.02139749,1300.008096771
