Displacement,FX,FY,FZ,MX,MY,MZ,L
4.009842325874,0.00897978549,-1.75798729e-06,-6.39375648e-05,-0.0220930737,2.07255613,-3.10817446,400.98423258739996
