Displacement,FX,FY,FZ,MX,MY,MZ,L
2.58220786344,0.0202183453,-4.04599248e-07,-0.000118626864,-0.0265507197,2.46429323,-4.52785281,258.220786344
