Displacement,FX,FY,FZ,MX,MY,MZ,L
1.3742094721559999,0.0614276091,2.10397278e-07,-0.000228525301,-0.0275474005,2.34373633,-7.4066944,137.4209472156
