Displacement,FX,FY,FZ,MX,MY,MZ,L
3.076389023523,0.0146939905,-8.20434504e-07,-9.44611002e-05,-0.0251278757,2.34482537,-3.91212299,307.63890235229997
