Displacement,FX,FY,FZ,MX,MY,MZ,L
4.174569379238,0.00832433338,-1.84672999e-06,-5.99345221e-05,-0.0215513381,2.02490066,-2.99866601,417.4569379238
