Displacement,FX,FY,FZ,MX,MY,MZ,L
5.965790581057999,0.00420997772,-3.36276111e-06,-3.3403068e-05,-0.0170733571,1.58318159,-2.16209412,596.5790581058
