Displacement,FX,FY,FZ,MX,MY,MZ,L
7.03429038663,0.00305836069,-8.77899214e-06,-2.57807515e-05,-0.0153483481,1.38690596,-1.85091348,703.429038663
