Displacement,FX,FY,FZ,MX,MY,MZ,L
12.37678941442,0.00100794399,-1.84148272e-07,-8.40401481e-06,-0.008982786,0.835545374,-1.0706076,1237.678941442
