Displacement,FX,FY,FZ,MX,MY,MZ,L
7.83566524079,0.0024771941,-1.87343203e-05,-2.25507429e-05,-0.0145877174,1.26612072,-1.67031208,783.566524079
