Displacement,FX,FY,FZ,MX,MY,MZ,L
6.3219571829209995,0.00376331518,-4.35006925e-06,-3.03770728e-05,-0.0164158,1.51273661,-2.04752831,632.1957182921
