Displacement,FX,FY,FZ,MX,MY,MZ,L
4.6687505393110005,0.00673520709,-2.34442201e-06,-5.00960814e-05,-0.0201149781,1.88836674,-2.71111244,466.8750539311
