Displacement,FX,FY,FZ,MX,MY,MZ,L
14.2466640742,0.000763640835,5.43414043e-07,-1.26498453e-05,-0.0155310186,0.733512286,-0.933107586,1424.66640742
