Displacement,FX,FY,FZ,MX,MY,MZ,L
2.252753756732,0.025840478,-1.55606007e-07,-0.000139256357,-0.0272494292,2.5119082,-5.0583838,225.27537567320002
