Displacement,FX,FY,FZ,MX,MY,MZ,L
10.23978980332,0.00146489768,-2.35059456e-05,-1.75991954e-05,-0.0144842809,0.998579256,-1.29108212,1023.978980332
