Displacement,FX,FY,FZ,MX,MY,MZ,L
0.6603922409389,0.200791542,1.21639086e-07,-0.000560937915,-0.0333628453,1.63704648,-11.9466348,66.03922409389
