Displacement,FX,FY,FZ,MX,MY,MZ,L
12.9110393172,0.000927608595,-4.45684684e-06,-1.36726812e-05,-0.0149380571,0.805055328,-1.02833024,1291.10393172
