Displacement,FX,FY,FZ,MX,MY,MZ,L
7.7466235903300005,0.00253325353,-1.737758e-05,-2.28233398e-05,-0.0146481352,1.27857924,-1.68861005,774.662359033
