Displacement,FX,FY,FZ,MX,MY,MZ,L
12.02062281257,0.00106787203,-1.29315697e-07,-8.90208685e-06,-0.00923862835,0.858800231,-1.10170206,1202.062281257
