Displacement,FX,FY,FZ,MX,MY,MZ,L
6.589082134309999,0.00347306638,-5.56922427e-06,-2.84386508e-05,-0.0159749682,1.46330159,-1.96914677,658.9082134309999
