Displacement,FX,FY,FZ,MX,MY,MZ,L
3.680388219165,0.0105437167,-1.42246221e-06,-7.29496242e-05,-0.0231633127,2.16953409,-3.35219089,368.0388219165
