Displacement,FX,FY,FZ,MX,MY,MZ,L
4.339296432592,0.00773774844,-2.03457759e-06,-5.6366669e-05,-0.0210563452,1.97831014,-2.89646032,433.92964325919996
