Displacement,FX,FY,FZ,MX,MY,MZ,L
9.34937329868,0.00175204033,-2.34049082e-05,-1.8812686e-05,-0.0142072058,1.08413194,-1.40977726,934.937329868
