Displacement,FX,FY,FZ,MX,MY,MZ,L
2.801843934589,0.017433953,-5.77637911e-07,-0.000106988795,-0.0259544615,2.41590679,-4.2319866,280.1843934589
