Displacement,FX,FY,FZ,MX,MY,MZ,L
9.794581551,0.00159884992,-2.37709655e-05,-1.81523309e-05,-0.0143108652,1.03967891,-1.34784812,979.4581551
