Displacement,FX,FY,FZ,MX,MY,MZ,L
6.945248736159999,0.00313518486,-8.00769078e-06,-2.62582835e-05,-0.0154624632,1.40161401,-1.87341985,694.5248736159999
