Displacement,FX,FY,FZ,MX,MY,MZ,L
3.0214800057280002,0.0151877051,-7.57809545e-07,-9.67935848e-05,-0.0252951536,2.35967657,-3.97219953,302.1480005728
