Displacement,FX,FY,FZ,MX,MY,MZ,L
10.15074815285,0.00149030583,-2.36164976e-05,-1.77036973e-05,-0.0144450923,1.00654848,-1.3020548,1015.074815285
