Displacement,FX,FY,FZ,MX,MY,MZ,L
9.17128999775,0.00181898016,-2.62658858e-05,-1.07488231e-05,-0.00750729454,1.099617,-1.43626827,917.128999775
