Displacement,FX,FY,FZ,MX,MY,MZ,L
4.504023485956,0.00721062851,-2.20243064e-06,-5.30990364e-05,-0.0205775251,1.93277138,-2.80081302,450.4023485956
