Displacement,FX,FY,FZ,MX,MY,MZ,L
4.119660361453,0.00853472389,-1.90197743e-06,-6.12978183e-05,-0.0217541139,2.04075153,-3.0343485,411.9660361453
