Displacement,FX,FY,FZ,MX,MY,MZ,L
4.833477592665,0.00630499492,-2.45866634e-06,-4.73419896e-05,-0.0196703269,1.84521779,-2.62684103,483.34775926649996
