Displacement,FX,FY,FZ,MX,MY,MZ,L
9.97266485193,0.00154314477,-2.38079162e-05,-1.79260296e-05,-0.0143748501,1.02285941,-1.32456612,997.266485193
