Displacement,FX,FY,FZ,MX,MY,MZ,L
11.84253951164,0.00109985522,-1.07898927e-07,-9.16725185e-06,-0.00937124672,0.870902881,-1.11793281,1184.253951164
