Displacement,FX,FY,FZ,MX,MY,MZ,L
10.952123007019999,0.00128348608,-3.71063377e-08,-1.06798093e-05,-0.0100871686,0.93669749,-1.20676796,1095.212300702
