Displacement,FX,FY,FZ,MX,MY,MZ,L
5.162931699383,0.00555882891,-2.62447488e-06,-4.24703239e-05,-0.0188335244,1.76273777,-2.47272934,516.2931699383
