Displacement,FX,FY,FZ,MX,MY,MZ,L
1.209482418801,0.076368276,2.46581898e-07,-0.000257465988,-0.0274089168,2.23833366,-8.1317438,120.9482418801
