Displacement,FX,FY,FZ,MX,MY,MZ,L
3.954933308089,0.00921536901,-1.68522401e-06,-6.53137686e-05,-0.0222640529,2.08855865,-3.14640711,395.4933308089
