Displacement,FX,FY,FZ,MX,MY,MZ,L
13.890497472349999,0.000802799737,-8.14938071e-07,-1.29162509e-05,-0.0153811262,0.751339398,-0.956745521,1389.0497472349998
