Displacement,FX,FY,FZ,MX,MY,MZ,L
9.61649825008,0.00165761848,-2.37563546e-05,-1.84058663e-05,-0.0142615157,1.05703825,-1.37196531,961.649825008
