Displacement,FX,FY,FZ,MX,MY,MZ,L
8.36991514358,0.00217655469,-2.7820776e-05,-2.12927625e-05,-0.0143547585,1.19586808,-1.56844113,836.991514358
