Displacement,FX,FY,FZ,MX,MY,MZ,L
1.04475536544,0.0975808129,2.07592359e-07,-0.000301443739,-0.0278421966,2.09377283,-9.01507545,104.475536544
