Displacement,FX,FY,FZ,MX,MY,MZ,L
2.527298845655,0.0210186671,-3.5398525e-07,-0.0001217674,-0.0266827435,2.47445835,-4.60831741,252.7298845655
