Displacement,FX,FY,FZ,MX,MY,MZ,L
5.437476788307,0.00503312764,-2.75879724e-06,-3.89732941e-05,-0.0181886089,1.69797042,-2.35716795,543.7476788307
