Displacement,FX,FY,FZ,MX,MY,MZ,L
11.66445621074,0.0011332927,-8.82821058e-08,-9.443811e-06,-0.00950712045,0.883339077,-1.1346451,1166.445621074
