Displacement,FX,FY,FZ,MX,MY,MZ,L
3.1862070590919997,0.0137758248,-9.53949623e-07,-9.00027808e-05,-0.0247868599,2.31421793,-3.79714306,318.62070590919996
