Displacement,FX,FY,FZ,MX,MY,MZ,L
6.410998833384,0.00366268086,-4.7044047e-06,-2.97013004e-05,-0.0162637799,1.49594572,-2.02072755,641.0998833384
