Displacement,FX,FY,FZ,MX,MY,MZ,L
14.42474737512,0.000745104488,1.19895593e-06,-1.2525401e-05,-0.0156108103,0.724902155,-0.921683887,1442.474737512
