Displacement,FX,FY,FZ,MX,MY,MZ,L
1.53893652551,0.0505381785,2.02262399e-07,-0.000204944867,-0.0275921027,2.42559332,-6.80603954,153.893652551
