Displacement,FX,FY,FZ,MX,MY,MZ,L
4.943295628234,0.00604052519,-2.52109575e-06,-4.56297967e-05,-0.0193837378,1.81715608,-2.57343715,494.3295628234
