Displacement,FX,FY,FZ,MX,MY,MZ,L
0.6054832231521,0.227502577,1.00024819e-07,-0.000652777497,-0.0357589222,1.55349555,-12.4670239,60.54832231521
