Displacement,FX,FY,FZ,MX,MY,MZ,L
1.484027507725,0.0538158435,2.07793557e-07,-0.000212193117,-0.0275716009,2.40150498,-6.99459607,148.4027507725
