Displacement,FX,FY,FZ,MX,MY,MZ,L
2.69202589902,0.0187490571,-5.14480355e-07,-0.000112635695,-0.0262684492,2.4415485,-4.37501303,269.202589902
