Displacement,FX,FY,FZ,MX,MY,MZ,L
8.90416504636,0.00192881217,-1.32591797e-05,-1.89388793e-05,-0.014009911,1.13206903,-1.47695454,890.416504636
