Displacement,FX,FY,FZ,MX,MY,MZ,L
4.229478397023,0.00812166158,-1.91123e-06,-5.87099639e-05,-0.0213846381,2.00926199,-2.96382826,422.9478397023
