Displacement,FX,FY,FZ,MX,MY,MZ,L
12.73295601627,0.000952911438,-2.55076814e-07,-7.94481093e-06,-0.00873816671,0.813479788,-1.04121205,1273.295601627
