Displacement,FX,FY,FZ,MX,MY,MZ,L
0.9898463476539999,0.106662422,1.93088246e-07,-0.00032128091,-0.0281649959,2.03786372,-9.35295641,98.98463476539999
