Displacement,FX,FY,FZ,MX,MY,MZ,L
11.48637290981,0.00116827472,-7.22765262e-08,-9.73261194e-06,-0.00964646449,0.896122237,-1.15186169,1148.637290981
