Displacement,FX,FY,FZ,MX,MY,MZ,L
12.109664463080001,0.00105240002,-1.41691752e-07,-8.77376078e-06,-0.00917362454,0.852870008,-1.09376143,1210.966446308
