Displacement,FX,FY,FZ,MX,MY,MZ,L
3.2960250946619998,0.012940592,-1.01124757e-06,-8.57490231e-05,-0.0244184729,2.28261761,-3.68854336,329.6025094662
