Displacement,FX,FY,FZ,MX,MY,MZ,L
0.7153012587249999,0.178305586,1.43642993e-07,-0.000491556246,-0.0315454583,1.71608407,-11.4464925,71.5301258725
