Displacement,FX,FY,FZ,MX,MY,MZ,L
9.5274565996,0.00168822682,-2.36675447e-05,-1.85362205e-05,-0.014240134,1.06592531,-1.38434384,952.74565996
