Displacement,FX,FY,FZ,MX,MY,MZ,L
2.362571792301,0.02372977,-2.4107305e-07,-0.000131901936,-0.0270479485,2.50048044,-4.86820814,236.2571792301
