Displacement,FX,FY,FZ,MX,MY,MZ,L
5.712021877241,0.00457815197,-2.98309966e-06,-3.59040787e-05,-0.0175885419,1.63673325,-2.25169336,571.2021877241
