Displacement,FX,FY,FZ,MX,MY,MZ,L
14.51378902554,0.000736075157,1.60936101e-06,-1.24400813e-05,-0.0156260418,0.720658078,-0.916041059,1451.378902554
