Displacement,FX,FY,FZ,MX,MY,MZ,L
13.178164268639998,0.000890823287,-3.4952297e-06,-1.34636812e-05,-0.0150636246,0.789677116,-1.00779103,1317.8164268639998
