Displacement,FX,FY,FZ,MX,MY,MZ,L
13.53433087049,0.000845102821,-2.24180045e-06,-1.32047298e-05,-0.0152408204,0.770052286,-0.981646803,1353.433087049
