Displacement,FX,FY,FZ,MX,MY,MZ,L
11.575414560270001,0.00115058499,-8.03846969e-08,-9.58664896e-06,-0.00957633032,0.889686439,-1.14318924,1157.541456027
