Displacement,FX,FY,FZ,MX,MY,MZ,L
10.506914754710001,0.00139298766,-1.97096872e-08,-1.1574762e-05,-0.0104832045,0.973296837,-1.25664932,1050.691475471
