Displacement,FX,FY,FZ,MX,MY,MZ,L
4.88838661045,0.00617065233,-2.49107521e-06,-4.64743098e-05,-0.0195261556,1.83111576,-2.59987252,488.838661045
