Displacement,FX,FY,FZ,MX,MY,MZ,L
5.327658752738,0.00523414262,-2.6998005e-06,-4.03168196e-05,-0.0184410687,1.72344795,-2.40210445,532.7658752738
