Displacement,FX,FY,FZ,MX,MY,MZ,L
7.9247068912700005,0.00242295677,-2.01501931e-05,-2.2297756e-05,-0.0145335099,1.25388483,-1.65241009,792.470689127
