Displacement,FX,FY,FZ,MX,MY,MZ,L
6.678123784773,0.00338369278,-6.08623826e-06,-2.78522127e-05,-0.01583865,1.44744049,-1.94431925,667.8123784773
