Displacement,FX,FY,FZ,MX,MY,MZ,L
2.966570987943,0.0157071457,-7.61096331e-07,-9.92782152e-05,-0.0254791706,2.37461954,-4.03424353,296.6570987943
