Displacement,FX,FY,FZ,MX,MY,MZ,L
13.44528921998,0.00085619996,-2.55779655e-06,-1.32685122e-05,-0.0151963922,0.774869333,-0.988061568,1344.528921998
