Displacement,FX,FY,FZ,MX,MY,MZ,L
12.64391436586,0.000966239903,-2.35054576e-07,-8.05631498e-06,-0.00879850262,0.81888954,-1.04840881,1264.391436586
