Displacement,FX,FY,FZ,MX,MY,MZ,L
2.9116619701590003,0.0162531319,-6.97652343e-07,-0.000101763784,-0.0256404722,2.38880873,-4.09809953,291.1661970159
