Displacement,FX,FY,FZ,MX,MY,MZ,L
6.232915532458,0.00386811967,-4.0421743e-06,-3.10841506e-05,-0.0165728388,1.52984958,-2.07503665,623.2915532458
