Displacement,FX,FY,FZ,MX,MY,MZ,L
1.099664383226,0.089614287,2.21725623e-07,-0.00028461474,-0.0276249481,2.14578704,-8.70011619,109.9664383226
