Displacement,FX,FY,FZ,MX,MY,MZ,L
3.845115272519,0.00971498573,-1.54023321e-06,-6.81952224e-05,-0.0226099647,2.12075721,-3.2256767,384.5115272519
