Displacement,FX,FY,FZ,MX,MY,MZ,L
14.06858077327,0.000782840114,-1.05864054e-07,-1.27747298e-05,-0.0154493411,0.742314927,-0.944762275,1406.858077327
