Displacement,FX,FY,FZ,MX,MY,MZ,L
10.06170650239,0.00151638,-2.37089715e-05,-1.78119267e-05,-0.0144083819,1.01464057,-1.31321312,1006.170650239
