Displacement,FX,FY,FZ,MX,MY,MZ,L
7.657581939869999,0.00259122059,-1.60792183e-05,-2.31157709e-05,-0.0147145531,1.29126558,-1.70731837,765.7581939869999
