Displacement,FX,FY,FZ,MX,MY,MZ,L
2.088026703367,0.0295852795,-5.18140668e-08,-0.000151386252,-0.0274891591,2.52074813,-5.37439411,208.8026703367
