Displacement,FX,FY,FZ,MX,MY,MZ,L
13.267205919050003,0.00087906676,-3.15736867e-06,-1.33914509e-05,-0.0151019041,0.784681282,-1.0011416,1326.7205919050002
