Displacement,FX,FY,FZ,MX,MY,MZ,L
10.32883145378,0.00144013337,-2.33581769e-05,-1.74965598e-05,-0.0145252312,0.99072928,-1.28028801,1032.8831453779999
