Displacement,FX,FY,FZ,MX,MY,MZ,L
10.86308135656,0.00130433134,-3.29530255e-08,-1.08505522e-05,-0.0101641524,0.943804908,-1.21642768,1086.308135656
