Displacement,FX,FY,FZ,MX,MY,MZ,L
5.382567770522001,0.0051321697,-2.72786565e-06,-3.96362502e-05,-0.0183139499,1.71063797,-2.379429,538.2567770522
