Displacement,FX,FY,FZ,MX,MY,MZ,L
11.130206307949999,0.00124326313,-4.67578457e-08,-1.03498096e-05,-0.00993633101,0.922786285,-1.1878979,1113.020630795
