Displacement,FX,FY,FZ,MX,MY,MZ,L
14.60283067605,0.000727244376,1.89813281e-06,-1.23892569e-05,-0.0156758877,0.716484874,-0.910531124,1460.283067605
