Displacement,FX,FY,FZ,MX,MY,MZ,L
5.657112859456,0.00466410768,-2.92594479e-06,-3.64857478e-05,-0.0177049746,1.64870025,-2.27204298,565.7112859456
