Displacement,FX,FY,FZ,MX,MY,MZ,L
2.637116881235,0.0194627743,-4.58804742e-07,-0.000115567964,-0.0264105163,2.45317631,-4.45010022,263.7116881235
