Displacement,FX,FY,FZ,MX,MY,MZ,L
2.033117685583,0.0310171554,-1.98376453e-08,-0.000155741232,-0.0275491301,2.52007634,-5.48876476,203.3117685583
