Displacement,FX,FY,FZ,MX,MY,MZ,L
11.75349786123,0.0011163866,-9.76243231e-08,-9.30407987e-06,-0.00943879559,0.877078458,-1.12622726,1175.349786123
