Displacement,FX,FY,FZ,MX,MY,MZ,L
2.197844738947,0.0270039584,-1.18199042e-07,-0.000143144454,-0.0273385389,2.51571445,-5.15925407,219.7844738947
