Displacement,FX,FY,FZ,MX,MY,MZ,L
12.465831064939998,0.000993748289,-1.99592801e-07,-8.28571865e-06,-0.00892064823,0.829920981,-1.06310469,1246.5831064939998
