Displacement,FX,FY,FZ,MX,MY,MZ,L
13.62337252091,0.000834230737,-1.83145396e-06,-1.31189172e-05,-0.0152642482,0.765287141,-0.975308764,1362.337252091
