Displacement,FX,FY,FZ,MX,MY,MZ,L
6.143873881995001,0.00397732991,-3.77769592e-06,-3.18236334e-05,-0.016734893,1.54729083,-2.1032814,614.3873881995
