Displacement,FX,FY,FZ,MX,MY,MZ,L
4.613841521526,0.0068883522,-2.30035737e-06,-5.10667105e-05,-0.0202669515,1.90302544,-2.74038233,461.3841521526
