Displacement,FX,FY,FZ,MX,MY,MZ,L
3.570570183596,0.0111559903,-1.27593461e-06,-7.63015123e-05,-0.0235146899,2.20200127,-3.44199703,357.0570183596
