Displacement,FX,FY,FZ,MX,MY,MZ,L
11.041164657489999,0.00126313513,-4.16957113e-08,-1.05128711e-05,-0.0100111778,0.929691976,-1.19725916,1104.1164657489999
