Displacement,FX,FY,FZ,MX,MY,MZ,L,EA
7.48820509205,-0.0027645,0.0,0.0,0.0,0.0,0.0,748.820509205,0.27645000000000003
