Displacement,FX,FY,FZ,MX,MY,MZ,L,EA
2.519845393249,-0.0098502,0.0,0.0,0.0,0.0,0.0,251.98453932490003,0.98502
