Displacement,FX,FY,FZ,MX,MY,MZ,L,EA
6.290753662178,-0.0037012,0.0,0.0,0.0,0.0,0.0,629.0753662178,0.37012
