Displacement,FX,FY,FZ,MX,MY,MZ,L,EA
8.06829647048,-0.002277,0.0,0.0,0.0,0.0,0.0,806.8296470480001,0.2277
