Displacement,FX,FY,FZ,MX,MY,MZ,L
5.450463105726,0.00433550167,-1.33314594e-05,-2.92115037e-05,-0.0136366046,1.41805161,-2.04173112,545.0463105726
