Displacement,FX,FY,FZ,MX,MY,MZ,L,EA
7.88723967079,-0.0024375,0.0,0.0,0.0,0.0,0.0,788.723967079,0.24375
