Displacement,FX,FY,FZ,MX,MY,MZ,L
7.41704754437,0.00275628768,-1.00434649e-05,-2.39011224e-05,-0.0149392413,1.33076797,-1.75846039,741.704754437
