Displacement,FX,FY,FZ,MX,MY,MZ,L
7.34459332027,0.00281143845,-1.20554687e-05,-2.43141221e-05,-0.0149959255,1.33766275,-1.77654141,734.459332027
