Displacement,FX,FY,FZ,MX,MY,MZ,L,EA
0.970575643425,-0.022314,0.0,7.956e-05,0.0,0.0,0.0,97.0575643425,2.2314000000000003
