Displacement,FX,FY,FZ,MX,MY,MZ,L
6.802198813625,0.00321915338,-1.44056538e-05,-2.38006796e-05,-0.0135684769,1.37563576,-1.88623474,680.2198813625
