Displacement,FX,FY,FZ,MX,MY,MZ,L,EA
8.12584150065,-0.0022236,0.0,0.0,0.0,0.0,0.0,812.584150065,0.22236
