Displacement,FX,FY,FZ,MX,MY,MZ,L,EA
1.8112978408820002,-0.013258,0.0,5.732e-05,0.0,0.0,0.0,181.1297840882,1.3258
