Displacement,FX,FY,FZ,MX,MY,MZ,L,EA
8.34171884995,-0.0020096,0.0,0.0,0.0,0.0,0.0,834.171884995,0.20096
