Displacement,FX,FY,FZ,MX,MY,MZ,L
1.091356413452,0.0184231815,9.73714826e-07,1.00629404e-05,-0.000415403552,0.459037795,-1.82088735,109.1356413452
