Displacement,FX,FY,FZ,MX,MY,MZ,L
3.774533521331,0.00643428368,2.18413071e-06,-3.09251482e-05,-0.0107038063,1.37582708,-2.10896505,377.4533521331
