Displacement,FX,FY,FZ,MX,MY,MZ,L
5.152614523748,0.00462930102,-1.03777454e-07,-3.00895681e-05,-0.0135865313,1.42045463,-2.06076879,515.2614523748
