Displacement,FX,FY,FZ,MX,MY,MZ,L,EA
2.285205775145,-0.010774,0.0,0.0,0.0,0.0,0.0,228.52057751450002,1.0774000000000001
