Displacement,FX,FY,FZ,MX,MY,MZ,L,EA
1.211946388404,-0.018591,0.0,6.372e-05,0.0,0.0,0.0,121.1946388404,1.8591000000000002
