Displacement,FX,FY,FZ,MX,MY,MZ,L
5.352110135277001,0.00442923873,-1.62496156e-05,-2.95176069e-05,-0.0134953145,1.41855756,-2.04919494,535.2110135277001
