Displacement,FX,FY,FZ,MX,MY,MZ,L
5.834176853265001,0.00399070846,-4.29270068e-06,-2.80415852e-05,-0.0141311409,1.41295379,-2.00849391,583.4176853265001
