Displacement,FX,FY,FZ,MX,MY,MZ,L
8.74133516635,0.00147467167,1.28398603e-06,-1.35856708e-05,-0.0102281322,1.02281132,-1.10570538,874.133516635
