Displacement,FX,FY,FZ,MX,MY,MZ,L
2.285205775145,0.0102411932,-1.87086074e-05,-2.35727057e-05,-0.00640076164,1.12603866,-2.06058762,228.52057751450002
