Displacement,FX,FY,FZ,MX,MY,MZ,L,EA
3.212541988962,-0.0078155,0.0,0.0,0.0,0.0,0.0,321.2541988962,0.78155
