Displacement,FX,FY,FZ,MX,MY,MZ,L
2.86845005808,0.00836412284,-1.21883899e-06,-2.81027751e-05,-0.00815334554,1.26713601,-2.09649165,286.845005808
