Displacement,FX,FY,FZ,MX,MY,MZ,L
6.111311994338999,0.00375873308,1.56117608e-09,-2.72192628e-05,-0.0144273607,1.40617844,-1.97979265,611.1311994339
