Displacement,FX,FY,FZ,MX,MY,MZ,L,EA
6.465796428552,-0.0035596,0.0,0.0,0.0,0.0,0.0,646.5796428552001,0.35596
