Displacement,FX,FY,FZ,MX,MY,MZ,L
7.94898512632,0.00232884248,-1.30904441e-06,-2.05354991e-05,-0.013978049,1.26333971,-1.59018148,794.898512632
