Displacement,FX,FY,FZ,MX,MY,MZ,L
8.06829647048,0.00222377355,-4.49269277e-07,-1.9686162e-05,-0.0136239633,1.24242662,-1.5408666,806.8296470480001
