Displacement,FX,FY,FZ,MX,MY,MZ,L
7.5580535233,0.00264749413,-6.76185549e-06,-2.30669511e-05,-0.0147781988,1.3160439,-1.72044769,755.80535233
