Displacement,FX,FY,FZ,MX,MY,MZ,L,EA
4.63842352302,-0.0053507,0.0,0.0,0.0,0.0,0.0,463.842352302,0.5350699999999999
