Displacement,FX,FY,FZ,MX,MY,MZ,L,EA
7.119578376899999,-0.0030508,0.0,0.0,0.0,0.0,0.0,711.9578376899999,0.30508
