Displacement,FX,FY,FZ,MX,MY,MZ,L,EA
4.212368612989,-0.0059352,0.0,0.0,0.0,0.0,0.0,421.23686129889995,0.5935199999999999
