Displacement,FX,FY,FZ,MX,MY,MZ,L
1.3323244862959998,0.0158536378,-3.33960328e-06,-1.35134906e-06,-0.00254925233,0.650002819,-1.89494879,133.2324486296
