Displacement,FX,FY,FZ,MX,MY,MZ,L
1.8112978408820002,0.0124392439,-6.02841483e-05,-1.73915178e-05,-0.00522261879,0.937163015,-2.0061701,181.1297840882
