Displacement,FX,FY,FZ,MX,MY,MZ,L
2.402735611882,0.00980434637,-1.35256922e-05,-2.4652807e-05,-0.00674708865,1.16111134,-2.07022867,240.2735611882
