Displacement,FX,FY,FZ,MX,MY,MZ,L,EA
2.86845005808,-0.0087203,0.0,0.0,0.0,0.0,0.0,286.845005808,0.8720300000000001
