Displacement,FX,FY,FZ,MX,MY,MZ,L,EA
6.636317892238001,-0.0034246,0.0,0.0,0.0,0.0,0.0,663.6317892238001,0.34246
