Displacement,FX,FY,FZ,MX,MY,MZ,L
8.12584150065,0.00217124358,-1.29896079e-07,-1.92595894e-05,-0.0134323534,1.23123637,-1.51503397,812.584150065
