Displacement,FX,FY,FZ,MX,MY,MZ,L,EA
3.5515798498869997,-0.007075,0.0,0.0,0.0,0.0,0.0,355.1579849887,0.7074999999999999
