Displacement,FX,FY,FZ,MX,MY,MZ,L
3.663376908335,0.00662764377,2.41227629e-06,-3.07903392e-05,-0.0104175874,1.36717123,-2.10957129,366.3376908335
