Displacement,FX,FY,FZ,MX,MY,MZ,L,EA
5.834176853265001,-0.0040908,0.0,0.0,0.0,0.0,0.0,583.4176853265001,0.40908
