Displacement,FX,FY,FZ,MX,MY,MZ,L,EA
5.547863205533999,-0.0043551,0.0,0.0,0.0,0.0,0.0,554.7863205534,0.43550999999999995
