Displacement,FX,FY,FZ,MX,MY,MZ,L
4.533079941946999,0.00533015453,-1.29793887e-06,-3.09875759e-05,-0.0124209714,1.41258256,-2.0917845,453.3079941947
