Displacement,FX,FY,FZ,MX,MY,MZ,L
3.098379664831,0.00778610296,1.14930204e-06,-2.9163959e-05,-0.00884253436,1.30437897,-2.10380325,309.8379664831
