Displacement,FX,FY,FZ,MX,MY,MZ,L,EA
6.551629850799,-0.0034913,0.0,0.0,0.0,0.0,0.0,655.1629850799001,0.34913
