Displacement,FX,FY,FZ,MX,MY,MZ,L,EA
3.663376908335,-0.0068572,0.0,0.0,0.0,0.0,0.0,366.3376908335,0.68572
