Displacement,FX,FY,FZ,MX,MY,MZ,L,EA
2.6365146456870003,-0.0094436,0.0,0.0,0.0,0.0,0.0,263.6514645687,0.94436
