Displacement,FX,FY,FZ,MX,MY,MZ,L
7.626580626949999,0.00259372465,-5.45008155e-06,-2.26474526e-05,-0.0146759203,1.30818878,-1.70047553,762.6580626949999
