Displacement,FX,FY,FZ,MX,MY,MZ,L
7.119578376899999,0.00298071238,-1.98666095e-05,-2.55269988e-05,-0.0150584046,1.35660888,-1.82732655,711.9578376899999
