Displacement,FX,FY,FZ,MX,MY,MZ,L
2.75272297262,0.00868481625,-3.04671711e-06,-2.74474733e-05,-0.00780027111,1.24504206,-2.09150073,275.272297262
