Displacement,FX,FY,FZ,MX,MY,MZ,L
8.53426800264,0.00174662517,9.79189291e-07,-1.5754551e-05,-0.0115673166,1.11964999,-1.27907664,853.426800264
