Displacement,FX,FY,FZ,MX,MY,MZ,L
0.970575643425,0.0200113719,-9.43996274e-05,5.56707382e-05,-0.00341993169,0.325573482,-1.78898299,97.0575643425
