Displacement,FX,FY,FZ,MX,MY,MZ,L
8.34171884995,0.00196027569,6.50590842e-07,-1.75332498e-05,-0.0125733029,1.18086455,-1.40361971,834.171884995
