Displacement,FX,FY,FZ,MX,MY,MZ,L,EA
6.96332319803,-0.003171,0.0,0.0,0.0,0.0,0.0,696.332319803,0.31710000000000005
