Displacement,FX,FY,FZ,MX,MY,MZ,L,EA
7.69377442282,-0.0025995,0.0,0.0,0.0,0.0,0.0,769.377442282,0.25994999999999996
