Displacement,FX,FY,FZ,MX,MY,MZ,L,EA
4.846659689968,-0.0050967,0.0,0.0,0.0,0.0,0.0,484.66596899679996,0.50967
