Displacement,FX,FY,FZ,MX,MY,MZ,L
8.813513512130001,0.00136464138,1.38916956e-06,-1.26956911e-05,-0.00964232715,0.975919881,-1.03150956,881.351351213
