Displacement,FX,FY,FZ,MX,MY,MZ,L
7.8241153380899995,0.00243421875,-2.55697656e-06,-2.13821058e-05,-0.0142914843,1.28246697,-1.63645923,782.4115338089999
