Displacement,FX,FY,FZ,MX,MY,MZ,L
6.290753662178,0.00361445735,1.83125903e-06,-2.66956913e-05,-0.0145884844,1.4003528,-1.9587147,629.0753662178
