Displacement,FX,FY,FZ,MX,MY,MZ,L,EA
2.75272297262,-0.0090681,0.0,0.0,0.0,0.0,0.0,275.272297262,0.9068100000000001
