Displacement,FX,FY,FZ,MX,MY,MZ,L,EA
8.74133516635,-0.0015194,0.0,0.0,0.0,0.0,0.0,874.133516635,0.15194
