Displacement,FX,FY,FZ,MX,MY,MZ,L
1.572360911762,0.013946414,-3.71354122e-06,-7.05011189e-06,-0.0032465987,0.810465852,-1.95330479,157.2360911762
