Displacement,FX,FY,FZ,MX,MY,MZ,L,EA
7.626580626949999,-0.0026541,0.0,0.0,0.0,0.0,0.0,762.6580626949999,0.26541
