Displacement,FX,FY,FZ,MX,MY,MZ,L,EA
1.691977275264,-0.014059,0.0,5.6674e-05,0.0,0.0,0.0,169.1977275264,1.4059
