Displacement,FX,FY,FZ,MX,MY,MZ,L
4.63842352302,0.00520061881,-1.9725462e-06,-3.09118641e-05,-0.0126267123,1.41522105,-2.08768332,463.842352302
