Displacement,FX,FY,FZ,MX,MY,MZ,L
6.465796428552,0.00347726612,2.93271047e-06,-2.61886662e-05,-0.0147195601,1.39350746,-1.9359711,646.5796428552001
