Displacement,FX,FY,FZ,MX,MY,MZ,L,EA
2.402735611882,-0.010292,0.0,0.0,0.0,0.0,0.0,240.2735611882,1.0292000000000001
