Displacement,FX,FY,FZ,MX,MY,MZ,L,EA
6.378832631237,-0.0036295,0.0,0.0,0.0,0.0,0.0,637.8832631237,0.36295
