Displacement,FX,FY,FZ,MX,MY,MZ,L
5.2528214886110005,0.00452640824,-1.94539896e-05,-2.98284649e-05,-0.0133469352,1.41872915,-2.05633201,525.2821488611
