Displacement,FX,FY,FZ,MX,MY,MZ,L
3.8850302560389998,0.00625129527,1.86506785e-06,-3.10208998e-05,-0.0109797447,1.38346949,-2.10785377,388.50302560389997
