Displacement,FX,FY,FZ,MX,MY,MZ,L,EA
7.34459332027,-0.002877,0.0,0.0,0.0,0.0,0.0,734.459332027,0.28769999999999996
