Displacement,FX,FY,FZ,MX,MY,MZ,L,EA
5.927596902238999,-0.0040083,0.0,0.0,0.0,0.0,0.0,592.7596902239,0.4008300000000001
