Displacement,FX,FY,FZ,MX,MY,MZ,L,EA
3.4391618907700003,-0.0073064,0.0,0.0,0.0,0.0,0.0,343.916189077,0.73064
