Displacement,FX,FY,FZ,MX,MY,MZ,L
6.378832631237,0.003545036,2.46749016e-06,-2.64407081e-05,-0.0146579426,1.39705741,-1.94755756,637.8832631237
