Displacement,FX,FY,FZ,MX,MY,MZ,L,EA
7.19584573423,-0.0029921,0.0,0.0,0.0,0.0,0.0,719.5845734229999,0.29921
