Displacement,FX,FY,FZ,MX,MY,MZ,L,EA
8.62162364034,-0.0016843,0.0,0.0,0.0,0.0,0.0,862.162364034,0.16843000000000002
