Displacement,FX,FY,FZ,MX,MY,MZ,L,EA
4.533079941946999,-0.0054866,0.0,0.0,0.0,0.0,0.0,453.3079941947,0.5486600000000001
