Displacement,FX,FY,FZ,MX,MY,MZ,L,EA
7.759623163839999,-0.0025452,0.0,0.0,0.0,0.0,0.0,775.9623163839999,0.25452
