Displacement,FX,FY,FZ,MX,MY,MZ,L
7.69377442282,0.0025402932,-4.3238546e-06,-2.22262719e-05,-0.0145600112,1.29998529,-1.67983261,769.377442282
