Displacement,FX,FY,FZ,MX,MY,MZ,L
8.84729455474,0.00130948645,1.37590936e-06,-1.22099991e-05,-0.00930958032,0.95035509,-0.993548094,884.729455474
