Displacement,FX,FY,FZ,MX,MY,MZ,L,EA
6.7198457474,-0.0033593,0.0,0.0,0.0,0.0,0.0,671.98457474,0.33593
