Displacement,FX,FY,FZ,MX,MY,MZ,L,EA
4.742956197301,-0.0052209,0.0,0.0,0.0,0.0,0.0,474.2956197301,0.5220899999999999
