Displacement,FX,FY,FZ,MX,MY,MZ,L,EA
7.5580535233,-0.0027091,0.0,0.0,0.0,0.0,0.0,755.80535233,0.27091
