Displacement,FX,FY,FZ,MX,MY,MZ,L
3.212541988962,0.00752478569,1.91718208e-06,-2.96857907e-05,-0.00917300695,1.3200447,-2.10626404,321.2541988962
