Displacement,FX,FY,FZ,MX,MY,MZ,L
8.488348310600001,0.00180035633,9.22039511e-07,-1.62051124e-05,-0.0118323781,1.13613012,-1.31143614,848.83483106
