Displacement,FX,FY,FZ,MX,MY,MZ,L,EA
5.051506759266,-0.0048636,0.0,0.0,0.0,0.0,0.0,505.1506759266,0.48636
