Displacement,FX,FY,FZ,MX,MY,MZ,L,EA
8.70295048167,-0.0015745,0.0,0.0,0.0,0.0,0.0,870.295048167,0.15745
