Displacement,FX,FY,FZ,MX,MY,MZ,L,EA
8.00934091008,-0.0023304,0.0,0.0,0.0,0.0,0.0,800.934091008,0.23303999999999997
