Displacement,FX,FY,FZ,MX,MY,MZ,L
2.048968193496,0.0112369024,-3.67466328e-05,-2.05491669e-05,-0.0057750658,1.04228039,-2.03718999,204.89681934959998
