Displacement,FX,FY,FZ,MX,MY,MZ,L
3.5515798498869997,0.00683228718,2.54260802e-06,-3.05517169e-05,-0.0101215839,1.3573825,-2.10963828,355.1579849887
