Displacement,FX,FY,FZ,MX,MY,MZ,L
8.62162364034,0.00163848249,1.05962743e-06,-1.4841823e-05,-0.0110113631,1.08400029,-1.21197712,862.162364034
