Displacement,FX,FY,FZ,MX,MY,MZ,L
4.846659689968,0.00495793545,-3.30774995e-06,-3.0686555e-05,-0.013010213,1.41900552,-2.07833284,484.66596899679996
