Displacement,FX,FY,FZ,MX,MY,MZ,L,EA
8.53426800264,-0.0017935,0.0,0.0,0.0,0.0,0.0,853.426800264,0.17935
