Displacement,FX,FY,FZ,MX,MY,MZ,L
6.551629850799,0.00340879888,-2.69147638e-05,-2.45491719e-05,-0.0131791444,1.38831429,-1.92620528,655.1629850799001
