Displacement,FX,FY,FZ,MX,MY,MZ,L
4.212368612989,0.00575669773,4.62874208e-07,-3.11355107e-05,-0.0117456067,1.40120171,-2.10173058,421.23686129889995
