Displacement,FX,FY,FZ,MX,MY,MZ,L
4.426943870614,0.00546569997,-6.79712729e-07,-3.10579344e-05,-0.0122057256,1.40939826,-2.0955017,442.6943870614
