Displacement,FX,FY,FZ,MX,MY,MZ,L
8.00934091008,0.00227629235,-8.37661975e-07,-2.0111278e-05,-0.013805907,1.25311864,-1.5659112,800.934091008
