Displacement,FX,FY,FZ,MX,MY,MZ,L,EA
8.87952887972,-0.0012982,0.0,0.0,0.0,0.0,0.0,887.952887972,0.12982
