Displacement,FX,FY,FZ,MX,MY,MZ,L
4.320033864162,0.00560771418,-9.19300938e-08,-3.11079202e-05,-0.0119805828,1.40562165,-2.09882124,432.00338641620004
