Displacement,FX,FY,FZ,MX,MY,MZ,L
2.519845393249,0.00940181757,-9.393661e-06,-2.56202184e-05,-0.00709966792,1.19235126,-2.07852131,251.98453932490003
