Displacement,FX,FY,FZ,MX,MY,MZ,L
8.57869570157,0.00169266655,1.02438131e-06,-1.53001074e-05,-0.0112935736,1.10229404,-1.24591753,857.869570157
