Displacement,FX,FY,FZ,MX,MY,MZ,L
8.77819165763,0.00141971947,1.28805267e-06,-1.31055722e-05,-0.00990915371,1.00002911,-1.06891726,877.819165763
