Displacement,FX,FY,FZ,MX,MY,MZ,L,EA
8.392065317970001,-0.0019558,0.0,0.0,0.0,0.0,0.0,839.206531797,0.19558
