Displacement,FX,FY,FZ,MX,MY,MZ,L,EA
8.77819165763,-0.0014641,0.0,0.0,0.0,0.0,0.0,877.819165763,0.14641
