Displacement,FX,FY,FZ,MX,MY,MZ,L,EA
3.774533521331,-0.0066518,0.0,0.0,0.0,0.0,0.0,377.4533521331,0.66518
