Displacement,FX,FY,FZ,MX,MY,MZ,L
1.211946388404,0.0170452669,-1.02980772e-05,8.13929364e-06,-0.000294811289,0.561864793,-1.86229993,121.1946388404
