Displacement,FX,FY,FZ,MX,MY,MZ,L
8.392065317970001,0.00190716823,7.61485832e-07,-1.70942385e-05,-0.0123354349,1.16668697,-1.37371401,839.206531797
