Displacement,FX,FY,FZ,MX,MY,MZ,L
5.644293406833999,0.00415746543,-8.29202534e-06,-2.86184604e-05,-0.0138986795,1.41609373,-2.02580151,564.4293406833999
