Displacement,FX,FY,FZ,MX,MY,MZ,L,EA
3.8850302560389998,-0.0064578,0.0,0.0,0.0,0.0,0.0,388.50302560389997,0.64578
