Displacement,FX,FY,FZ,MX,MY,MZ,L
6.96332319803,0.00309747615,-2.67695382e-05,-2.63037728e-05,-0.015001147,1.36787831,-1.85850366,696.332319803
