Displacement,FX,FY,FZ,MX,MY,MZ,L
7.0420663478400005,0.00303865231,-2.31337441e-05,-2.59192966e-05,-0.0150402741,1.36237479,-1.84317005,704.206634784
