Displacement,FX,FY,FZ,MX,MY,MZ,L,EA
5.7397368513360005,-0.004176,0.0,0.0,0.0,0.0,0.0,573.9736851336,0.41759999999999997
