Displacement,FX,FY,FZ,MX,MY,MZ,L
6.636317892238001,0.00334429664,-2.2301526e-05,-2.4291372e-05,-0.0133185408,1.3843453,-1.91331281,663.6317892238001
