Displacement,FX,FY,FZ,MX,MY,MZ,L,EA
1.452469662163,-0.015997,0.0,5.8405e-05,0.0,0.0,0.0,145.2469662163,1.5997000000000001
