Displacement,FX,FY,FZ,MX,MY,MZ,L,EA
5.450463105726,-0.0044494,0.0,0.0,0.0,0.0,0.0,545.0463105726,0.44494
