Displacement,FX,FY,FZ,MX,MY,MZ,L,EA
7.0420663478400005,-0.0031104,0.0,0.0,0.0,0.0,0.0,704.206634784,0.31104
