Displacement,FX,FY,FZ,MX,MY,MZ,L
2.983675670216,0.00806526534,1.51776472e-07,-2.8671755e-05,-0.00850101782,1.28682787,-2.10056682,298.3675670216
