Displacement,FX,FY,FZ,MX,MY,MZ,L
6.019980666223001,0.00383384393,-1.21228247e-06,-2.74887691e-05,-0.0143359882,1.40870295,-1.98973757,601.9980666223
