Displacement,FX,FY,FZ,MX,MY,MZ,L
2.6365146456870003,0.0090297272,-6.12897418e-06,-2.64830887e-05,-0.00745507402,1.22018145,-2.08559735,263.6514645687
