Displacement,FX,FY,FZ,MX,MY,MZ,L
6.201574919694999,0.0036856472,1.01274442e-06,-2.69552083e-05,-0.014511659,1.40339392,-1.96945508,620.1574919694999
