Displacement,FX,FY,FZ,MX,MY,MZ,L
1.691977275264,0.0131388772,-8.88257109e-05,-1.44401565e-05,-0.00508199783,0.874535873,-1.98937235,169.1977275264
