Displacement,FX,FY,FZ,MX,MY,MZ,L
0.84962519368,0.0220680721,-8.4516907e-05,1.5694648e-05,-0.00403688366,0.207190615,-1.7399873,84.962519368
