Displacement,FX,FY,FZ,MX,MY,MZ,L,EA
3.098379664831,-0.0080964,0.0,0.0,0.0,0.0,0.0,309.8379664831,0.8096399999999999
