Displacement,FX,FY,FZ,MX,MY,MZ,L,EA
8.440944653270002,-0.0019019,0.0,0.0,0.0,0.0,0.0,844.0944653270001,0.19019
