Displacement,FX,FY,FZ,MX,MY,MZ,L
7.759623163839999,0.0024871431,-3.36680721e-06,-2.18045398e-05,-0.0144316745,1.29141731,-1.65850032,775.9623163839999
