Displacement,FX,FY,FZ,MX,MY,MZ,L,EA
1.3323244862959998,-0.017191,0.0,6.0323e-05,0.0,0.0,0.0,133.2324486296,1.7191000000000003
