Displacement,FX,FY,FZ,MX,MY,MZ,L,EA
8.84729455474,-0.0013535,0.0,0.0,0.0,0.0,0.0,884.729455474,0.13535000000000003
