Displacement,FX,FY,FZ,MX,MY,MZ,L,EA
0.84962519368,-0.024902,0.0,9.531e-05,0.0,0.0,0.0,84.962519368,2.4902
