Displacement,FX,FY,FZ,MX,MY,MZ,L
7.88723967079,0.00238146858,-1.87670171e-06,-2.09590016e-05,-0.0141400257,1.27311478,-1.613692,788.723967079
