Displacement,FX,FY,FZ,MX,MY,MZ,L,EA
3.994847795017,-0.0062742,0.0,0.0,0.0,0.0,0.0,399.48477950169996,0.62742
