Displacement,FX,FY,FZ,MX,MY,MZ,L,EA
5.644293406833999,-0.0042641,0.0,0.0,0.0,0.0,0.0,564.4293406833999,0.42641
