Displacement,FX,FY,FZ,MX,MY,MZ,L,EA
6.802198813625,-0.0032953,0.0,0.0,0.0,0.0,0.0,680.2198813625,0.32953000000000005
