Displacement,FX,FY,FZ,MX,MY,MZ,L
8.18196594037,0.00211866228,1.30198761e-07,-1.88315865e-05,-0.0132314883,1.2195185,-1.48840106,818.1965940370001
