Displacement,FX,FY,FZ,MX,MY,MZ,L
7.48820509205,0.00270166155,-8.28613769e-06,-2.34851863e-05,-0.0148663659,1.32356583,-1.73976957,748.820509205
