Displacement,FX,FY,FZ,MX,MY,MZ,L
5.547863205533999,0.00424498058,-1.06712089e-05,-2.89150877e-05,-0.0137716471,1.41722554,-2.03393475,554.7863205534
