Displacement,FX,FY,FZ,MX,MY,MZ,L,EA
4.949515871192,-0.0049777,0.0,0.0,0.0,0.0,0.0,494.95158711920004,0.49777
