Displacement,FX,FY,FZ,MX,MY,MZ,L
2.167276430069,0.0107166941,-2.80735849e-05,-2.19177455e-05,-0.00609193232,1.08648677,-2.04987236,216.7276430069
