Displacement,FX,FY,FZ,MX,MY,MZ,L
5.7397368513360005,0.00407276882,-6.17121439e-06,-2.83272093e-05,-0.0140184411,1.41466649,-2.01732468,573.9736851336
