Displacement,FX,FY,FZ,MX,MY,MZ,L
6.88336269362,0.00315726758,-3.08009787e-05,-2.66806201e-05,-0.0149402148,1.37312766,-1.87334892,688.3362693619999
