Displacement,FX,FY,FZ,MX,MY,MZ,L
8.87952887972,0.00125429956,1.47538822e-06,-1.1793441e-05,-0.00902947087,0.923248467,-0.955078591,887.952887972
