Displacement,FX,FY,FZ,MX,MY,MZ,L
3.4391618907700003,0.00704924074,2.51111113e-06,-3.03186389e-05,-0.00981499619,1.34636527,-2.10914008,343.916189077
