Displacement,FX,FY,FZ,MX,MY,MZ,L
3.3261426843089996,0.00727964313,2.3145369e-06,-3.00314277e-05,-0.00949851341,1.33397148,-2.10803013,332.6142684309
