Displacement,FX,FY,FZ,MX,MY,MZ,L,EA
2.983675670216,-0.0083972,0.0,0.0,0.0,0.0,0.0,298.3675670216,0.83972
