Displacement,FX,FY,FZ,MX,MY,MZ,L
3.994847795017,0.00607785184,1.470367e-06,-3.10812611e-05,-0.011245287,1.39019195,-2.10626247,399.48477950169996
