Displacement,FX,FY,FZ,MX,MY,MZ,L
8.28991405097,0.00201320987,5.12665915e-07,-1.79689546e-05,-0.0128020006,1.19436885,-1.43270078,828.991405097
