Displacement,FX,FY,FZ,MX,MY,MZ,L,EA
4.103966939548,-0.0061003,0.0,0.0,0.0,0.0,0.0,410.3966939548,0.6100300000000001
