Displacement,FX,FY,FZ,MX,MY,MZ,L,EA
7.270855086489999,-0.0029342,0.0,0.0,0.0,0.0,0.0,727.085508649,0.29342000000000007
