Displacement,FX,FY,FZ,MX,MY,MZ,L
8.66304431415,0.00158407745,1.16243589e-06,-1.44556843e-05,-0.0107802073,1.06471366,-1.17727218,866.304431415
