Displacement,FX,FY,FZ,MX,MY,MZ,L
7.270855086489999,0.00286717937,-1.43493064e-05,-2.47234748e-05,-0.0150353542,1.34426136,-1.79403259,727.085508649
