Displacement,FX,FY,FZ,MX,MY,MZ,L
4.949515871192,0.00484404832,-3.99457008e-06,-3.05545491e-05,-0.0131884867,1.42022018,-2.07309747,494.95158711920004
