Displacement,FX,FY,FZ,MX,MY,MZ,L,EA
1.930301748525,-0.012522,0.0,0.0,0.0,0.0,0.0,193.0301748525,1.2522
