Displacement,FX,FY,FZ,MX,MY,MZ,L
8.440944653270002,0.00185386697,8.5065539e-07,-1.66517517e-05,-0.0120885467,1.15179161,-1.34298461,844.0944653270001
