Displacement,FX,FY,FZ,MX,MY,MZ,L,EA
2.048968193496,-0.011881,0.0,0.0,0.0,0.0,0.0,204.89681934959998,1.1880999999999997
