Displacement,FX,FY,FZ,MX,MY,MZ,L,EA
5.152614523748,-0.004754,0.0,0.0,0.0,0.0,0.0,515.2614523748,0.4754
