Displacement,FX,FY,FZ,MX,MY,MZ,L,EA
8.813513512130001,-0.0014088,0.0,0.0,0.0,0.0,0.0,881.351351213,0.14087999999999998
