Displacement,FX,FY,FZ,MX,MY,MZ,L,EA
5.2528214886110005,-0.0046486,0.0,0.0,0.0,0.0,0.0,525.2821488611,0.46486
