Displacement,FX,FY,FZ,MX,MY,MZ,L
1.930301748525,0.0118083105,-4.73711407e-05,-1.90469436e-05,-0.00548281208,0.992701414,-2.02268901,193.0301748525
