Displacement,FX,FY,FZ,MX,MY,MZ,L,EA
2.167276430069,-0.011301,0.0,0.0,0.0,0.0,0.0,216.7276430069,1.1300999999999999
