Displacement,FX,FY,FZ,MX,MY,MZ,L
4.103966939548,0.00591320713,9.73970361e-07,-3.11381009e-05,-0.0115005857,1.39608196,-2.10421823,410.3966939548
