Displacement,FX,FY,FZ,MX,MY,MZ,L
5.051506759266,0.00473439078,-1.31013944e-07,-3.02998233e-05,-0.0134351937,1.42007122,-2.06681767,505.1506759266
