Displacement,FX,FY,FZ,MX,MY,MZ,L,EA
1.572360911762,-0.014964,0.0,5.7322e-05,0.0,0.0,0.0,157.2360911762,1.4964
