Displacement,FX,FY,FZ,MX,MY,MZ,L
5.927596902238999,0.00391112042,-2.64222847e-06,-2.776166e-05,-0.0142368998,1.41096417,-1.99930181,592.7596902239
