Displacement,FX,FY,FZ,MX,MY,MZ,L
8.70295048167,0.00152946894,1.18209466e-06,-1.39850672e-05,-0.0104783537,1.04433546,-1.14184118,870.295048167
