Displacement,FX,FY,FZ,MX,MY,MZ,L,EA
8.488348310600001,-0.0018478,0.0,0.0,0.0,0.0,0.0,848.83483106,0.18477999999999997
