Displacement,FX,FY,FZ,MX,MY,MZ,L
6.7198457474,0.00328111379,-1.81360552e-05,-2.40421159e-05,-0.0134484693,1.38011988,-1.89999507,671.98457474
