Displacement,FX,FY,FZ,MX,MY,MZ,L
7.19584573423,0.00292358011,-1.69438969e-05,-2.5127868e-05,-0.0150564094,1.35057369,-1.81095413,719.5845734229999
