Displacement,FX,FY,FZ,MX,MY,MZ,L
1.452469662163,0.0148370583,-3.53971566e-06,-4.29339707e-06,-0.00288986947,0.734245241,-1.92593594,145.2469662163
