Displacement,FX,FY,FZ,MX,MY,MZ,L
8.236659977759999,0.00206599521,3.41722088e-07,-1.8401427e-05,-0.0130212897,1.2072409,-1.46095914,823.6659977759999
