Displacement,FX,FY,FZ,MX,MY,MZ,L,EA
7.94898512632,-0.0023839,0.0,0.0,0.0,0.0,0.0,794.898512632,0.23839
