Displacement,FX,FY,FZ,MX,MY,MZ,L,EA
6.019980666223001,-0.0039282,0.0,0.0,0.0,0.0,0.0,601.9980666223,0.39281999999999995
