Displacement,FX,FY,FZ,MX,MY,MZ,L,EA
4.426943870614,-0.0056289,0.0,0.0,0.0,0.0,0.0,442.6943870614,0.56289
