Displacement,FX,FY,FZ,MX,MY,MZ,L,EA
6.88336269362,-0.0032326,0.0,0.0,0.0,0.0,0.0,688.3362693619999,0.32326
