Displacement,FX,FY,FZ,MX,MY,MZ,L,EA
3.3261426843089996,-0.0075528,0.0,0.0,0.0,0.0,0.0,332.6142684309,0.7552800000000001
