Displacement,FX,FY,FZ,MX,MY,MZ,L
4.742956197301,0.00507667466,-2.63023601e-06,-3.08063754e-05,-0.0128231559,1.41734942,-2.08319586,474.2956197301
