Displacement,FX,FY,FZ,MX,MY,MZ,L,EA
7.41704754437,-0.0028205,0.0,0.0,0.0,0.0,0.0,741.704754437,0.28204999999999997
