Displacement,FX,FY,FZ,MX,MY,MZ,L
2.033475646505,0.00255724201,2.04187076e-07,1.31374691e-07,9.44635356e-06,-0.00297467255,-0.487435203,203.34756465049998
