Displacement,FX,FY,FZ,MX,MY,MZ,L,EA
1.396217154425,-0.0038768,0.0,0.0,0.0,0.0,0.0,139.6217154425,0.38768
