Displacement,FX,FY,FZ,MX,MY,MZ,L,EA
8.388265451607001,-0.00069257,0.0,-1.9554e-11,0.0,0.0,0.0,838.8265451607001,0.069257
