Displacement,FX,FY,FZ,MX,MY,MZ,L
8.84729455474,0.000662818034,4.70212314e-07,-1.57905743e-06,-0.000900400612,0.00110359731,-0.491022291,884.7294554739999
