Displacement,FX,FY,FZ,MX,MY,MZ,L,EA
4.949515871196001,-0.0013022,0.0,-8.1855e-11,0.0,0.0,0.0,494.95158711960005,0.13022
