Displacement,FX,FY,FZ,MX,MY,MZ,L,EA
7.34459332027,-0.00088691,0.0,-3.0013e-11,0.0,0.0,0.0,734.459332027,0.08869099999999999
