Displacement,FX,FY,FZ,MX,MY,MZ,L
5.834176853257,0.000995190992,-6.94043521e-06,-9.32486728e-07,-0.000328357714,0.00366590784,-0.489322008,583.4176853257001
