Displacement,FX,FY,FZ,MX,MY,MZ,L,EA
6.29075366218,-0.0010315,0.0,1.3642e-11,0.0,0.0,0.0,629.075366218,0.10315
