Displacement,FX,FY,FZ,MX,MY,MZ,L,EA
8.858178189294,-0.00065624,0.0,-9.8225e-11,0.0,0.0,0.0,885.8178189294,0.065624
