Displacement,FX,FY,FZ,MX,MY,MZ,L
8.663044314159999,0.000676086904,-4.68533622e-06,9.27830115e-07,0.00051384577,-0.0011251157,-0.490785702,866.3044314159999
