Displacement,FX,FY,FZ,MX,MY,MZ,L
7.501020604068999,0.00072218664,-1.14540356e-05,3.53995711e-06,0.00187054223,-0.00513040923,-0.499891453,750.1020604068999
