Displacement,FX,FY,FZ,MX,MY,MZ,L
2.244238119513,0.00232978896,-3.74733276e-08,2.08010897e-06,0.000110486824,-0.00825295598,-0.48906879,224.4238119513
