Displacement,FX,FY,FZ,MX,MY,MZ,L
3.6633769083359997,0.00156258174,-9.01497577e-06,-8.69017094e-06,-0.00149415425,0.0114810817,-0.486121823,366.3376908336
