Displacement,FX,FY,FZ,MX,MY,MZ,L,EA
2.662723314502,-0.0021156,0.0,5.457e-12,0.0,0.0,0.0,266.2723314502,0.21155999999999997
