Displacement,FX,FY,FZ,MX,MY,MZ,L,EA
6.305088432054e-16,-1.8806e-12,0.0,0.0,0.0,0.0,0.0,6.305088432054e-14,1.8806e-10
