Displacement,FX,FY,FZ,MX,MY,MZ,L
5.352110135268999,0.00108122552,-3.89452066e-05,9.42498446e-06,0.00287249473,-0.00960049029,-0.492044406,535.2110135268999
