Displacement,FX,FY,FZ,MX,MY,MZ,L
7.9970922066979995,0.000674172043,-5.92902859e-05,1.56359747e-05,0.00887107179,-0.00791987651,-0.499405208,799.7092206698
