Displacement,FX,FY,FZ,MX,MY,MZ,L,EA
1.9277547449010002,-0.0028733,0.0,-7.276e-12,0.0,0.0,0.0,192.7754744901,0.28733
