Displacement,FX,FY,FZ,MX,MY,MZ,L,EA
8.813513512130001,-0.00074186,0.0,-4.5475e-13,0.0,0.0,0.0,881.351351213,0.07418599999999999
