Displacement,FX,FY,FZ,MX,MY,MZ,L
3.383415890891,0.00156981358,-4.79759541e-05,3.03536654e-05,0.00554425076,-0.0187996272,-0.49698498,338.3415890891
