Displacement,FX,FY,FZ,MX,MY,MZ,L,EA
3.586162952978,-0.001589,0.0,-5.457e-12,0.0,0.0,0.0,358.6162952978,0.15889999999999999
