Displacement,FX,FY,FZ,MX,MY,MZ,L
8.571551363040001,0.000633975753,6.23165924e-07,-1.16793672e-07,-8.25947506e-05,0.000955999596,-0.500419457,857.155136304
