Displacement,FX,FY,FZ,MX,MY,MZ,L,EA
3.4391618907710004,-0.0018493,0.0,2.9104e-11,0.0,0.0,0.0,343.91618907710006,0.18492999999999998
