Displacement,FX,FY,FZ,MX,MY,MZ,L,EA
8.48834831059,-0.00076989,0.0,-4.0927e-11,0.0,0.0,0.0,848.834831059,0.07698899999999999
