Displacement,FX,FY,FZ,MX,MY,MZ,L
7.789590222306,0.000694508752,-2.45890035e-05,-1.3587065e-05,-0.00757613833,0.00780399539,-0.499664048,778.9590222306
