Displacement,FX,FY,FZ,MX,MY,MZ,L
6.134587876789001,0.000881394109,1.13993309e-07,3.06311995e-06,0.00127160077,-0.00629106932,-0.499110729,613.4587876789001
