Displacement,FX,FY,FZ,MX,MY,MZ,L
1.211946388405,0.00437094166,3.33235717e-06,-4.7175854e-07,-5.16723103e-05,-0.00162293277,-0.463716789,121.19463884049999
