Displacement,FX,FY,FZ,MX,MY,MZ,L,EA
7.82411533808,-0.00083378,0.0,-3.7744e-11,0.0,0.0,0.0,782.4115338080001,0.08337800000000001
