Displacement,FX,FY,FZ,MX,MY,MZ,L
0.84962519368,0.00594960499,1.80111501e-06,-3.63725121e-07,-2.81806308e-05,-0.00140996026,-0.451878767,84.962519368
