Displacement,FX,FY,FZ,MX,MY,MZ,L,EA
7.88723967079,-0.00082726,0.0,-3.0013e-11,0.0,0.0,0.0,788.723967079,0.08272600000000001
