Displacement,FX,FY,FZ,MX,MY,MZ,L,EA
7.121897837945999,-0.00081368,0.0,-2.5921e-11,0.0,0.0,0.0,712.1897837946,0.081368
