Displacement,FX,FY,FZ,MX,MY,MZ,L,EA
7.417047544359999,-0.00087845,0.0,-2.3647e-11,0.0,0.0,0.0,741.7047544359999,0.087845
