Displacement,FX,FY,FZ,MX,MY,MZ,L
6.8021988136200005,0.000858093728,-1.7924533e-06,-7.9376623e-06,-0.0033939896,0.00693554008,-0.490404299,680.219881362
