Displacement,FX,FY,FZ,MX,MY,MZ,L
1.502876992134,0.00339230453,-6.42874227e-07,2.88616866e-06,-9.15451596e-05,-0.0102841177,-0.481671945,150.2876992134
