Displacement,FX,FY,FZ,MX,MY,MZ,L
7.693774422820001,0.000755585614,-6.60568214e-05,-4.3977052e-05,-0.0228577562,0.0105193267,-0.492573845,769.3774422820001
