Displacement,FX,FY,FZ,MX,MY,MZ,L
8.39206531796,0.000694714661,-3.61600567e-05,-2.51848251e-05,-0.0139352398,0.00545944682,-0.490454739,839.206531796
