Displacement,FX,FY,FZ,MX,MY,MZ,L,EA
8.511385526771,-0.00068268,0.0,-2.0918e-11,0.0,0.0,0.0,851.1385526771,0.068268
