Displacement,FX,FY,FZ,MX,MY,MZ,L
7.34459332027,0.000795656306,6.6944321e-07,3.47709283e-06,0.0016216216,-0.0042786971,-0.490350633,734.459332027
