Displacement,FX,FY,FZ,MX,MY,MZ,L,EA
7.04206634785,-0.00092409,0.0,5.0022e-11,0.0,0.0,0.0,704.206634785,0.092409
