Displacement,FX,FY,FZ,MX,MY,MZ,L
6.37883263123,0.000914385426,-4.06505519e-05,4.50983644e-05,0.0184565222,-0.0165025321,-0.494379494,637.883263123
