Displacement,FX,FY,FZ,MX,MY,MZ,L,EA
8.689061703447999,-0.00066888,0.0,2.1373e-11,0.0,0.0,0.0,868.9061703448,0.066888
