Displacement,FX,FY,FZ,MX,MY,MZ,L,EA
7.426805484219,-0.00078082,0.0,1.3642e-12,0.0,0.0,0.0,742.6805484219,0.078082
