Displacement,FX,FY,FZ,MX,MY,MZ,L
7.426805484219,0.00073061428,8.75460273e-08,3.43751162e-06,0.00181213392,-0.00526979073,-0.500163319,742.6805484219
