Displacement,FX,FY,FZ,MX,MY,MZ,L
0.8608594855395999,0.00560013344,-1.39952506e-05,9.61590558e-07,-0.000215766157,-0.00894292082,-0.466690512,86.08594855396
