Displacement,FX,FY,FZ,MX,MY,MZ,L
1.2894044801239999,0.00390515064,2.34984924e-07,3.05147842e-06,-0.000167476023,-0.0107229379,-0.477998636,128.9404480124
