Displacement,FX,FY,FZ,MX,MY,MZ,L,EA
3.986858419167,-0.0014341,0.0,-9.0949e-13,0.0,0.0,0.0,398.6858419167,0.14340999999999998
