Displacement,FX,FY,FZ,MX,MY,MZ,L
6.964732836764,0.000778214744,1.21168625e-07,3.23122367e-06,0.00157533142,-0.00563519336,-0.499831269,696.4732836764
