Displacement,FX,FY,FZ,MX,MY,MZ,L,EA
6.2015749196900005,-0.001046,0.0,-5.457e-12,0.0,0.0,0.0,620.157491969,0.1046
