Displacement,FX,FY,FZ,MX,MY,MZ,L
2.402735611883,0.00233338209,-1.17546656e-06,4.54671681e-06,0.000326197135,-0.00990649521,-0.479413376,240.2735611883
