Displacement,FX,FY,FZ,MX,MY,MZ,L,EA
6.306285936250999,-0.00091688,0.0,-4.5475e-13,0.0,0.0,0.0,630.6285936250999,0.091688
