Displacement,FX,FY,FZ,MX,MY,MZ,L
4.7429561973,0.00121602831,-9.50927443e-06,3.80352139e-06,0.00100478578,-0.00709702272,-0.487795531,474.29561973
