Displacement,FX,FY,FZ,MX,MY,MZ,L
8.87952887972,0.000659260291,-7.67828672e-06,3.15299258e-06,0.00178196634,-0.00126102019,-0.490387768,887.952887972
