Displacement,FX,FY,FZ,MX,MY,MZ,L
4.533079941946999,0.00127139209,-9.34773219e-07,1.95170287e-07,5.93587148e-05,-0.00217450763,-0.48669699,453.3079941947
