Displacement,FX,FY,FZ,MX,MY,MZ,L
5.051506759261,0.00114474232,7.66537507e-06,-4.15602699e-07,-0.00021422452,-0.00278960752,-0.486524447,505.1506759261
