Displacement,FX,FY,FZ,MX,MY,MZ,L
7.04206634785,0.000828935532,7.94673809e-07,2.93320045e-06,0.00130434319,-0.00438710162,-0.490030229,704.206634785
