Displacement,FX,FY,FZ,MX,MY,MZ,L
2.454017959342,0.00214008717,-4.05872385e-08,2.20909715e-06,0.000165668781,-0.00822078909,-0.490384882,245.40179593419998
