Displacement,FX,FY,FZ,MX,MY,MZ,L
6.7198457474,0.000867877359,3.13388398e-07,-4.11458313e-06,-0.00172852659,0.00544041027,-0.489867247,671.98457474
