Displacement,FX,FY,FZ,MX,MY,MZ,L
2.983675670209,0.00190310925,-0.000217635314,6.56507909e-05,0.00778062668,-0.0307433568,-0.513618896,298.3675670209
