Displacement,FX,FY,FZ,MX,MY,MZ,L,EA
0.60729986107,-0.0086915,0.0,0.0,0.0,0.0,0.0,60.729986107,0.8691499999999999
