Displacement,FX,FY,FZ,MX,MY,MZ,L,EA
3.2125419889680003,-0.0019738,0.0,5.457e-12,0.0,0.0,0.0,321.2541988968,0.19737999999999997
