Displacement,FX,FY,FZ,MX,MY,MZ,L
8.00934091009,0.000730411518,1.60353832e-07,3.17580998e-07,0.000171738728,-0.00120563624,-0.490471286,800.934091009
