Displacement,FX,FY,FZ,MX,MY,MZ,L
7.88723967079,0.000741440595,-1.59065409e-06,4.82541509e-07,0.00024897057,-0.0015728247,-0.490494683,788.723967079
