Displacement,FX,FY,FZ,MX,MY,MZ,L,EA
2.558510670317,-0.0021978,0.0,1.819e-12,0.0,0.0,0.0,255.8510670317,0.21978000000000003
