Displacement,FX,FY,FZ,MX,MY,MZ,L,EA
1.715691473793,-0.0032043,0.0,0.0,0.0,0.0,0.0,171.5691473793,0.32043
