Displacement,FX,FY,FZ,MX,MY,MZ,L,EA
4.320033864167,-0.0014853,0.0,1.0914e-11,0.0,0.0,0.0,432.0033864167,0.14853
