Displacement,FX,FY,FZ,MX,MY,MZ,L,EA
7.119578376899999,-0.00091427,0.0,4.2746e-11,0.0,0.0,0.0,711.9578376899999,0.091427
