Displacement,FX,FY,FZ,MX,MY,MZ,L,EA
5.628944958576e-16,-2.6618e-12,0.0,0.0,0.0,0.0,0.0,5.628944958576e-14,2.6617999999999995e-10
