Displacement,FX,FY,FZ,MX,MY,MZ,L
5.152614523752,0.00112259688,-5.29287001e-06,1.46729872e-06,0.000428956632,-0.00481977739,-0.488110467,515.2614523752
