Displacement,FX,FY,FZ,MX,MY,MZ,L,EA
6.80451834744,-0.00085095,0.0,-1.1823e-11,0.0,0.0,0.0,680.451834744,0.085095
