Displacement,FX,FY,FZ,MX,MY,MZ,L
8.06829647048,0.000723102479,-0.00015607535,-6.22496009e-05,-0.0321472428,0.0118595597,-0.499208416,806.8296470480001
