Displacement,FX,FY,FZ,MX,MY,MZ,L,EA
8.12584150066,-0.0008035,0.0,1.5916e-11,0.0,0.0,0.0,812.584150066,0.08035
