Displacement,FX,FY,FZ,MX,MY,MZ,L,EA
8.06829647048,-0.0008091,0.0,-2.1373e-11,0.0,0.0,0.0,806.8296470480001,0.08091000000000001
