Displacement,FX,FY,FZ,MX,MY,MZ,L,EA
5.834176853257,-0.0011101,0.0,-1.728e-11,0.0,0.0,0.0,583.4176853257001,0.11101
