Displacement,FX,FY,FZ,MX,MY,MZ,L
8.289914050970001,0.000706010414,1.54328141e-06,-1.25984661e-06,-0.000695638675,0.00159294896,-0.490415263,828.9914050970001
