Displacement,FX,FY,FZ,MX,MY,MZ,L,EA
8.18196594037,-0.00079811,0.0,3.6835e-11,0.0,0.0,0.0,818.1965940370001,0.07981099999999999
