Displacement,FX,FY,FZ,MX,MY,MZ,L
1.930301748528,0.00286284451,-1.49446609e-05,-3.11341137e-06,-5.72236599e-05,0.00908026057,-0.477569886,193.0301748528
