Displacement,FX,FY,FZ,MX,MY,MZ,L,EA
2.167276430065,-0.0028628,0.0,-1.4552e-11,0.0,0.0,0.0,216.7276430065,0.28628000000000003
