Displacement,FX,FY,FZ,MX,MY,MZ,L,EA
7.693774422820001,-0.00084758,0.0,1.3642e-12,0.0,0.0,0.0,769.3774422820001,0.084758
