Displacement,FX,FY,FZ,MX,MY,MZ,L,EA
7.759623163840001,-0.00084055,0.0,-5.0022e-12,0.0,0.0,0.0,775.962316384,0.08405499999999999
