Displacement,FX,FY,FZ,MX,MY,MZ,L
8.440944653270002,0.000692714326,-1.75355266e-05,-4.24776226e-06,-0.0022700182,0.00251113317,-0.490835727,844.0944653270001
