Displacement,FX,FY,FZ,MX,MY,MZ,L
8.62162364035,0.000678006632,-1.8816424e-05,-8.24313611e-06,-0.0045496068,0.00271722545,-0.490482869,862.162364035
