Displacement,FX,FY,FZ,MX,MY,MZ,L
2.167276430065,0.00256963786,-6.4721025e-06,2.85729766e-06,0.000160369169,-0.00819262021,-0.478343437,216.7276430065
