Displacement,FX,FY,FZ,MX,MY,MZ,L
4.949515871196001,0.00116886228,-4.38205502e-05,1.56834722e-05,0.00419032078,-0.0129220224,-0.493191351,494.95158711960005
