Displacement,FX,FY,FZ,MX,MY,MZ,L,EA
7.19584573422,-0.00090481,0.0,-1.2733e-11,0.0,0.0,0.0,719.584573422,0.090481
