Displacement,FX,FY,FZ,MX,MY,MZ,L
3.2125419889680003,0.00177174425,-6.56840801e-06,-6.97746873e-06,-0.000934161768,0.0109765973,-0.484245531,321.2541988968
