Displacement,FX,FY,FZ,MX,MY,MZ,L
4.282836155771,0.00125163935,1.32505079e-07,-2.43540853e-06,-0.00061013677,0.00710230936,-0.496504891,428.2836155771
