Displacement,FX,FY,FZ,MX,MY,MZ,L,EA
2.870262803956,-0.001969,0.0,-1.819e-12,0.0,0.0,0.0,287.0262803956,0.1969
