Displacement,FX,FY,FZ,MX,MY,MZ,L,EA
3.686953184225,-0.001547,0.0,2.7285e-12,0.0,0.0,0.0,368.6953184225,0.1547
