Displacement,FX,FY,FZ,MX,MY,MZ,L,EA
2.7666444842840003,-0.0020395,0.0,0.0,0.0,0.0,0.0,276.6644484284,0.20395
