Displacement,FX,FY,FZ,MX,MY,MZ,L,EA
0.3645498651527,-0.012621,0.0,0.0,0.0,0.0,0.0,36.45498651527,1.2621000000000002
