Displacement,FX,FY,FZ,MX,MY,MZ,L
2.7666444842840003,0.00190848649,-7.65467689e-10,-2.26544216e-06,-0.000241528462,0.00801322494,-0.491982275,276.6644484284
