Displacement,FX,FY,FZ,MX,MY,MZ,L
8.813513512130001,0.000665000083,-8.74064312e-07,1.46974344e-07,8.60340968e-05,-0.000458103998,-0.490835963,881.351351213
