Displacement,FX,FY,FZ,MX,MY,MZ,L,EA
5.050704927709,-0.0011393,0.0,-4.5475e-12,0.0,0.0,0.0,505.0704927709,0.11393
