Displacement,FX,FY,FZ,MX,MY,MZ,L,EA
6.0477268477970005,-0.00095528,0.0,-2.7285e-12,0.0,0.0,0.0,604.7726847797001,0.095528
