Displacement,FX,FY,FZ,MX,MY,MZ,L,EA
7.6469795171340005,-0.0007587,0.0,-3.0923e-11,0.0,0.0,0.0,764.6979517134,0.07586999999999999
