Displacement,FX,FY,FZ,MX,MY,MZ,L
5.5478632055390005,0.0010447501,1.56956344e-06,-1.3737008e-06,-0.000498024677,0.00390720511,-0.487818716,554.7863205539
