Displacement,FX,FY,FZ,MX,MY,MZ,L
3.686953184225,0.0014480438,-2.89901692e-06,8.78982246e-06,0.00167507968,-0.012097431,-0.495558335,368.6953184225
