Displacement,FX,FY,FZ,MX,MY,MZ,L,EA
8.064518735596,-0.00071999,0.0,5.0022e-12,0.0,0.0,0.0,806.4518735596,0.07199900000000001
