Displacement,FX,FY,FZ,MX,MY,MZ,L
7.82411533808,0.000744991819,-4.15719911e-05,-2.0340085e-05,-0.0103627486,0.00699307099,-0.491805679,782.4115338080001
