Displacement,FX,FY,FZ,MX,MY,MZ,L,EA
8.571551363040001,-0.00067794,0.0,-3.7289e-11,0.0,0.0,0.0,857.155136304,0.06779400000000001
