Displacement,FX,FY,FZ,MX,MY,MZ,L,EA
8.39206531796,-0.00077855,0.0,1.6371e-11,0.0,0.0,0.0,839.206531796,0.07785500000000001
