Displacement,FX,FY,FZ,MX,MY,MZ,L,EA
8.131062483785,-0.00071418,0.0,3.1832e-11,0.0,0.0,0.0,813.1062483784999,0.07141800000000001
