Displacement,FX,FY,FZ,MX,MY,MZ,L,EA
5.92759690224,-0.001093,0.0,-1.819e-12,0.0,0.0,0.0,592.759690224,0.1093
