Displacement,FX,FY,FZ,MX,MY,MZ,L
5.450463105732,0.00106255278,1.24020582e-06,-2.45822594e-06,-0.000850471837,0.00502483773,-0.487560368,545.0463105732
