Displacement,FX,FY,FZ,MX,MY,MZ,L,EA
4.7429561973,-0.0013571,0.0,1.9099e-10,0.0,0.0,0.0,474.29561973,0.13571
