Displacement,FX,FY,FZ,MX,MY,MZ,L
3.787339823968,0.00140968634,-3.12272884e-06,6.95930794e-07,0.000152912474,-0.00458917434,-0.495479903,378.7339823968
