Displacement,FX,FY,FZ,MX,MY,MZ,L,EA
4.18463137992,-0.0013683,0.0,2.7285e-12,0.0,0.0,0.0,418.463137992,0.13683
