Displacement,FX,FY,FZ,MX,MY,MZ,L,EA
1.091356413452,-0.0053336,0.0,0.0,0.0,0.0,0.0,109.1356413452,0.53336
