Displacement,FX,FY,FZ,MX,MY,MZ,L
6.01998066623,0.000965630607,-1.13418967e-06,3.00304964e-06,0.00109510397,-0.00551112563,-0.489055053,601.998066623
