Displacement,FX,FY,FZ,MX,MY,MZ,L
8.388265451607001,0.000647586883,1.20735537e-07,-5.10681275e-10,-3.97603911e-07,-3.69498406e-06,-0.500326098,838.8265451607001
