Displacement,FX,FY,FZ,MX,MY,MZ,L
7.199315223044,0.000753242435,2.18018954e-07,-2.8074719e-06,-0.00142928892,0.00511305163,-0.499965196,719.9315223044
