Displacement,FX,FY,FZ,MX,MY,MZ,L
8.53426800265,0.000686833209,7.63204611e-07,2.07172707e-06,0.00113891165,-0.00183219857,-0.491031278,853.426800265
