Displacement,FX,FY,FZ,MX,MY,MZ,L
8.18196594037,0.000715934948,7.46134134e-07,-3.30386683e-06,-0.00173528284,0.00288568134,-0.490944669,818.1965940370001
