Displacement,FX,FY,FZ,MX,MY,MZ,L
7.626580626949999,0.000766454941,2.42241853e-06,1.21537596e-06,0.000600851711,-0.00255826239,-0.490164143,762.6580626949999
