Displacement,FX,FY,FZ,MX,MY,MZ,L
4.3805721119230006,0.00122368056,-7.92925402e-06,1.30245462e-06,0.000338704239,-0.00554580181,-0.496970611,438.05721119230003
