Displacement,FX,FY,FZ,MX,MY,MZ,L
2.636514645684,0.00213696281,5.92974605e-07,-1.50812411e-08,-3.45300032e-06,0.000333823755,-0.480450393,263.6514645684
