Displacement,FX,FY,FZ,MX,MY,MZ,L,EA
0.7285262092329999,-0.0075114,0.0,0.0,0.0,0.0,0.0,72.8526209233,0.7511399999999999
