Displacement,FX,FY,FZ,MX,MY,MZ,L
3.326142684312,0.00171328727,6.02378009e-07,2.3804605e-06,0.000359067108,-0.00711500045,-0.483519357,332.6142684312
