Displacement,FX,FY,FZ,MX,MY,MZ,L,EA
5.2528214886110005,-0.0012292,0.0,-8.6402e-11,0.0,0.0,0.0,525.2821488611,0.12291999999999999
