Displacement,FX,FY,FZ,MX,MY,MZ,L
3.2814812537129994,0.00161986814,-7.98822839e-08,-2.76044011e-06,-0.000429405948,0.00818177562,-0.493992485,328.14812537129995
