Displacement,FX,FY,FZ,MX,MY,MZ,L,EA
6.7232894151049996,-0.00086105,0.0,-5.457e-12,0.0,0.0,0.0,672.3289415104999,0.086105
