Displacement,FX,FY,FZ,MX,MY,MZ,L,EA
1.8218228220550001,-0.0030296,0.0,7.276e-12,0.0,0.0,0.0,182.1822822055,0.30295999999999995
