Displacement,FX,FY,FZ,MX,MY,MZ,L
6.2015749196900005,0.000938550482,2.61801745e-08,4.43682075e-06,0.00168947072,-0.00625389672,-0.489374124,620.157491969
