Displacement,FX,FY,FZ,MX,MY,MZ,L
6.306285936250999,0.000857333887,4.09667431e-06,-4.43440513e-07,-0.000258515275,0.000388403078,-0.498749012,630.6285936250999
