Displacement,FX,FY,FZ,MX,MY,MZ,L,EA
7.043700855916,-0.00082256,0.0,2.1373e-11,0.0,0.0,0.0,704.3700855916,0.082256
