Displacement,FX,FY,FZ,MX,MY,MZ,L
6.220777384516,0.00086895082,4.00849953e-06,-6.99074008e-08,-2.22393221e-05,0.00209428135,-0.498706365,622.0777384516
