Displacement,FX,FY,FZ,MX,MY,MZ,L,EA
5.051506759261,-0.0012767,0.0,-5.6389e-11,0.0,0.0,0.0,505.1506759261,0.12767
