Displacement,FX,FY,FZ,MX,MY,MZ,L,EA
7.48820509205,-0.0008703,0.0,6.8212e-11,0.0,0.0,0.0,748.820509205,0.08703
