Displacement,FX,FY,FZ,MX,MY,MZ,L
7.043700855916,0.000764799479,-6.23367403e-05,2.41082162e-05,0.0118118985,-0.0116050919,-0.500136863,704.3700855916
