Displacement,FX,FY,FZ,MX,MY,MZ,L
7.759623163840001,0.000753662294,9.5639669e-07,9.12230462e-07,0.000460969694,-0.00217037875,-0.490416088,775.962316384
