Displacement,FX,FY,FZ,MX,MY,MZ,L,EA
4.638423523021,-0.0013867,0.0,1.2187e-10,0.0,0.0,0.0,463.8423523021,0.13867
