Displacement,FX,FY,FZ,MX,MY,MZ,L,EA
6.46579642855,-0.0010043,0.0,-1.3642e-11,0.0,0.0,0.0,646.579642855,0.10043
