Displacement,FX,FY,FZ,MX,MY,MZ,L
5.3298197889929995,0.00101153468,-2.25220447e-07,3.96929681e-06,0.00135528278,-0.00766654043,-0.498274866,532.9819788993
