Displacement,FX,FY,FZ,MX,MY,MZ,L
3.4391618907710004,0.00165820541,-6.14186875e-06,-3.60189006e-06,-0.000625217161,0.00768168369,-0.484500738,343.91618907710006
