Displacement,FX,FY,FZ,MX,MY,MZ,L
6.885002424720001,0.00078658996,3.33123748e-06,-7.66012818e-08,-3.42376325e-05,0.00174639562,-0.499311817,688.5002424720001
