Displacement,FX,FY,FZ,MX,MY,MZ,L
4.8618470064,0.00110647315,-3.20156431e-07,4.0740706e-06,0.00121854502,-0.00813978952,-0.497621801,486.18470063999996
