Displacement,FX,FY,FZ,MX,MY,MZ,L,EA
8.74133516634,-0.00074795,0.0,-2.1373e-11,0.0,0.0,0.0,874.133516634,0.074795
