Displacement,FX,FY,FZ,MX,MY,MZ,L
3.179187409931,0.00166988576,2.56361261e-07,-1.52899884e-06,-0.000231634348,0.0066317283,-0.493581467,317.9187409931
