Displacement,FX,FY,FZ,MX,MY,MZ,L
1.0753674060872,0.00460104353,-3.30385723e-05,-1.64434314e-05,0.000749907038,0.0188277741,-0.475623313,107.53674060872
