Displacement,FX,FY,FZ,MX,MY,MZ,L,EA
0.84962519368,-0.0066119,0.0,0.0,0.0,0.0,0.0,84.962519368,0.66119
