Displacement,FX,FY,FZ,MX,MY,MZ,L
4.638423523021,0.00124468177,-5.89580782e-05,1.82371587e-05,0.00440530501,-0.0143346124,-0.494701205,463.8423523021
