Displacement,FX,FY,FZ,MX,MY,MZ,L,EA
7.55805352331,-0.00086244,0.0,9.7316e-11,0.0,0.0,0.0,755.805352331,0.086244
