Displacement,FX,FY,FZ,MX,MY,MZ,L,EA
6.636317892239999,-0.00097916,0.0,-9.0949e-12,0.0,0.0,0.0,663.6317892239999,0.097916
