Displacement,FX,FY,FZ,MX,MY,MZ,L
7.351777390800001,0.000737199713,-4.05486547e-06,1.3904646e-06,0.000727299898,-0.00395082126,-0.499838603,735.17773908
