Displacement,FX,FY,FZ,MX,MY,MZ,L
6.5516298508,0.000888867733,6.63376689e-07,9.8196324e-08,4.82990263e-05,-0.00110513626,-0.489282482,655.16298508
