Displacement,FX,FY,FZ,MX,MY,MZ,L
8.131062483785,0.000666232809,-1.99421373e-05,-3.73087823e-06,-0.00216670434,0.00444877375,-0.499921644,813.1062483784999
