Displacement,FX,FY,FZ,MX,MY,MZ,L
1.396217154425,0.00362969958,2.28078346e-06,-1.07720552e-07,-1.47007231e-05,-0.00132518099,-0.479696417,139.6217154425
