Displacement,FX,FY,FZ,MX,MY,MZ,L,EA
8.57869570157,-0.00076193,0.0,-3.8654e-11,0.0,0.0,0.0,857.869570157,0.076193
