Displacement,FX,FY,FZ,MX,MY,MZ,L,EA
2.5198453932479996,-0.0024852,0.0,-1.4552e-11,0.0,0.0,0.0,251.98453932479998,0.24852000000000002
