Displacement,FX,FY,FZ,MX,MY,MZ,L,EA
2.752722972624,-0.0022861,0.0,-9.0949e-12,0.0,0.0,0.0,275.2722972624,0.22861000000000004
