Displacement,FX,FY,FZ,MX,MY,MZ,L,EA
7.351777390800001,-0.00078866,0.0,-1.1823e-11,0.0,0.0,0.0,735.17773908,0.07886599999999999
