Displacement,FX,FY,FZ,MX,MY,MZ,L,EA
6.964732836764,-0.00083172,0.0,-2.2737e-12,0.0,0.0,0.0,696.4732836764,0.083172
