Displacement,FX,FY,FZ,MX,MY,MZ,L
2.138973954153,0.0024379044,1.09132202e-07,-1.90571882e-07,-1.5003477e-05,0.00334773772,-0.488264154,213.8973954153
