Displacement,FX,FY,FZ,MX,MY,MZ,L,EA
0.1077312191568,-0.022434,0.0,0.0,0.0,0.0,0.0,10.77312191568,2.2434000000000003
