Displacement,FX,FY,FZ,MX,MY,MZ,L
6.88336269362,0.000847512885,9.02160906e-07,2.47918069e-06,0.00107474357,-0.00428924405,-0.489834043,688.3362693619999
