Displacement,FX,FY,FZ,MX,MY,MZ,L,EA
5.87202833136,-0.00098327,0.0,9.0949e-13,0.0,0.0,0.0,587.202833136,0.098327
