Displacement,FX,FY,FZ,MX,MY,MZ,L,EA
2.285205775151,-0.0027244,0.0,7.276e-12,0.0,0.0,0.0,228.5205775151,0.27243999999999996
