Displacement,FX,FY,FZ,MX,MY,MZ,L
7.19584573422,0.000811944657,-4.07837035e-08,5.22565097e-06,0.00238011032,-0.00526921639,-0.490418912,719.584573422
