Displacement,FX,FY,FZ,MX,MY,MZ,L,EA
4.477828549745,-0.0012811,0.0,2.0918e-11,0.0,0.0,0.0,447.7828549745,0.12811
