Displacement,FX,FY,FZ,MX,MY,MZ,L
6.641324519411,0.000815789477,-1.32992932e-06,7.37700611e-06,0.00336024457,-0.0081365403,-0.499873073,664.1324519411
