Displacement,FX,FY,FZ,MX,MY,MZ,L,EA
0.43080695663780005,-0.010511,0.0,0.0,0.0,0.0,0.0,43.080695663780006,1.0511
