Displacement,FX,FY,FZ,MX,MY,MZ,L
8.341718849940001,0.000702006717,4.19036644e-06,8.9086825e-08,7.16560829e-05,0.000682932229,-0.490503967,834.171884994
