Displacement,FX,FY,FZ,MX,MY,MZ,L,EA
2.636514645684,-0.0023813,0.0,-9.0949e-12,0.0,0.0,0.0,263.6514645684,0.23812999999999998
