Displacement,FX,FY,FZ,MX,MY,MZ,L,EA
0.6459746401538,-0.007625,0.0,0.0,0.0,0.0,0.0,64.59746401538,0.7625
