Displacement,FX,FY,FZ,MX,MY,MZ,L
2.752722972624,0.0020511614,5.64972757e-06,6.42787199e-07,0.00015428186,0.001712023,-0.480276989,275.2722972624
