Displacement,FX,FY,FZ,MX,MY,MZ,L,EA
6.88336269362,-0.00094487,0.0,-9.0949e-12,0.0,0.0,0.0,688.3362693619999,0.09448699999999999
