Displacement,FX,FY,FZ,MX,MY,MZ,L,EA
3.4849801632109996,-0.0016336,0.0,-1.819e-12,0.0,0.0,0.0,348.49801632109995,0.16336
