Displacement,FX,FY,FZ,MX,MY,MZ,L,EA
5.644293406836,-0.0011463,0.0,1.0914e-11,0.0,0.0,0.0,564.4293406836,0.11463000000000001
