Displacement,FX,FY,FZ,MX,MY,MZ,L
0.970575643426,0.00530861726,-0.000350774193,-9.78335738e-05,0.00429286322,0.0441807305,-0.509746954,97.0575643426
