Displacement,FX,FY,FZ,MX,MY,MZ,L
8.064518735596,0.0006723931,-9.21574011e-06,-5.83287328e-06,-0.00335976323,0.00532298639,-0.499962583,806.4518735596
