Displacement,FX,FY,FZ,MX,MY,MZ,L,EA
1.5723609117609998,-0.0038493,0.0,0.0,0.0,0.0,0.0,157.2360911761,0.38493000000000005
