Displacement,FX,FY,FZ,MX,MY,MZ,L
3.986858419167,0.00134129619,-3.28070277e-06,-1.0333024e-06,-0.000240741069,0.00521514957,-0.495975026,398.6858419167
