Displacement,FX,FY,FZ,MX,MY,MZ,L
1.691977275264,0.0032339759,-5.14814278e-06,7.87340105e-06,0.000100695156,-0.0130700077,-0.473526378,169.1977275264
