Displacement,FX,FY,FZ,MX,MY,MZ,L
4.8466596899650005,0.00118356687,-0.00022940148,-0.000113576651,-0.0367542757,0.031498612,-0.512397989,484.66596899650006
