Displacement,FX,FY,FZ,MX,MY,MZ,L,EA
4.533079941946999,-0.0014178,0.0,9.8225e-11,0.0,0.0,0.0,453.3079941947,0.14178000000000002
