Displacement,FX,FY,FZ,MX,MY,MZ,L,EA
4.766614561102,-0.0012055,0.0,1.6371e-11,0.0,0.0,0.0,476.6614561102,0.12055
