Displacement,FX,FY,FZ,MX,MY,MZ,L,EA
1.4524696621570001,-0.0041364,0.0,-3.638e-12,0.0,0.0,0.0,145.2469662157,0.41364
