Displacement,FX,FY,FZ,MX,MY,MZ,L,EA
7.859620425894,-0.00073848,0.0,-6.3665e-12,0.0,0.0,0.0,785.9620425894,0.07384800000000001
