Displacement,FX,FY,FZ,MX,MY,MZ,L
7.6469795171340005,0.0007078778,-1.87680153e-05,-9.86363739e-06,-0.00536737752,0.00716807928,-0.499778119,764.6979517134
