Displacement,FX,FY,FZ,MX,MY,MZ,L,EA
2.9735669309559993,-0.0019033,0.0,1.819e-12,0.0,0.0,0.0,297.35669309559995,0.19033000000000003
