Displacement,FX,FY,FZ,MX,MY,MZ,L,EA
5.5478632055390005,-0.0011657,0.0,-2.5466e-11,0.0,0.0,0.0,554.7863205539,0.11657000000000001
