Displacement,FX,FY,FZ,MX,MY,MZ,L,EA
6.7198457474,-0.00096729,0.0,1.0004e-11,0.0,0.0,0.0,671.98457474,0.096729
