Displacement,FX,FY,FZ,MX,MY,MZ,L,EA
6.5516298508,-0.0009915,0.0,2.7285e-12,0.0,0.0,0.0,655.16298508,0.09915
