Displacement,FX,FY,FZ,MX,MY,MZ,L,EA
2.86845005808,-0.0021985,0.0,-2.3647e-11,0.0,0.0,0.0,286.845005808,0.21985
