Displacement,FX,FY,FZ,MX,MY,MZ,L
6.558632632637,0.000825282201,7.78491966e-07,2.25985423e-06,0.00103177948,-0.00523713663,-0.499345412,655.8632632637
