Displacement,FX,FY,FZ,MX,MY,MZ,L,EA
0.8608594855395999,-0.0059749,0.0,0.0,0.0,0.0,0.0,86.08594855396,0.5974900000000001
