Displacement,FX,FY,FZ,MX,MY,MZ,L
5.1443097304259995,0.00104690294,9.08534135e-06,-3.71271744e-06,-0.00126835385,0.00737490718,-0.497270036,514.4309730425999
