Displacement,FX,FY,FZ,MX,MY,MZ,L
8.12584150066,0.000720980592,2.39522251e-07,5.2684918e-06,0.00274656984,-0.00360528274,-0.491077793,812.584150066
