Displacement,FX,FY,FZ,MX,MY,MZ,L
4.670860339418,0.00114986053,3.33119203e-06,3.82492999e-07,0.000165827034,-0.000315398783,-0.496799224,467.0860339418
