Displacement,FX,FY,FZ,MX,MY,MZ,L
2.349256619847,0.00223098966,-7.39056702e-07,3.91155481e-06,0.000247660823,-0.0102020769,-0.489838183,234.9256619847
