Displacement,FX,FY,FZ,MX,MY,MZ,L,EA
7.574414626386,-0.00076585,0.0,1.0004e-11,0.0,0.0,0.0,757.4414626386,0.076585
