Displacement,FX,FY,FZ,MX,MY,MZ,L
8.57869570157,0.00068083909,-8.5308405e-06,-7.40308315e-06,-0.00411669651,0.00256768785,-0.489672562,857.869570157
