Displacement,FX,FY,FZ,MX,MY,MZ,L,EA
6.96332319804,-0.00093428,0.0,2.6375e-11,0.0,0.0,0.0,696.332319804,0.093428
