Displacement,FX,FY,FZ,MX,MY,MZ,L,EA
8.74639334436,-0.00066454,0.0,-1.6826e-11,0.0,0.0,0.0,874.639334436,0.06645400000000001
