Displacement,FX,FY,FZ,MX,MY,MZ,L
5.783210076699,0.000933647127,3.51967159e-07,1.84448436e-06,0.000719175894,-0.00542908801,-0.498652959,578.3210076698999
