Displacement,FX,FY,FZ,MX,MY,MZ,L
8.858178189294,0.000613759853,1.65206301e-06,-1.4915131e-06,-0.000975891147,0.00246503375,-0.500509584,885.8178189294
