Displacement,FX,FY,FZ,MX,MY,MZ,L
3.774533521331,0.00151704715,-3.6965412e-06,-9.31322575e-07,-0.000181771707,0.00468689681,-0.485337779,377.4533521331
