Displacement,FX,FY,FZ,MX,MY,MZ,L
8.511385526771,0.000638622769,2.91528087e-06,-1.82539225e-06,-0.00114712047,0.00308840115,-0.500468877,851.1385526771
