Displacement,FX,FY,FZ,MX,MY,MZ,L,EA
6.220777384516,-0.00092923,0.0,-2.2737e-12,0.0,0.0,0.0,622.0777384516,0.092923
