Displacement,FX,FY,FZ,MX,MY,MZ,L
1.8112978408799998,0.0030366593,6.66770134e-07,-1.5180558e-06,-1.27053925e-05,0.00722433184,-0.474035684,181.12978408799998
