Displacement,FX,FY,FZ,MX,MY,MZ,L
6.0477268477970005,0.00089425483,1.5034223e-05,-1.03712082e-05,-0.00435234982,0.00989309661,-0.498298999,604.7726847797001
