Displacement,FX,FY,FZ,MX,MY,MZ,L,EA
4.3805721119230006,-0.0013088,0.0,1.0914e-11,0.0,0.0,0.0,438.05721119230003,0.13087999999999997
