Displacement,FX,FY,FZ,MX,MY,MZ,L
8.630778916374,0.000626585592,-2.66018708e-05,1.76308677e-05,0.0111292728,-0.00659493195,-0.49896374,863.0778916374
