Displacement,FX,FY,FZ,MX,MY,MZ,L,EA
6.134587876789001,-0.00094203,0.0,9.0949e-13,0.0,0.0,0.0,613.4587876789001,0.09420299999999998
