Displacement,FX,FY,FZ,MX,MY,MZ,L,EA
5.96020380576,-0.00096902,0.0,-9.0949e-13,0.0,0.0,0.0,596.020380576,0.096902
