Displacement,FX,FY,FZ,MX,MY,MZ,L,EA
5.693758764273,-0.0010134,0.0,3.638e-12,0.0,0.0,0.0,569.3758764273,0.10133999999999999
