Displacement,FX,FY,FZ,MX,MY,MZ,L,EA
0.2154506455397,-0.016646,0.0,0.0,0.0,0.0,0.0,21.54506455397,1.6646
