Displacement,FX,FY,FZ,MX,MY,MZ,L
5.2528214886110005,0.00110331428,-3.42224982e-05,1.37761235e-05,0.00402162715,-0.0117370808,-0.492355894,525.2821488611
