Displacement,FX,FY,FZ,MX,MY,MZ,L
4.477828549745,0.00119811188,2.12277921e-06,-3.0802039e-07,-0.000126421788,0.00110887638,-0.49655526,447.7828549745
