Displacement,FX,FY,FZ,MX,MY,MZ,L
6.46579642855,0.00089899305,-4.12199572e-05,-8.31112266e-06,-0.00321716969,0.00754901467,-0.492695887,646.579642855
