Displacement,FX,FY,FZ,MX,MY,MZ,L,EA
2.244238119513,-0.0024894,0.0,-5.457e-12,0.0,0.0,0.0,224.4238119513,0.24894
