Displacement,FX,FY,FZ,MX,MY,MZ,L
7.928790277909001,0.000684404229,-8.1021529e-08,-5.4971315e-07,-0.000327790257,0.00222602418,-0.500000038,792.8790277909001
