Displacement,FX,FY,FZ,MX,MY,MZ,L,EA
5.152614523752,-0.0012524,0.0,4.2746e-11,0.0,0.0,0.0,515.2614523752,0.12524000000000002
