Displacement,FX,FY,FZ,MX,MY,MZ,L
2.870262803956,0.00184201086,1.64699492e-06,-8.76752893e-10,1.90589727e-07,0.00104072218,-0.492235398,287.0262803956
