Displacement,FX,FY,FZ,MX,MY,MZ,L
4.18463137992,0.00128009928,2.52277047e-07,1.91666186e-06,0.000468189648,-0.0065475207,-0.496274913,418.463137992
