Displacement,FX,FY,FZ,MX,MY,MZ,L,EA
6.37883263123,-0.0010177,0.0,-3.0923e-11,0.0,0.0,0.0,637.883263123,0.10177
