Displacement,FX,FY,FZ,MX,MY,MZ,L
1.5723609117609998,0.00345826174,-1.44880475e-06,-1.05123036e-07,7.52965145e-06,0.00331041394,-0.471360817,157.2360911761
