Displacement,FX,FY,FZ,MX,MY,MZ,L
1.332324486299,0.00401786588,-6.4456124e-06,-8.43219459e-06,0.000171934896,0.0139910454,-0.467930362,133.2324486299
