Displacement,FX,FY,FZ,MX,MY,MZ,L
4.320033864167,0.00133277001,-1.83703207e-07,4.03635204e-06,0.000938448375,-0.00785434547,-0.486440366,432.0033864167
