Displacement,FX,FY,FZ,MX,MY,MZ,L
6.96332319804,0.000836297317,-3.1176007e-05,-1.00266188e-05,-0.00434531148,0.00710121587,-0.491866089,696.332319804
