Displacement,FX,FY,FZ,MX,MY,MZ,L,EA
4.2123686129880005,-0.0015219,0.0,1.1642e-10,0.0,0.0,0.0,421.2368612988,0.15219
