Displacement,FX,FY,FZ,MX,MY,MZ,L
4.2123686129880005,0.00136595784,-8.35294591e-05,-2.12397426e-05,-0.0043780186,0.0160756055,-0.497245725,421.2368612988
