Displacement,FX,FY,FZ,MX,MY,MZ,L,EA
1.6093723177520003,-0.0034006,0.0,-1.0914e-11,0.0,0.0,0.0,160.93723177520002,0.34006
