Displacement,FX,FY,FZ,MX,MY,MZ,L
7.859620425894,0.000688998101,-1.299495e-05,3.1022355e-06,0.00173810272,-0.00443745352,-0.499592561,785.9620425894
