Displacement,FX,FY,FZ,MX,MY,MZ,L,EA
4.103966939544,-0.0015606,0.0,-1.819e-11,0.0,0.0,0.0,410.3966939544,0.15606
