Displacement,FX,FY,FZ,MX,MY,MZ,L,EA
6.391104171829,-0.00090494,0.0,4.0927e-12,0.0,0.0,0.0,639.1104171829,0.090494
