Displacement,FX,FY,FZ,MX,MY,MZ,L
5.512996201363,0.000974115799,-5.97718399e-05,-3.67537141e-05,-0.0136172377,0.0167942752,-0.500055696,551.2996201363001
