Displacement,FX,FY,FZ,MX,MY,MZ,L,EA
4.956547250716,-0.0011604,0.0,9.0949e-13,0.0,0.0,0.0,495.6547250716,0.11603999999999999
