Displacement,FX,FY,FZ,MX,MY,MZ,L,EA
7.501020604068999,-0.00077322,0.0,6.1391e-11,0.0,0.0,0.0,750.1020604068999,0.077322
