Displacement,FX,FY,FZ,MX,MY,MZ,L
7.119578376899999,0.000815536187,-8.31518532e-05,4.37870622e-05,0.020763312,-0.0128488895,-0.494823722,711.9578376899999
