Displacement,FX,FY,FZ,MX,MY,MZ,L,EA
2.349256619847,-0.0023837,0.0,5.457e-12,0.0,0.0,0.0,234.9256619847,0.23837
