Displacement,FX,FY,FZ,MX,MY,MZ,L,EA
7.789590222306,-0.00074502,0.0,-4.3201e-11,0.0,0.0,0.0,778.9590222306,0.074502
