Displacement,FX,FY,FZ,MX,MY,MZ,L
7.121897837945999,0.000757373928,-4.20197938e-05,2.75596976e-05,0.0140037812,-0.0118143226,-0.49957468,712.1897837946
