Displacement,FX,FY,FZ,MX,MY,MZ,L,EA
8.77819165763,-0.00074483,0.0,-2.1373e-11,0.0,0.0,0.0,877.819165763,0.07448300000000001
