Displacement,FX,FY,FZ,MX,MY,MZ,L
2.5198453932479996,0.0022307168,4.63095574e-07,-2.33761966e-06,-0.000187020113,0.00767670241,-0.479855377,251.98453932479998
