Displacement,FX,FY,FZ,MX,MY,MZ,L
2.662723314502,0.00197994882,-8.84167378e-07,4.44147736e-06,0.000418364936,-0.0103359713,-0.491602353,266.2723314502
