Displacement,FX,FY,FZ,MX,MY,MZ,L,EA
3.551579849891,-0.0017932,0.0,1.6371e-11,0.0,0.0,0.0,355.1579849891,0.17932
