Displacement,FX,FY,FZ,MX,MY,MZ,L,EA
4.5745948230760005,-0.0012547,0.0,0.0,0.0,0.0,0.0,457.4594823076,0.12547
