Displacement,FX,FY,FZ,MX,MY,MZ,L
0.9681664358726999,0.0050523227,-2.73501123e-05,1.23661011e-05,-0.000795649182,-0.0173970814,-0.471900807,96.81664358727
