Displacement,FX,FY,FZ,MX,MY,MZ,L,EA
2.402735611883,-0.0025991,0.0,-3.2742e-11,0.0,0.0,0.0,240.2735611883,0.25991
