Displacement,FX,FY,FZ,MX,MY,MZ,L
3.076545557127,0.00172175292,-0.00014490817,4.93377447e-05,0.0062757451,-0.0255377294,-0.503926243,307.6545557127
