Displacement,FX,FY,FZ,MX,MY,MZ,L,EA
3.9948477950170003,-0.0016017,0.0,4.9113e-11,0.0,0.0,0.0,399.4847795017,0.16017
