Displacement,FX,FY,FZ,MX,MY,MZ,L
5.87202833136,0.000919810147,3.63709603e-07,1.78883784e-06,0.000712400735,-0.00530507525,-0.498743693,587.202833136
