Displacement,FX,FY,FZ,MX,MY,MZ,L,EA
7.626580626949999,-0.00085487,0.0,-8.0036e-11,0.0,0.0,0.0,762.6580626949999,0.085487
