Displacement,FX,FY,FZ,MX,MY,MZ,L
6.391104171829,0.000842476147,-5.12617065e-05,-3.16016376e-05,-0.0140670628,0.0141282713,-0.499888988,639.1104171829
