Displacement,FX,FY,FZ,MX,MY,MZ,L
6.11131199434,0.000951200669,-3.4598779e-07,-9.03673936e-08,-4.17270376e-05,0.00114514752,-0.488901922,611.131199434
