Displacement,FX,FY,FZ,MX,MY,MZ,L,EA
3.326142684312,-0.0019094,0.0,-5.457e-12,0.0,0.0,0.0,332.6142684312,0.19093999999999997
