Displacement,FX,FY,FZ,MX,MY,MZ,L,EA
3.8873118834319995,-0.0014697,0.0,5.457e-12,0.0,0.0,0.0,388.73118834319996,0.14697000000000002
