Displacement,FX,FY,FZ,MX,MY,MZ,L
1.182450661451,0.00422392908,-3.44875955e-05,-1.76783651e-05,0.000579914165,0.0190411111,-0.478434703,118.2450661451
