Displacement,FX,FY,FZ,MX,MY,MZ,L,EA
8.70295048166,-0.00075121,0.0,1.819e-11,0.0,0.0,0.0,870.295048166,0.075121
