Displacement,FX,FY,FZ,MX,MY,MZ,L
5.603684185822,0.000962589583,3.9839249e-06,7.68923201e-08,2.08199003e-05,-0.00231816527,-0.498062438,560.3684185822
