Displacement,FX,FY,FZ,MX,MY,MZ,L
8.74133516634,0.000670421283,-1.10484547e-06,1.49593689e-07,8.90199242e-05,-0.000499149488,-0.490856019,874.133516634
