Displacement,FX,FY,FZ,MX,MY,MZ,L,EA
0.7534583014178001,-0.0067004,0.0,0.0,0.0,0.0,0.0,75.34583014178001,0.6700400000000001
