Displacement,FX,FY,FZ,MX,MY,MZ,L
5.739736851337,0.00101177253,5.6780371e-07,3.12551856e-06,0.0010801995,-0.0059166968,-0.488660159,573.9736851337
