Displacement,FX,FY,FZ,MX,MY,MZ,L
3.098379664836,0.00183293874,6.27485943e-06,3.55648808e-07,0.000127666262,0.00334344143,-0.481759786,309.8379664836
