Displacement,FX,FY,FZ,MX,MY,MZ,L
2.9735669309559993,0.00178095724,-6.62786874e-08,-2.57603824e-06,-0.00032535319,0.00821980517,-0.492874931,297.35669309559995
