Displacement,FX,FY,FZ,MX,MY,MZ,L,EA
3.2814812537129994,-0.0017312,0.0,0.0,0.0,0.0,0.0,328.14812537129995,0.17312000000000002
