Displacement,FX,FY,FZ,MX,MY,MZ,L,EA
6.11131199434,-0.001061,0.0,-9.0949e-13,0.0,0.0,0.0,611.131199434,0.1061
