Displacement,FX,FY,FZ,MX,MY,MZ,L,EA
4.0859685343529994,-0.0014004,0.0,-1.819e-12,0.0,0.0,0.0,408.5968534353,0.14004
