Displacement,FX,FY,FZ,MX,MY,MZ,L
2.285205775151,0.00244508196,4.04029191e-06,3.84054147e-07,7.70799488e-05,0.00151616211,-0.477704062,228.5205775151
