Displacement,FX,FY,FZ,MX,MY,MZ,L,EA
8.261472598647,-0.00070306,0.0,-9.5042e-11,0.0,0.0,0.0,826.1472598647,0.07030600000000001
