Displacement,FX,FY,FZ,MX,MY,MZ,L
7.48820509205,0.000780110059,8.68920839e-06,3.45986336e-07,0.00024950783,0.00158101625,-0.489431007,748.820509205
