Displacement,FX,FY,FZ,MX,MY,MZ,L,EA
8.53426800265,-0.00076582,0.0,4.8658e-11,0.0,0.0,0.0,853.426800265,0.076582
