Displacement,FX,FY,FZ,MX,MY,MZ,L,EA
8.196716167058,-0.00070854,0.0,-1.4552e-11,0.0,0.0,0.0,819.6716167057999,0.070854
