Displacement,FX,FY,FZ,MX,MY,MZ,L
8.261472598647,0.000657183612,-2.47939387e-06,5.81494533e-07,0.000357725063,-0.00213621925,-0.500222098,826.1472598647
