Displacement,FX,FY,FZ,MX,MY,MZ,L,EA
0.970575643426,-0.0059043,0.0,0.0,0.0,0.0,0.0,97.0575643426,0.59043
