Displacement,FX,FY,FZ,MX,MY,MZ,L
8.689061703447999,0.000618394668,-7.05984487e-05,-2.74907798e-05,-0.0173599799,0.0077941144,-0.497352818,868.9061703448
