Displacement,FX,FY,FZ,MX,MY,MZ,L
6.80451834744,0.000796223525,7.72504052e-08,-3.3788383e-06,-0.00159883787,0.00589404706,-0.499720754,680.451834744
