Displacement,FX,FY,FZ,MX,MY,MZ,L
8.450287993615001,0.000643167052,3.17457683e-06,-1.60047784e-06,-0.00100159931,0.0030061723,-0.500424301,845.0287993615001
