Displacement,FX,FY,FZ,MX,MY,MZ,L,EA
1.211946388405,-0.0048638,0.0,0.0,0.0,0.0,0.0,121.19463884049999,0.4863799999999999
