Displacement,FX,FY,FZ,MX,MY,MZ,L,EA
6.641324519411,-0.00087148,0.0,4.5475e-12,0.0,0.0,0.0,664.1324519411,0.08714799999999999
