Displacement,FX,FY,FZ,MX,MY,MZ,L
6.7232894151049996,0.000805076104,5.2652689e-07,2.6752241e-07,0.000142911737,-0.00198777843,-0.499289614,672.3289415104999
