Displacement,FX,FY,FZ,MX,MY,MZ,L,EA
8.289914050970001,-0.00078794,0.0,3.0468e-11,0.0,0.0,0.0,828.9914050970001,0.07879399999999999
