Displacement,FX,FY,FZ,MX,MY,MZ,L
8.48834831059,0.000686579617,-8.0175774e-05,-3.01543623e-05,-0.0163117094,0.00589888003,-0.492273815,848.834831059
