Displacement,FX,FY,FZ,MX,MY,MZ,L,EA
2.048968193496,-0.0030166,0.0,1.0914e-11,0.0,0.0,0.0,204.8968193496,0.30166
