Displacement,FX,FY,FZ,MX,MY,MZ,L,EA
0.1215449524127,-0.021727,0.0,0.0,0.0,0.0,0.0,12.15449524127,2.1727
