Displacement,FX,FY,FZ,MX,MY,MZ,L,EA
1.332324486299,-0.0044705,0.0,0.0,0.0,0.0,0.0,133.2324486299,0.44705
