Displacement,FX,FY,FZ,MX,MY,MZ,L,EA
3.774533521331,-0.0016915,0.0,-1.0914e-11,0.0,0.0,0.0,377.4533521331,0.16915000000000002
