Displacement,FX,FY,FZ,MX,MY,MZ,L,EA
5.1443097304259995,-0.0011191,0.0,-9.0949e-13,0.0,0.0,0.0,514.4309730425999,0.11191000000000001
