Displacement,FX,FY,FZ,MX,MY,MZ,L,EA
7.9970922066979995,-0.00072597,0.0,3.0013e-11,0.0,0.0,0.0,799.7092206698,0.072597
