Displacement,FX,FY,FZ,MX,MY,MZ,L,EA
1.930301748528,-0.0031883,0.0,-1.4552e-11,0.0,0.0,0.0,193.0301748528,0.31882999999999995
