Displacement,FX,FY,FZ,MX,MY,MZ,L,EA
6.01998066623,-0.0010767,0.0,-9.0949e-13,0.0,0.0,0.0,601.998066623,0.10767
