Displacement,FX,FY,FZ,MX,MY,MZ,L
0.2154506455397,0.0157086051,4.31101068e-07,-1.66770769e-06,-5.10098509e-05,-0.00332890007,-0.374482517,21.54506455397
