Displacement,FX,FY,FZ,MX,MY,MZ,L,EA
5.2373514124580005,-0.0010997,0.0,-1.819e-12,0.0,0.0,0.0,523.7351412458,0.10996999999999998
