Displacement,FX,FY,FZ,MX,MY,MZ,L,EA
1.691977275264,-0.0036,0.0,3.638e-12,0.0,0.0,0.0,169.1977275264,0.36
