Displacement,FX,FY,FZ,MX,MY,MZ,L,EA
7.275944536733999,-0.00079674,0.0,-6.3665e-12,0.0,0.0,0.0,727.5944536733999,0.079674
