Displacement,FX,FY,FZ,MX,MY,MZ,L,EA
4.426943870615999,-0.0014506,0.0,-3.8199e-11,0.0,0.0,0.0,442.69438706159997,0.14506000000000002
