Displacement,FX,FY,FZ,MX,MY,MZ,L,EA
8.84729455474,-0.00073903,0.0,1.3642e-12,0.0,0.0,0.0,884.7294554739999,0.073903
