Displacement,FX,FY,FZ,MX,MY,MZ,L,EA
8.62162364035,-0.0007582,0.0,-6.1846e-11,0.0,0.0,0.0,862.162364035,0.07582
