Displacement,FX,FY,FZ,MX,MY,MZ,L
8.70295048166,0.000673702918,3.4802375e-05,-9.066239e-05,-0.0529054593,0.00976257698,-0.489573645,870.295048166
