Displacement,FX,FY,FZ,MX,MY,MZ,L
8.196716167058,0.000654121628,-4.81012918e-05,3.4365803e-05,0.0206795178,-0.0095760602,-0.495925829,819.6716167057999
