Displacement,FX,FY,FZ,MX,MY,MZ,L
3.4849801632109996,0.00152856391,-2.57285649e-07,-3.36160883e-06,-0.000583515787,0.00863332677,-0.494655653,348.49801632109995
