Displacement,FX,FY,FZ,MX,MY,MZ,L
1.8218228220550001,0.00283585174,1.39339704e-07,1.16718002e-06,3.9387571e-06,-0.00719847526,-0.485520015,182.1822822055
