Displacement,FX,FY,FZ,MX,MY,MZ,L,EA
7.928790277909001,-0.00073213,0.0,1.819e-12,0.0,0.0,0.0,792.8790277909001,0.073213
