Displacement,FX,FY,FZ,MX,MY,MZ,L,EA
8.440944653270002,-0.00077413,0.0,9.7316e-11,0.0,0.0,0.0,844.0944653270001,0.077413
