Displacement,FX,FY,FZ,MX,MY,MZ,L
3.586162952978,0.00148705833,-9.73343475e-07,-5.13531268e-06,-0.000931389754,0.0100024671,-0.495050585,358.6162952978
