Displacement,FX,FY,FZ,MX,MY,MZ,L,EA
3.885030256044,-0.0016452,0.0,-9.0949e-12,0.0,0.0,0.0,388.5030256044,0.16452000000000003
