Displacement,FX,FY,FZ,MX,MY,MZ,L
5.693758764273,0.000944671978,-4.96223083e-05,2.2418797e-05,0.00840448006,-0.0137104235,-0.499997635,569.3758764273
