Displacement,FX,FY,FZ,MX,MY,MZ,L
7.7187073329930005,0.000702911333,4.24346179e-07,2.1881533e-08,1.55859643e-05,5.67554989e-05,-0.499987969,771.8707332993
