Displacement,FX,FY,FZ,MX,MY,MZ,L
5.96020380576,0.000906097924,1.17491351e-06,2.80153472e-07,0.000132173402,-0.0021657985,-0.498589686,596.020380576
