Displacement,FX,FY,FZ,MX,MY,MZ,L,EA
0.4859673424391,-0.010303,0.0,0.0,0.0,0.0,0.0,48.59673424391,1.0303
