Displacement,FX,FY,FZ,MX,MY,MZ,L,EA
7.199315223044,-0.00080508,0.0,9.0949e-12,0.0,0.0,0.0,719.9315223044,0.08050800000000001
