Displacement,FX,FY,FZ,MX,MY,MZ,L,EA
7.94898512632,-0.00082097,0.0,4.7748e-11,0.0,0.0,0.0,794.898512632,0.08209699999999999
