Displacement,FX,FY,FZ,MX,MY,MZ,L
1.091356413452,0.00479597785,-4.74064404e-06,-6.49504364e-06,0.000326582231,0.0132050578,-0.461807885,109.1356413452
