Displacement,FX,FY,FZ,MX,MY,MZ,L,EA
6.558632632637,-0.00088226,0.0,-1.3642e-12,0.0,0.0,0.0,655.8632632637,0.088226
