Displacement,FX,FY,FZ,MX,MY,MZ,L
5.2373514124580005,0.00102838332,5.02496169e-06,-5.0815288e-08,-1.1346629e-06,0.00260274024,-0.497539407,523.7351412458
