Displacement,FX,FY,FZ,MX,MY,MZ,L,EA
8.341718849940001,-0.00078315,0.0,-1.4097e-11,0.0,0.0,0.0,834.171884994,0.078315
