Displacement,FX,FY,FZ,MX,MY,MZ,L,EA
1.2894044801239999,-0.0041692,0.0,0.0,0.0,0.0,0.0,128.9404480124,0.41692
