Displacement,FX,FY,FZ,MX,MY,MZ,L,EA
5.512996201363,-0.0010459,0.0,-3.638e-12,0.0,0.0,0.0,551.2996201363001,0.10459000000000002
