Displacement,FX,FY,FZ,MX,MY,MZ,L
8.77819165763,0.000667006254,-7.61013982e-06,2.02446245e-06,0.00112976405,-0.00127943237,-0.490616753,877.819165763
