Displacement,FX,FY,FZ,MX,MY,MZ,L
5.644293406836,0.00102875588,-7.42105243e-07,-5.43985516e-06,-0.00183864735,0.00744837739,-0.488841059,564.4293406836
