Displacement,FX,FY,FZ,MX,MY,MZ,L,EA
3.179187409931,-0.0017848,0.0,-1.819e-12,0.0,0.0,0.0,317.9187409931,0.17848
