Displacement,FX,FY,FZ,MX,MY,MZ,L,EA
6.885002424720001,-0.00084118,0.0,7.276e-12,0.0,0.0,0.0,688.5002424720001,0.084118
