Displacement,FX,FY,FZ,MX,MY,MZ,L
4.0859685343529994,0.00131026209,-6.01186798e-08,-3.03192064e-06,-0.000697990677,0.007859395,-0.496139886,408.5968534353
