Displacement,FX,FY,FZ,MX,MY,MZ,L
4.103966939544,0.00140064937,-9.36084066e-05,-2.22828239e-05,-0.00438954366,0.0166111493,-0.498385445,410.3966939544
