Displacement,FX,FY,FZ,MX,MY,MZ,L
3.8873118834319995,0.00137471313,1.73803536e-06,-7.27231964e-09,-2.177586e-06,0.000943589187,-0.495427224,388.73118834319996
