Displacement,FX,FY,FZ,MX,MY,MZ,L
7.270855086489999,0.000802781753,-2.60121317e-06,1.22282654e-06,0.000568708856,-0.00284005,-0.490120796,727.085508649
