Displacement,FX,FY,FZ,MX,MY,MZ,L,EA
1.0753674060872,-0.004911,0.0,0.0,0.0,0.0,0.0,107.53674060872,0.4910999999999999
