Displacement,FX,FY,FZ,MX,MY,MZ,L,EA
5.603684185822,-0.0010293,0.0,-3.638e-12,0.0,0.0,0.0,560.3684185822,0.10293
