Displacement,FX,FY,FZ,MX,MY,MZ,L
5.421704738018,0.000994096141,6.38193204e-06,8.30274075e-07,0.000413801111,-0.00117781191,-0.49764169,542.1704738018
