Displacement,FX,FY,FZ,MX,MY,MZ,L,EA
4.8618470064,-0.0011825,0.0,-1.0004e-11,0.0,0.0,0.0,486.18470063999996,0.11825
