Displacement,FX,FY,FZ,MX,MY,MZ,L
5.92759690224,0.000980701501,1.67762352e-07,4.03355807e-06,0.00145083426,-0.00633111363,-0.489007666,592.759690224
