Displacement,FX,FY,FZ,MX,MY,MZ,L,EA
6.475222806633,-0.00089341,0.0,-4.0927e-12,0.0,0.0,0.0,647.5222806633,0.08934099999999999
