Displacement,FX,FY,FZ,MX,MY,MZ,L,EA
8.450287993615001,-0.00068755,0.0,1.819e-11,0.0,0.0,0.0,845.0287993615001,0.068755
