Displacement,FX,FY,FZ,MX,MY,MZ,L
7.55805352331,0.000772953463,1.62062437e-06,-8.5204374e-07,-0.000470304335,0.00179853936,-0.489991022,755.805352331
