Displacement,FX,FY,FZ,MX,MY,MZ,L
8.802767563309,0.000617008562,-4.60289823e-06,-1.06287189e-06,-0.000688904383,0.00219505179,-0.500256599,880.2767563309001
