Displacement,FX,FY,FZ,MX,MY,MZ,L,EA
2.983675670209,-0.0021178,0.0,-5.457e-12,0.0,0.0,0.0,298.3675670209,0.21178
