Displacement,FX,FY,FZ,MX,MY,MZ,L,EA
8.663044314159999,-0.00075463,0.0,4.6839e-11,0.0,0.0,0.0,866.3044314159999,0.075463
