Displacement,FX,FY,FZ,MX,MY,MZ,L,EA
1.8112978408799998,-0.0033814,0.0,0.0,0.0,0.0,0.0,181.12978408799998,0.33814000000000005
