Displacement,FX,FY,FZ,MX,MY,MZ,L,EA
5.421704738018,-0.0010631,0.0,-6.3665e-12,0.0,0.0,0.0,542.1704738018,0.10631
