Displacement,FX,FY,FZ,MX,MY,MZ,L
7.275944536733999,0.000745134845,1.79509811e-06,9.20408638e-09,5.80101954e-06,-0.000574785174,-0.499750345,727.5944536733999
