Displacement,FX,FY,FZ,MX,MY,MZ,L
8.325324690021,0.000650802482,-1.72336055e-05,-8.47969204e-06,-0.00509178548,0.00561079991,-0.499754577,832.5324690021
