Displacement,FX,FY,FZ,MX,MY,MZ,L,EA
2.138973954153,-0.0026052,0.0,5.457e-12,0.0,0.0,0.0,213.8973954153,0.26052
