Displacement,FX,FY,FZ,MX,MY,MZ,L
2.048968193496,0.00270798054,2.15657739e-06,1.04788342e-07,1.90412179e-05,0.00116072045,-0.476125649,204.8968193496
