Displacement,FX,FY,FZ,MX,MY,MZ,L
8.74639334436,0.000621806717,-7.61970398e-08,3.66941094e-06,0.00234500736,-0.00365523072,-0.500765603,874.639334436
