Displacement,FX,FY,FZ,MX,MY,MZ,L,EA
3.6633769083359997,-0.0017407,0.0,-2.0009e-11,0.0,0.0,0.0,366.3376908336,0.17407000000000003
