Displacement,FX,FY,FZ,MX,MY,MZ,L
6.636317892239999,0.000878218983,9.72367189e-07,2.12201849e-06,0.000882815712,-0.0042880381,-0.48955445,663.6317892239999
