Displacement,FX,FY,FZ,MX,MY,MZ,L
7.94898512632,0.000734610774,-2.47010775e-05,6.15697354e-06,0.00308023591,-0.00404979918,-0.49131129,794.898512632
