Displacement,FX,FY,FZ,MX,MY,MZ,L,EA
8.325324690021,-0.00069774,0.0,7.8671e-11,0.0,0.0,0.0,832.5324690021,0.06977399999999999
