Displacement,FX,FY,FZ,MX,MY,MZ,L
2.86845005808,0.00197349722,-1.61354217e-06,5.30947e-06,0.000598888411,-0.0100369037,-0.482075316,286.845005808
