Displacement,FX,FY,FZ,MX,MY,MZ,L,EA
8.630778916374,-0.00067334,0.0,4.5475e-12,0.0,0.0,0.0,863.0778916374,0.067334
