Displacement,FX,FY,FZ,MX,MY,MZ,L,EA
4.670860339418,-0.0012296,0.0,1.3642e-11,0.0,0.0,0.0,467.0860339418,0.12296000000000001
