Displacement,FX,FY,FZ,MX,MY,MZ,L,EA
7.270855086489999,-0.00089569,0.0,5.1841e-11,0.0,0.0,0.0,727.085508649,0.089569
