Displacement,FX,FY,FZ,MX,MY,MZ,L
3.9948477950170003,0.00143590261,-2.63564164e-05,-8.08015466e-06,-0.00165338361,0.0104164509,-0.488719917,399.4847795017
