Displacement,FX,FY,FZ,MX,MY,MZ,L
4.766614561102,0.00112728811,-1.21917445e-08,3.59490514e-07,0.000123018946,-0.00300185534,-0.497163495,476.6614561102
