Displacement,FX,FY,FZ,MX,MY,MZ,L,EA
5.450463105732,-0.0011859,0.0,-4.4565e-11,0.0,0.0,0.0,545.0463105732,0.11859
