Displacement,FX,FY,FZ,MX,MY,MZ,L,EA
3.098379664836,-0.0020431,0.0,3.638e-12,0.0,0.0,0.0,309.8379664836,0.20431
