Displacement,FX,FY,FZ,MX,MY,MZ,L,EA
0.5384202674215,-0.0088419,0.0,0.0,0.0,0.0,0.0,53.84202674215,0.8841899999999999
