Displacement,FX,FY,FZ,MX,MY,MZ,L
4.426943870615999,0.00130027119,1.4452683e-06,2.29151919e-06,0.000614977904,-0.00553389205,-0.485945767,442.69438706159997
