Displacement,FX,FY,FZ,MX,MY,MZ,L
7.574414626386,0.000716599068,9.77330785e-08,-3.39653343e-06,-0.00183390299,0.00507858618,-0.500250483,757.4414626386
