Displacement,FX,FY,FZ,MX,MY,MZ,L,EA
4.8466596899650005,-0.001329,0.0,-2.3647e-11,0.0,0.0,0.0,484.66596899650006,0.13290000000000002
