Displacement,FX,FY,FZ,MX,MY,MZ,L
4.5745948230760005,0.00117177318,-0.000144298177,-5.09545207e-05,-0.0134428094,0.022810326,-0.506374973,457.4594823076
