Displacement,FX,FY,FZ,MX,MY,MZ,L
6.475222806633,0.000834020844,-2.3572905e-05,-5.58234751e-06,-0.00242531436,0.0073886449,-0.499709591,647.5222806633
