Displacement,FX,FY,FZ,MX,MY,MZ,L,EA
8.23665997776,-0.00079292,0.0,3.4561e-11,0.0,0.0,0.0,823.665997776,0.079292
