Displacement,FX,FY,FZ,MX,MY,MZ,L,EA
5.352110135268999,-0.0012071,0.0,9.0949e-11,0.0,0.0,0.0,535.2110135268999,0.12071
