Displacement,FX,FY,FZ,MX,MY,MZ,L
3.885030256044,0.00147897587,-0.000280112275,8.74325633e-05,0.0171924449,-0.0333028309,-0.52383461,388.5030256044
