Displacement,FX,FY,FZ,MX,MY,MZ,L
7.417047544359999,0.000788064732,6.7456844e-07,-3.49106267e-06,-0.0016464953,0.00418207515,-0.490411095,741.7047544359999
