Displacement,FX,FY,FZ,MX,MY,MZ,L
4.956547250716,0.00108535344,2.54355548e-06,2.85726856e-08,1.37194225e-05,0.00093212087,-0.497377126,495.6547250716
