Displacement,FX,FY,FZ,MX,MY,MZ,L,EA
5.739736851337,-0.0011278,0.0,-2.7285e-12,0.0,0.0,0.0,573.9736851337,0.11278
