Displacement,FX,FY,FZ,MX,MY,MZ,L,EA
4.282836155771,-0.0013378,0.0,8.1855e-12,0.0,0.0,0.0,428.2836155771,0.13378
