Displacement,FX,FY,FZ,MX,MY,MZ,L
8.23665997776,0.000711087821,9.00718248e-07,-1.74203888e-06,-0.000925330415,0.00216455115,-0.490839264,823.665997776
