Displacement,FX,FY,FZ,MX,MY,MZ,L
1.6093723177520003,0.00318392225,-1.27547861e-06,-4.30736691e-06,6.39949381e-05,0.0115664861,-0.483202784,160.93723177520002
