Displacement,FX,FY,FZ,MX,MY,MZ,L
1.715691473793,0.00299821526,-9.34172945e-05,2.78800726e-05,-0.000131277739,-0.0228366713,-0.491731068,171.5691473793
