Displacement,FX,FY,FZ,MX,MY,MZ,L
6.29075366218,0.000923998101,-2.41476924e-05,-5.8664009e-06,-0.00220890093,0.00677566997,-0.49117613,629.075366218
