Displacement,FX,FY,FZ,MX,MY,MZ,L
1.4524696621570001,0.00371496298,-0.000123751309,4.84101474e-05,0.00152702485,-0.0266266209,-0.487389304,145.2469662157
