Displacement,FX,FY,FZ,MX,MY,MZ,L
5.050704927709,0.00106261694,-4.44317715e-05,-2.95918435e-05,-0.0098007553,0.0160534602,-0.499257541,505.0704927709
