Displacement,FX,FY,FZ,MX,MY,MZ,L,EA
8.00934091009,-0.00081493,0.0,3.2742e-11,0.0,0.0,0.0,800.934091009,0.081493
