Displacement,FX,FY,FZ,MX,MY,MZ,L,EA
5.3298197889929995,-0.001081,0.0,7.276e-12,0.0,0.0,0.0,532.9819788993,0.1081
