Displacement,FX,FY,FZ,MX,MY,MZ,L
3.551579849891,0.00160953537,-6.21171941e-06,6.87129796e-06,0.00111373816,-0.0105723996,-0.48534762,355.1579849891
