Displacement,FX,FY,FZ,MX,MY,MZ,L,EA
0.2430686558748,-0.016173,0.0,0.0,0.0,0.0,0.0,24.30686558748,1.6173000000000002
