Displacement,FX,FY,FZ,MX,MY,MZ,L,EA
2.033475646505,-0.0027325,0.0,3.638e-12,0.0,0.0,0.0,203.34756465049998,0.27325
