Displacement,FX,FY,FZ,MX,MY,MZ,L
2.558510670317,0.00205696869,-1.22422998e-06,5.07757068e-06,0.000427118885,-0.0109602724,-0.491104199,255.8510670317
