Displacement,FX,FY,FZ,MX,MY,MZ,L
1.9277547449010002,0.00268947525,-2.33424061e-07,-2.36462802e-06,-4.25123044e-05,0.00900691072,-0.486585073,192.7754744901
