Displacement,FX,FY,FZ,MX,MY,MZ,L,EA
8.802767563309,-0.00066033,0.0,-5.5024e-11,0.0,0.0,0.0,880.2767563309001,0.066033
