Displacement,FX,FY,FZ,MX,MY,MZ,L,EA
3.076545557127,-0.0018421,0.0,1.819e-12,0.0,0.0,0.0,307.6545557127,0.18421
