Displacement,FX,FY,FZ,MX,MY,MZ,L,EA
1.0,5.941e-17,30.903,0.025595,0.0,0.0,0.0,109.5543465567,3385.5579716417
