Displacement,FX,FY,FZ,MX,MY,MZ,WARP,L,EI
2.0,1.8949,-8.7311e-11,-7.8236e-16,-6.2503e-14,1.1991e-14,0.0,112.5543465568,28145.040355402045
