Displacement,FX,FY,FZ,MX,MY,MZ,WARP,L,EI
2.0,2.1696,-2.1813e-07,-5.9813e-15,-1.6059e-13,5.1047e-14,0.0,112.29293490879999,32001.161200076574
