Displacement,FX,FY,FZ,MX,MY,MZ,L,EI
2.0,0.0,0.0,-2.5339,0.0,0.0,0.0,106.5543465567,31932.413825004696
