Displacement,FX,FY,FZ,MX,MY,MZ,WARP,L,EI
2.0,0.0,0.0,2.545,0.0,0.0,0.0,112.5543465568,37801.00675734772
