Displacement,FX,FY,FZ,MX,MY,MZ,L,EA
1.0,5.9732e-16,38.179,-2.7819e-15,0.0,0.0,0.0,112.5543465568,4297.212397192067
