Displacement,FX,FY,FZ,MX,MY,MZ,L,EA
1.0,9.5875e-17,18.546,-2.6439e-17,0.0,0.0,0.0,112.29293490879999,2082.5847708186047
