Displacement,FX,FY,FZ,MX,MY,MZ,L,EA
1.0,-7.1601e-16,-23.786,5.2867e-15,3.0621e-13,-3.195e-18,0.0,112.5543465568,2677.217687200045
