Displacement,FX,FY,FZ,MX,MY,MZ,L,EA
1.0,4.1009e-16,-17.024,2.7294e-15,4.1261e-13,-1.0795e-17,0.0,112.29293490879999,1911.674923887411
