Displacement,FX,FY,FZ,MX,MY,MZ,WARP,L,EI
2.0,0.0,-0.0044273,1.3149,0.0,0.0,0.0,112.29293490879999,19394.5090624911
