Displacement,FX,FY,FZ,MX,MY,MZ,L,EI
2.0,0.0,0.0,2.2084,0.0,0.0,0.0,106.5543465567,27830.43635942238
