Displacement,FX,FY,FZ,MX,MY,MZ,L,EA
1.0,1.8809e-15,-23.671,-0.013858,0.88291,0.0,0.0,109.5543465567,2593.2609373436458
